Hours Studied,Performance Index,Predicted,Residual
7,91.0,60.79061439533281,30.20938560466719
4,65.0,52.471425921416,12.528574078584
8,45.0,63.56367721997175,-18.56367721997175
5,36.0,55.24448874605494,-19.24448874605494
7,66.0,60.79061439533281,5.20938560466719
3,61.0,49.69836309677706,11.301636903222942
7,63.0,60.79061439533281,2.2093856046671903
8,42.0,63.56367721997175,-21.56367721997175
5,61.0,55.24448874605494,5.755511253945059
4,69.0,52.471425921416,16.528574078584
8,84.0,63.56367721997175,20.43632278002825
8,73.0,63.56367721997175,9.436322780028249
3,27.0,49.69836309677706,-22.698363096777058
6,33.0,58.017551570693875,-25.017551570693875
5,68.0,55.24448874605494,12.755511253945059
2,43.0,46.925300272138124,-3.9253002721381236
8,67.0,63.56367721997175,3.4363227800282488
6,70.0,58.017551570693875,11.982448429306125
2,30.0,46.925300272138124,-16.925300272138124
5,63.0,55.24448874605494,7.755511253945059
1,71.0,44.15223744749919,26.84776255250081
6,85.0,58.017551570693875,26.982448429306125
9,73.0,66.33674004461069,6.663259955389307
1,57.0,44.15223744749919,12.84776255250081
3,35.0,49.69836309677706,-14.698363096777058
7,49.0,60.79061439533281,-11.79061439533281
4,66.0,52.471425921416,13.528574078584
9,83.0,66.33674004461069,16.663259955389307
3,74.0,49.69836309677706,24.301636903222942
5,74.0,55.24448874605494,18.75551125394506
3,39.0,49.69836309677706,-10.698363096777058
7,36.0,60.79061439533281,-24.79061439533281
5,58.0,55.24448874605494,2.755511253945059
9,47.0,66.33674004461069,-19.336740044610693
7,60.0,60.79061439533281,-0.7906143953328097
2,74.0,46.925300272138124,27.074699727861876
4,42.0,52.471425921416,-10.471425921416
9,68.0,66.33674004461069,1.6632599553893073
2,32.0,46.925300272138124,-14.925300272138124
9,64.0,66.33674004461069,-2.3367400446106927
5,45.0,55.24448874605494,-10.244488746054941
2,39.0,46.925300272138124,-7.925300272138124
4,58.0,52.471425921416,5.5285740785840005
7,36.0,60.79061439533281,-24.79061439533281
8,71.0,63.56367721997175,7.436322780028249
3,54.0,49.69836309677706,4.301636903222942
1,17.0,44.15223744749919,-27.15223744749919
4,54.0,52.471425921416,1.5285740785840005
2,58.0,46.925300272138124,11.074699727861876
8,53.0,63.56367721997175,-10.563677219971751
4,27.0,52.471425921416,-25.471425921416
2,65.0,46.925300272138124,18.074699727861876
6,75.0,58.017551570693875,16.982448429306125
6,52.0,58.017551570693875,-6.017551570693875
4,78.0,52.471425921416,25.528574078584
6,91.0,58.017551570693875,32.982448429306125
2,33.0,46.925300272138124,-13.925300272138124
2,47.0,46.925300272138124,0.0746997278618764
4,78.0,52.471425921416,25.528574078584
8,38.0,63.56367721997175,-25.56367721997175
7,70.0,60.79061439533281,9.20938560466719
9,98.0,66.33674004461069,31.663259955389307
8,87.0,63.56367721997175,23.43632278002825
5,49.0,55.24448874605494,-6.244488746054941
2,41.0,46.925300272138124,-5.925300272138124
5,71.0,55.24448874605494,15.755511253945059
8,54.0,63.56367721997175,-9.563677219971751
9,42.0,66.33674004461069,-24.336740044610693
9,91.0,66.33674004461069,24.663259955389307
1,61.0,44.15223744749919,16.84776255250081
9,74.0,66.33674004461069,7.663259955389307
7,54.0,60.79061439533281,-6.79061439533281
9,81.0,66.33674004461069,14.663259955389307
8,52.0,63.56367721997175,-11.563677219971751
1,65.0,44.15223744749919,20.84776255250081
8,36.0,63.56367721997175,-27.56367721997175
8,61.0,63.56367721997175,-2.5636772199717512
3,35.0,49.69836309677706,-14.698363096777058
1,15.0,44.15223744749919,-29.15223744749919
8,88.0,63.56367721997175,24.43632278002825
3,45.0,49.69836309677706,-4.698363096777058
3,49.0,49.69836309677706,-0.698363096777058
1,33.0,44.15223744749919,-11.15223744749919
5,60.0,55.24448874605494,4.755511253945059
7,71.0,60.79061439533281,10.20938560466719
9,81.0,66.33674004461069,14.663259955389307
7,67.0,60.79061439533281,6.20938560466719
9,95.0,66.33674004461069,28.663259955389307
8,58.0,63.56367721997175,-5.563677219971751
2,29.0,46.925300272138124,-17.925300272138124
1,21.0,44.15223744749919,-23.15223744749919
7,38.0,60.79061439533281,-22.79061439533281
7,60.0,60.79061439533281,-0.7906143953328097
8,76.0,63.56367721997175,12.436322780028249
5,69.0,55.24448874605494,13.755511253945059
3,30.0,49.69836309677706,-19.698363096777058
8,57.0,63.56367721997175,-6.563677219971751
6,81.0,58.017551570693875,22.982448429306125
3,36.0,49.69836309677706,-13.698363096777058
1,25.0,44.15223744749919,-19.15223744749919
3,27.0,49.69836309677706,-22.698363096777058
5,61.0,55.24448874605494,5.755511253945059
3,34.0,49.69836309677706,-15.698363096777058
1,76.0,44.15223744749919,31.84776255250081
5,57.0,55.24448874605494,1.755511253945059
7,45.0,60.79061439533281,-15.79061439533281
7,76.0,60.79061439533281,15.20938560466719
9,83.0,66.33674004461069,16.663259955389307
3,50.0,49.69836309677706,0.301636903222942
7,81.0,60.79061439533281,20.20938560466719
1,66.0,44.15223744749919,21.84776255250081
4,38.0,52.471425921416,-14.471425921416
4,56.0,52.471425921416,3.5285740785840005
5,25.0,55.24448874605494,-30.24448874605494
7,56.0,60.79061439533281,-4.79061439533281
7,82.0,60.79061439533281,21.20938560466719
4,23.0,52.471425921416,-29.471425921416
7,56.0,60.79061439533281,-4.79061439533281
3,46.0,49.69836309677706,-3.698363096777058
6,43.0,58.017551570693875,-15.017551570693875
2,30.0,46.925300272138124,-16.925300272138124
9,92.0,66.33674004461069,25.663259955389307
5,45.0,55.24448874605494,-10.244488746054941
6,70.0,58.017551570693875,11.982448429306125
4,36.0,52.471425921416,-16.471425921416
7,71.0,60.79061439533281,10.20938560466719
9,49.0,66.33674004461069,-17.336740044610693
7,82.0,60.79061439533281,21.20938560466719
1,71.0,44.15223744749919,26.84776255250081
1,43.0,44.15223744749919,-1.1522374474991892
9,77.0,66.33674004461069,10.663259955389307
9,86.0,66.33674004461069,19.663259955389307
4,34.0,52.471425921416,-18.471425921416
9,49.0,66.33674004461069,-17.336740044610693
3,69.0,49.69836309677706,19.301636903222942
7,84.0,60.79061439533281,23.20938560466719
6,41.0,58.017551570693875,-17.017551570693875
8,68.0,63.56367721997175,4.436322780028249
9,44.0,66.33674004461069,-22.336740044610693
5,41.0,55.24448874605494,-14.244488746054941
1,58.0,44.15223744749919,13.84776255250081
3,68.0,49.69836309677706,18.301636903222942
8,94.0,63.56367721997175,30.43632278002825
6,47.0,58.017551570693875,-11.017551570693875
8,40.0,63.56367721997175,-23.56367721997175
9,100.0,66.33674004461069,33.66325995538931
4,23.0,52.471425921416,-29.471425921416
1,36.0,44.15223744749919,-8.15223744749919
1,47.0,44.15223744749919,2.847762552500811
4,60.0,52.471425921416,7.5285740785840005
7,83.0,60.79061439533281,22.20938560466719
2,33.0,46.925300272138124,-13.925300272138124
3,36.0,49.69836309677706,-13.698363096777058
1,74.0,44.15223744749919,29.84776255250081
5,42.0,55.24448874605494,-13.244488746054941
1,47.0,44.15223744749919,2.847762552500811
8,31.0,63.56367721997175,-32.56367721997175
1,26.0,44.15223744749919,-18.15223744749919
1,58.0,44.15223744749919,13.84776255250081
2,42.0,46.925300272138124,-4.925300272138124
2,18.0,46.925300272138124,-28.925300272138124
6,85.0,58.017551570693875,26.982448429306125
7,36.0,60.79061439533281,-24.79061439533281
5,58.0,55.24448874605494,2.755511253945059
1,45.0,44.15223744749919,0.8477625525008108
1,60.0,44.15223744749919,15.84776255250081
3,56.0,49.69836309677706,6.301636903222942
2,42.0,46.925300272138124,-4.925300272138124
5,33.0,55.24448874605494,-22.24448874605494
6,77.0,58.017551570693875,18.982448429306125
7,51.0,60.79061439533281,-9.79061439533281
4,72.0,52.471425921416,19.528574078584
7,57.0,60.79061439533281,-3.7906143953328097
8,53.0,63.56367721997175,-10.563677219971751
1,16.0,44.15223744749919,-28.15223744749919
6,45.0,58.017551570693875,-13.017551570693875
8,49.0,63.56367721997175,-14.563677219971751
5,67.0,55.24448874605494,11.755511253945059
4,49.0,52.471425921416,-3.4714259214159995
2,73.0,46.925300272138124,26.074699727861876
6,65.0,58.017551570693875,6.982448429306125
6,27.0,58.017551570693875,-31.017551570693875
1,72.0,44.15223744749919,27.84776255250081
9,74.0,66.33674004461069,7.663259955389307
6,38.0,58.017551570693875,-20.017551570693875
3,67.0,49.69836309677706,17.301636903222942
4,28.0,52.471425921416,-24.471425921416
4,73.0,52.471425921416,20.528574078584
3,72.0,49.69836309677706,22.301636903222942
3,42.0,49.69836309677706,-7.698363096777058
3,47.0,49.69836309677706,-2.698363096777058
4,77.0,52.471425921416,24.528574078584
7,49.0,60.79061439533281,-11.79061439533281
4,30.0,52.471425921416,-22.471425921416
9,54.0,66.33674004461069,-12.336740044610693
1,56.0,44.15223744749919,11.84776255250081
8,75.0,63.56367721997175,11.436322780028249
7,78.0,60.79061439533281,17.20938560466719
2,32.0,46.925300272138124,-14.925300272138124
8,89.0,63.56367721997175,25.43632278002825
1,29.0,44.15223744749919,-15.15223744749919
9,57.0,66.33674004461069,-9.336740044610693
9,48.0,66.33674004461069,-18.336740044610693
2,27.0,46.925300272138124,-19.925300272138124
7,38.0,60.79061439533281,-22.79061439533281
3,18.0,49.69836309677706,-31.698363096777058
7,66.0,60.79061439533281,5.20938560466719
9,65.0,66.33674004461069,-1.3367400446106927
4,27.0,52.471425921416,-25.471425921416
1,33.0,44.15223744749919,-11.15223744749919
2,37.0,46.925300272138124,-9.925300272138124
1,29.0,44.15223744749919,-15.15223744749919
5,26.0,55.24448874605494,-29.24448874605494
5,72.0,55.24448874605494,16.75551125394506
7,77.0,60.79061439533281,16.20938560466719
9,45.0,66.33674004461069,-21.336740044610693
9,41.0,66.33674004461069,-25.336740044610693
3,73.0,49.69836309677706,23.301636903222942
3,43.0,49.69836309677706,-6.698363096777058
3,39.0,49.69836309677706,-10.698363096777058
4,54.0,52.471425921416,1.5285740785840005
8,62.0,63.56367721997175,-1.5636772199717512
6,63.0,58.017551570693875,4.982448429306125
8,59.0,63.56367721997175,-4.563677219971751
1,46.0,44.15223744749919,1.8477625525008108
8,42.0,63.56367721997175,-21.56367721997175
4,30.0,52.471425921416,-22.471425921416
1,63.0,44.15223744749919,18.84776255250081
8,89.0,63.56367721997175,25.43632278002825
4,62.0,52.471425921416,9.528574078584
6,77.0,58.017551570693875,18.982448429306125
8,88.0,63.56367721997175,24.43632278002825
4,35.0,52.471425921416,-17.471425921416
3,60.0,49.69836309677706,10.301636903222942
9,92.0,66.33674004461069,25.663259955389307
3,38.0,49.69836309677706,-11.698363096777058
9,56.0,66.33674004461069,-10.336740044610693
2,70.0,46.925300272138124,23.074699727861876
2,35.0,46.925300272138124,-11.925300272138124
2,47.0,46.925300272138124,0.0746997278618764
6,66.0,58.017551570693875,7.982448429306125
3,43.0,49.69836309677706,-6.698363096777058
9,81.0,66.33674004461069,14.663259955389307
4,43.0,52.471425921416,-9.471425921416
1,46.0,44.15223744749919,1.8477625525008108
4,61.0,52.471425921416,8.528574078584
1,27.0,44.15223744749919,-17.15223744749919
5,77.0,55.24448874605494,21.75551125394506
4,43.0,52.471425921416,-9.471425921416
8,60.0,63.56367721997175,-3.5636772199717512
8,48.0,63.56367721997175,-15.563677219971751
7,47.0,60.79061439533281,-13.79061439533281
3,60.0,49.69836309677706,10.301636903222942
1,53.0,44.15223744749919,8.84776255250081
1,19.0,44.15223744749919,-25.15223744749919
3,23.0,49.69836309677706,-26.698363096777058
6,81.0,58.017551570693875,22.982448429306125
7,41.0,60.79061439533281,-19.79061439533281
6,71.0,58.017551570693875,12.982448429306125
6,75.0,58.017551570693875,16.982448429306125
6,89.0,58.017551570693875,30.982448429306125
3,28.0,49.69836309677706,-21.698363096777058
6,60.0,58.017551570693875,1.9824484293061246
8,54.0,63.56367721997175,-9.563677219971751
2,41.0,46.925300272138124,-5.925300272138124
5,52.0,55.24448874605494,-3.244488746054941
1,53.0,44.15223744749919,8.84776255250081
1,52.0,44.15223744749919,7.847762552500811
5,47.0,55.24448874605494,-8.244488746054941
3,71.0,49.69836309677706,21.301636903222942
4,42.0,52.471425921416,-10.471425921416
3,21.0,49.69836309677706,-28.698363096777058
1,48.0,44.15223744749919,3.847762552500811
1,64.0,44.15223744749919,19.84776255250081
5,38.0,55.24448874605494,-17.24448874605494
6,49.0,58.017551570693875,-9.017551570693875
3,35.0,49.69836309677706,-14.698363096777058
9,73.0,66.33674004461069,6.663259955389307
5,81.0,55.24448874605494,25.75551125394506
8,47.0,63.56367721997175,-16.56367721997175
1,36.0,44.15223744749919,-8.15223744749919
5,63.0,55.24448874605494,7.755511253945059
3,52.0,49.69836309677706,2.301636903222942
1,58.0,44.15223744749919,13.84776255250081
4,77.0,52.471425921416,24.528574078584
5,58.0,55.24448874605494,2.755511253945059
7,33.0,60.79061439533281,-27.79061439533281
1,67.0,44.15223744749919,22.84776255250081
3,76.0,49.69836309677706,26.301636903222942
2,62.0,46.925300272138124,15.074699727861876
9,37.0,66.33674004461069,-29.336740044610693
6,86.0,58.017551570693875,27.982448429306125
3,37.0,49.69836309677706,-12.698363096777058
8,88.0,63.56367721997175,24.43632278002825
8,38.0,63.56367721997175,-25.56367721997175
2,76.0,46.925300272138124,29.074699727861876
6,57.0,58.017551570693875,-1.0175515706938754
7,82.0,60.79061439533281,21.20938560466719
2,35.0,46.925300272138124,-11.925300272138124
2,41.0,46.925300272138124,-5.925300272138124
1,75.0,44.15223744749919,30.84776255250081
8,51.0,63.56367721997175,-12.563677219971751
1,34.0,44.15223744749919,-10.15223744749919
9,92.0,66.33674004461069,25.663259955389307
6,39.0,58.017551570693875,-19.017551570693875
7,56.0,60.79061439533281,-4.79061439533281
7,69.0,60.79061439533281,8.20938560466719
3,69.0,49.69836309677706,19.301636903222942
2,40.0,46.925300272138124,-6.925300272138124
9,63.0,66.33674004461069,-3.3367400446106927
8,86.0,63.56367721997175,22.43632278002825
7,89.0,60.79061439533281,28.20938560466719
9,94.0,66.33674004461069,27.663259955389307
4,79.0,52.471425921416,26.528574078584
4,44.0,52.471425921416,-8.471425921416
1,33.0,44.15223744749919,-11.15223744749919
8,36.0,63.56367721997175,-27.56367721997175
3,50.0,49.69836309677706,0.301636903222942
7,94.0,60.79061439533281,33.20938560466719
2,22.0,46.925300272138124,-24.925300272138124
2,44.0,46.925300272138124,-2.9253002721381236
7,60.0,60.79061439533281,-0.7906143953328097
6,64.0,58.017551570693875,5.982448429306125
3,58.0,49.69836309677706,8.301636903222942
9,78.0,66.33674004461069,11.663259955389307
6,51.0,58.017551570693875,-7.017551570693875
6,30.0,58.017551570693875,-28.017551570693875
1,29.0,44.15223744749919,-15.15223744749919
4,22.0,52.471425921416,-30.471425921416
6,51.0,58.017551570693875,-7.017551570693875
6,45.0,58.017551570693875,-13.017551570693875
5,70.0,55.24448874605494,14.755511253945059
1,10.0,44.15223744749919,-34.15223744749919
8,38.0,63.56367721997175,-25.56367721997175
5,30.0,55.24448874605494,-25.24448874605494
5,82.0,55.24448874605494,26.75551125394506
7,74.0,60.79061439533281,13.20938560466719
4,87.0,52.471425921416,34.528574078584
6,77.0,58.017551570693875,18.982448429306125
4,72.0,52.471425921416,19.528574078584
3,51.0,49.69836309677706,1.301636903222942
7,40.0,60.79061439533281,-20.79061439533281
8,72.0,63.56367721997175,8.436322780028249
4,68.0,52.471425921416,15.528574078584
2,22.0,46.925300272138124,-24.925300272138124
3,67.0,49.69836309677706,17.301636903222942
1,18.0,44.15223744749919,-26.15223744749919
8,64.0,63.56367721997175,0.43632278002824876
3,66.0,49.69836309677706,16.301636903222942
7,50.0,60.79061439533281,-10.79061439533281
5,68.0,55.24448874605494,12.755511253945059
5,44.0,55.24448874605494,-11.244488746054941
7,90.0,60.79061439533281,29.20938560466719
9,41.0,66.33674004461069,-25.336740044610693
5,83.0,55.24448874605494,27.75551125394506
1,57.0,44.15223744749919,12.84776255250081
1,64.0,44.15223744749919,19.84776255250081
2,18.0,46.925300272138124,-28.925300272138124
6,62.0,58.017551570693875,3.9824484293061246
9,66.0,66.33674004461069,-0.33674004461069273
8,85.0,63.56367721997175,21.43632278002825
5,62.0,55.24448874605494,6.755511253945059
1,62.0,44.15223744749919,17.84776255250081
7,62.0,60.79061439533281,1.2093856046671903
5,26.0,55.24448874605494,-29.24448874605494
6,66.0,58.017551570693875,7.982448429306125
7,43.0,60.79061439533281,-17.79061439533281
3,30.0,49.69836309677706,-19.698363096777058
3,25.0,49.69836309677706,-24.698363096777058
5,77.0,55.24448874605494,21.75551125394506
6,88.0,58.017551570693875,29.982448429306125
9,62.0,66.33674004461069,-4.336740044610693
5,82.0,55.24448874605494,26.75551125394506
1,73.0,44.15223744749919,28.84776255250081
4,44.0,52.471425921416,-8.471425921416
5,40.0,55.24448874605494,-15.244488746054941
5,39.0,55.24448874605494,-16.24448874605494
7,34.0,60.79061439533281,-26.79061439533281
4,27.0,52.471425921416,-25.471425921416
1,73.0,44.15223744749919,28.84776255250081
5,46.0,55.24448874605494,-9.244488746054941
7,78.0,60.79061439533281,17.20938560466719
6,80.0,58.017551570693875,21.982448429306125
5,33.0,55.24448874605494,-22.24448874605494
4,68.0,52.471425921416,15.528574078584
2,45.0,46.925300272138124,-1.9253002721381236
4,56.0,52.471425921416,3.5285740785840005
3,58.0,49.69836309677706,8.301636903222942
1,37.0,44.15223744749919,-7.152237447499189
8,88.0,63.56367721997175,24.43632278002825
5,75.0,55.24448874605494,19.75551125394506
4,70.0,52.471425921416,17.528574078584
8,62.0,63.56367721997175,-1.5636772199717512
7,57.0,60.79061439533281,-3.7906143953328097
2,32.0,46.925300272138124,-14.925300272138124
1,53.0,44.15223744749919,8.84776255250081
4,82.0,52.471425921416,29.528574078584
8,41.0,63.56367721997175,-22.56367721997175
2,75.0,46.925300272138124,28.074699727861876
3,63.0,49.69836309677706,13.301636903222942
1,17.0,44.15223744749919,-27.15223744749919
1,24.0,44.15223744749919,-20.15223744749919
3,69.0,49.69836309677706,19.301636903222942
5,47.0,55.24448874605494,-8.244488746054941
3,43.0,49.69836309677706,-6.698363096777058
1,48.0,44.15223744749919,3.847762552500811
1,17.0,44.15223744749919,-27.15223744749919
8,75.0,63.56367721997175,11.436322780028249
2,54.0,46.925300272138124,7.074699727861876
3,59.0,49.69836309677706,9.301636903222942
2,56.0,46.925300272138124,9.074699727861876
3,20.0,49.69836309677706,-29.698363096777058
7,34.0,60.79061439533281,-26.79061439533281
1,54.0,44.15223744749919,9.84776255250081
8,83.0,63.56367721997175,19.43632278002825
2,59.0,46.925300272138124,12.074699727861876
3,63.0,49.69836309677706,13.301636903222942
9,72.0,66.33674004461069,5.663259955389307
7,70.0,60.79061439533281,9.20938560466719
4,41.0,52.471425921416,-11.471425921416
5,54.0,55.24448874605494,-1.244488746054941
2,21.0,46.925300272138124,-25.925300272138124
8,83.0,63.56367721997175,19.43632278002825
4,64.0,52.471425921416,11.528574078584
9,51.0,66.33674004461069,-15.336740044610693
5,66.0,55.24448874605494,10.755511253945059
9,83.0,66.33674004461069,16.663259955389307
4,26.0,52.471425921416,-26.471425921416
5,49.0,55.24448874605494,-6.244488746054941
9,85.0,66.33674004461069,18.663259955389307
8,95.0,63.56367721997175,31.43632278002825
3,56.0,49.69836309677706,6.301636903222942
1,50.0,44.15223744749919,5.847762552500811
3,23.0,49.69836309677706,-26.698363096777058
4,26.0,52.471425921416,-26.471425921416
2,30.0,46.925300272138124,-16.925300272138124
1,28.0,44.15223744749919,-16.15223744749919
7,48.0,60.79061439533281,-12.79061439533281
8,46.0,63.56367721997175,-17.56367721997175
7,73.0,60.79061439533281,12.20938560466719
5,45.0,55.24448874605494,-10.244488746054941
1,76.0,44.15223744749919,31.84776255250081
7,71.0,60.79061439533281,10.20938560466719
7,60.0,60.79061439533281,-0.7906143953328097
9,77.0,66.33674004461069,10.663259955389307
3,36.0,49.69836309677706,-13.698363096777058
9,96.0,66.33674004461069,29.663259955389307
1,62.0,44.15223744749919,17.84776255250081
1,22.0,44.15223744749919,-22.15223744749919
4,21.0,52.471425921416,-31.471425921416
9,79.0,66.33674004461069,12.663259955389307
6,82.0,58.017551570693875,23.982448429306125
3,55.0,49.69836309677706,5.301636903222942
1,22.0,44.15223744749919,-22.15223744749919
4,70.0,52.471425921416,17.528574078584
9,37.0,66.33674004461069,-29.336740044610693
3,42.0,49.69836309677706,-7.698363096777058
9,64.0,66.33674004461069,-2.3367400446106927
7,72.0,60.79061439533281,11.20938560466719
4,42.0,52.471425921416,-10.471425921416
3,56.0,49.69836309677706,6.301636903222942
5,43.0,55.24448874605494,-12.244488746054941
5,24.0,55.24448874605494,-31.24448874605494
3,55.0,49.69836309677706,5.301636903222942
9,64.0,66.33674004461069,-2.3367400446106927
4,34.0,52.471425921416,-18.471425921416
5,78.0,55.24448874605494,22.75551125394506
4,71.0,52.471425921416,18.528574078584
5,33.0,55.24448874605494,-22.24448874605494
7,46.0,60.79061439533281,-14.79061439533281
9,86.0,66.33674004461069,19.663259955389307
7,34.0,60.79061439533281,-26.79061439533281
5,26.0,55.24448874605494,-29.24448874605494
7,44.0,60.79061439533281,-16.79061439533281
5,53.0,55.24448874605494,-2.244488746054941
3,61.0,49.69836309677706,11.301636903222942
7,84.0,60.79061439533281,23.20938560466719
2,40.0,46.925300272138124,-6.925300272138124
9,53.0,66.33674004461069,-13.336740044610693
1,67.0,44.15223744749919,22.84776255250081
6,58.0,58.017551570693875,-0.017551570693875362
7,41.0,60.79061439533281,-19.79061439533281
8,89.0,63.56367721997175,25.43632278002825
9,85.0,66.33674004461069,18.663259955389307
2,33.0,46.925300272138124,-13.925300272138124
2,20.0,46.925300272138124,-26.925300272138124
5,66.0,55.24448874605494,10.755511253945059
5,38.0,55.24448874605494,-17.24448874605494
6,25.0,58.017551570693875,-33.017551570693875
3,43.0,49.69836309677706,-6.698363096777058
8,79.0,63.56367721997175,15.436322780028249
1,16.0,44.15223744749919,-28.15223744749919
6,67.0,58.017551570693875,8.982448429306125
4,80.0,52.471425921416,27.528574078584
1,26.0,44.15223744749919,-18.15223744749919
7,57.0,60.79061439533281,-3.7906143953328097
9,91.0,66.33674004461069,24.663259955389307
4,29.0,52.471425921416,-23.471425921416
4,48.0,52.471425921416,-4.4714259214159995
6,84.0,58.017551570693875,25.982448429306125
3,33.0,49.69836309677706,-16.698363096777058
6,82.0,58.017551570693875,23.982448429306125
7,81.0,60.79061439533281,20.20938560466719
3,24.0,49.69836309677706,-25.698363096777058
7,81.0,60.79061439533281,20.20938560466719
3,54.0,49.69836309677706,4.301636903222942
2,25.0,46.925300272138124,-21.925300272138124
4,53.0,52.471425921416,0.5285740785840005
8,48.0,63.56367721997175,-15.563677219971751
9,40.0,66.33674004461069,-26.336740044610693
7,66.0,60.79061439533281,5.20938560466719
1,29.0,44.15223744749919,-15.15223744749919
3,73.0,49.69836309677706,23.301636903222942
9,89.0,66.33674004461069,22.663259955389307
1,27.0,44.15223744749919,-17.15223744749919
9,40.0,66.33674004461069,-26.336740044610693
8,83.0,63.56367721997175,19.43632278002825
1,69.0,44.15223744749919,24.84776255250081
6,72.0,58.017551570693875,13.982448429306125
5,77.0,55.24448874605494,21.75551125394506
6,32.0,58.017551570693875,-26.017551570693875
5,49.0,55.24448874605494,-6.244488746054941
6,44.0,58.017551570693875,-14.017551570693875
5,57.0,55.24448874605494,1.755511253945059
5,34.0,55.24448874605494,-21.24448874605494
4,76.0,52.471425921416,23.528574078584
3,22.0,49.69836309677706,-27.698363096777058
3,30.0,49.69836309677706,-19.698363096777058
4,67.0,52.471425921416,14.528574078584
9,71.0,66.33674004461069,4.663259955389307
2,29.0,46.925300272138124,-17.925300272138124
9,74.0,66.33674004461069,7.663259955389307
1,67.0,44.15223744749919,22.84776255250081
1,46.0,44.15223744749919,1.8477625525008108
5,34.0,55.24448874605494,-21.24448874605494
6,76.0,58.017551570693875,17.982448429306125
6,64.0,58.017551570693875,5.982448429306125
3,46.0,49.69836309677706,-3.698363096777058
7,68.0,60.79061439533281,7.20938560466719
9,58.0,66.33674004461069,-8.336740044610693
8,41.0,63.56367721997175,-22.56367721997175
6,64.0,58.017551570693875,5.982448429306125
8,84.0,63.56367721997175,20.43632278002825
5,70.0,55.24448874605494,14.755511253945059
8,77.0,63.56367721997175,13.436322780028249
4,60.0,52.471425921416,7.5285740785840005
8,65.0,63.56367721997175,1.4363227800282488
2,21.0,46.925300272138124,-25.925300272138124
5,60.0,55.24448874605494,4.755511253945059
9,48.0,66.33674004461069,-18.336740044610693
4,77.0,52.471425921416,24.528574078584
6,63.0,58.017551570693875,4.982448429306125
1,68.0,44.15223744749919,23.84776255250081
9,81.0,66.33674004461069,14.663259955389307
1,29.0,44.15223744749919,-15.15223744749919
5,66.0,55.24448874605494,10.755511253945059
4,36.0,52.471425921416,-16.471425921416
3,29.0,49.69836309677706,-20.698363096777058
6,32.0,58.017551570693875,-26.017551570693875
2,31.0,46.925300272138124,-15.925300272138124
3,45.0,49.69836309677706,-4.698363096777058
5,65.0,55.24448874605494,9.755511253945059
9,57.0,66.33674004461069,-9.336740044610693
2,58.0,46.925300272138124,11.074699727861876
8,38.0,63.56367721997175,-25.56367721997175
2,22.0,46.925300272138124,-24.925300272138124
5,48.0,55.24448874605494,-7.244488746054941
7,59.0,60.79061439533281,-1.7906143953328097
8,58.0,63.56367721997175,-5.563677219971751
1,62.0,44.15223744749919,17.84776255250081
6,30.0,58.017551570693875,-28.017551570693875
1,56.0,44.15223744749919,11.84776255250081
2,40.0,46.925300272138124,-6.925300272138124
1,59.0,44.15223744749919,14.84776255250081
5,65.0,55.24448874605494,9.755511253945059
9,43.0,66.33674004461069,-23.336740044610693
6,48.0,58.017551570693875,-10.017551570693875
1,24.0,44.15223744749919,-20.15223744749919
1,51.0,44.15223744749919,6.847762552500811
2,81.0,46.925300272138124,34.074699727861876
9,62.0,66.33674004461069,-4.336740044610693
3,43.0,49.69836309677706,-6.698363096777058
1,63.0,44.15223744749919,18.84776255250081
5,73.0,55.24448874605494,17.75551125394506
7,76.0,60.79061439533281,15.20938560466719
6,43.0,58.017551570693875,-15.017551570693875
1,34.0,44.15223744749919,-10.15223744749919
5,57.0,55.24448874605494,1.755511253945059
5,72.0,55.24448874605494,16.75551125394506
6,47.0,58.017551570693875,-11.017551570693875
3,52.0,49.69836309677706,2.301636903222942
5,49.0,55.24448874605494,-6.244488746054941
7,77.0,60.79061439533281,16.20938560466719
5,41.0,55.24448874605494,-14.244488746054941
5,56.0,55.24448874605494,0.755511253945059
5,89.0,55.24448874605494,33.75551125394506
3,65.0,49.69836309677706,15.301636903222942
1,49.0,44.15223744749919,4.847762552500811
5,48.0,55.24448874605494,-7.244488746054941
9,47.0,66.33674004461069,-19.336740044610693
1,37.0,44.15223744749919,-7.152237447499189
3,48.0,49.69836309677706,-1.698363096777058
4,61.0,52.471425921416,8.528574078584
1,77.0,44.15223744749919,32.84776255250081
1,75.0,44.15223744749919,30.84776255250081
8,57.0,63.56367721997175,-6.563677219971751
2,45.0,46.925300272138124,-1.9253002721381236
8,82.0,63.56367721997175,18.43632278002825
7,90.0,60.79061439533281,29.20938560466719
2,42.0,46.925300272138124,-4.925300272138124
6,74.0,58.017551570693875,15.982448429306125
6,60.0,58.017551570693875,1.9824484293061246
3,73.0,49.69836309677706,23.301636903222942
2,40.0,46.925300272138124,-6.925300272138124
1,32.0,44.15223744749919,-12.15223744749919
6,67.0,58.017551570693875,8.982448429306125
5,46.0,55.24448874605494,-9.244488746054941
9,65.0,66.33674004461069,-1.3367400446106927
1,42.0,44.15223744749919,-2.152237447499189
7,69.0,60.79061439533281,8.20938560466719
5,62.0,55.24448874605494,6.755511253945059
5,75.0,55.24448874605494,19.75551125394506
2,40.0,46.925300272138124,-6.925300272138124
3,43.0,49.69836309677706,-6.698363096777058
7,42.0,60.79061439533281,-18.79061439533281
6,84.0,58.017551570693875,25.982448429306125
2,15.0,46.925300272138124,-31.925300272138124
6,39.0,58.017551570693875,-19.017551570693875
2,26.0,46.925300272138124,-20.925300272138124
2,73.0,46.925300272138124,26.074699727861876
2,34.0,46.925300272138124,-12.925300272138124
3,34.0,49.69836309677706,-15.698363096777058
2,37.0,46.925300272138124,-9.925300272138124
4,34.0,52.471425921416,-18.471425921416
9,85.0,66.33674004461069,18.663259955389307
6,31.0,58.017551570693875,-27.017551570693875
1,18.0,44.15223744749919,-26.15223744749919
8,92.0,63.56367721997175,28.43632278002825
7,44.0,60.79061439533281,-16.79061439533281
3,72.0,49.69836309677706,22.301636903222942
1,40.0,44.15223744749919,-4.152237447499189
5,31.0,55.24448874605494,-24.24448874605494
4,25.0,52.471425921416,-27.471425921416
8,44.0,63.56367721997175,-19.56367721997175
1,27.0,44.15223744749919,-17.15223744749919
1,66.0,44.15223744749919,21.84776255250081
4,34.0,52.471425921416,-18.471425921416
8,70.0,63.56367721997175,6.436322780028249
5,81.0,55.24448874605494,25.75551125394506
2,56.0,46.925300272138124,9.074699727861876
6,30.0,58.017551570693875,-28.017551570693875
5,60.0,55.24448874605494,4.755511253945059
2,64.0,46.925300272138124,17.074699727861876
3,74.0,49.69836309677706,24.301636903222942
9,52.0,66.33674004461069,-14.336740044610693
7,84.0,60.79061439533281,23.20938560466719
7,66.0,60.79061439533281,5.20938560466719
6,32.0,58.017551570693875,-26.017551570693875
8,47.0,63.56367721997175,-16.56367721997175
4,51.0,52.471425921416,-1.4714259214159995
8,67.0,63.56367721997175,3.4363227800282488
4,57.0,52.471425921416,4.5285740785840005
8,71.0,63.56367721997175,7.436322780028249
9,86.0,66.33674004461069,19.663259955389307
3,77.0,49.69836309677706,27.301636903222942
3,72.0,49.69836309677706,22.301636903222942
2,24.0,46.925300272138124,-22.925300272138124
3,60.0,49.69836309677706,10.301636903222942
3,55.0,49.69836309677706,5.301636903222942
5,54.0,55.24448874605494,-1.244488746054941
5,39.0,55.24448874605494,-16.24448874605494
2,19.0,46.925300272138124,-27.925300272138124
6,68.0,58.017551570693875,9.982448429306125
5,83.0,55.24448874605494,27.75551125394506
6,72.0,58.017551570693875,13.982448429306125
1,49.0,44.15223744749919,4.847762552500811
5,74.0,55.24448874605494,18.75551125394506
9,86.0,66.33674004461069,19.663259955389307
2,26.0,46.925300272138124,-20.925300272138124
1,60.0,44.15223744749919,15.84776255250081
9,54.0,66.33674004461069,-12.336740044610693
9,73.0,66.33674004461069,6.663259955389307
9,61.0,66.33674004461069,-5.336740044610693
6,45.0,58.017551570693875,-13.017551570693875
8,57.0,63.56367721997175,-6.563677219971751
1,68.0,44.15223744749919,23.84776255250081
4,72.0,52.471425921416,19.528574078584
1,17.0,44.15223744749919,-27.15223744749919
8,37.0,63.56367721997175,-26.56367721997175
1,54.0,44.15223744749919,9.84776255250081
3,22.0,49.69836309677706,-27.698363096777058
4,73.0,52.471425921416,20.528574078584
8,47.0,63.56367721997175,-16.56367721997175
6,63.0,58.017551570693875,4.982448429306125
7,63.0,60.79061439533281,2.2093856046671903
8,68.0,63.56367721997175,4.436322780028249
2,52.0,46.925300272138124,5.074699727861876
8,64.0,63.56367721997175,0.43632278002824876
3,38.0,49.69836309677706,-11.698363096777058
7,60.0,60.79061439533281,-0.7906143953328097
3,45.0,49.69836309677706,-4.698363096777058
7,39.0,60.79061439533281,-21.79061439533281
2,75.0,46.925300272138124,28.074699727861876
6,67.0,58.017551570693875,8.982448429306125
3,48.0,49.69836309677706,-1.698363096777058
3,44.0,49.69836309677706,-5.698363096777058
9,37.0,66.33674004461069,-29.336740044610693
7,41.0,60.79061439533281,-19.79061439533281
5,47.0,55.24448874605494,-8.244488746054941
7,45.0,60.79061439533281,-15.79061439533281
9,43.0,66.33674004461069,-23.336740044610693
1,54.0,44.15223744749919,9.84776255250081
7,32.0,60.79061439533281,-28.79061439533281
6,64.0,58.017551570693875,5.982448429306125
9,74.0,66.33674004461069,7.663259955389307
1,50.0,44.15223744749919,5.847762552500811
4,33.0,52.471425921416,-19.471425921416
9,36.0,66.33674004461069,-30.336740044610693
4,45.0,52.471425921416,-7.4714259214159995
3,58.0,49.69836309677706,8.301636903222942
9,85.0,66.33674004461069,18.663259955389307
2,41.0,46.925300272138124,-5.925300272138124
4,78.0,52.471425921416,25.528574078584
6,63.0,58.017551570693875,4.982448429306125
2,76.0,46.925300272138124,29.074699727861876
8,51.0,63.56367721997175,-12.563677219971751
8,36.0,63.56367721997175,-27.56367721997175
1,74.0,44.15223744749919,29.84776255250081
3,65.0,49.69836309677706,15.301636903222942
9,65.0,66.33674004461069,-1.3367400446106927
5,79.0,55.24448874605494,23.75551125394506
6,46.0,58.017551570693875,-12.017551570693875
4,47.0,52.471425921416,-5.4714259214159995
2,42.0,46.925300272138124,-4.925300272138124
8,46.0,63.56367721997175,-17.56367721997175
6,34.0,58.017551570693875,-24.017551570693875
5,27.0,55.24448874605494,-28.24448874605494
9,52.0,66.33674004461069,-14.336740044610693
1,17.0,44.15223744749919,-27.15223744749919
5,53.0,55.24448874605494,-2.244488746054941
6,84.0,58.017551570693875,25.982448429306125
5,39.0,55.24448874605494,-16.24448874605494
6,44.0,58.017551570693875,-14.017551570693875
6,36.0,58.017551570693875,-22.017551570693875
7,81.0,60.79061439533281,20.20938560466719
4,30.0,52.471425921416,-22.471425921416
8,80.0,63.56367721997175,16.43632278002825
7,41.0,60.79061439533281,-19.79061439533281
9,77.0,66.33674004461069,10.663259955389307
7,69.0,60.79061439533281,8.20938560466719
3,34.0,49.69836309677706,-15.698363096777058
3,64.0,49.69836309677706,14.301636903222942
8,78.0,63.56367721997175,14.436322780028249
5,74.0,55.24448874605494,18.75551125394506
4,52.0,52.471425921416,-0.4714259214159995
8,76.0,63.56367721997175,12.436322780028249
6,53.0,58.017551570693875,-5.017551570693875
2,46.0,46.925300272138124,-0.9253002721381236
4,77.0,52.471425921416,24.528574078584
4,59.0,52.471425921416,6.5285740785840005
6,35.0,58.017551570693875,-23.017551570693875
6,61.0,58.017551570693875,2.9824484293061246
1,46.0,44.15223744749919,1.8477625525008108
8,97.0,63.56367721997175,33.43632278002825
6,86.0,58.017551570693875,27.982448429306125
3,24.0,49.69836309677706,-25.698363096777058
9,37.0,66.33674004461069,-29.336740044610693
2,18.0,46.925300272138124,-28.925300272138124
8,84.0,63.56367721997175,20.43632278002825
3,59.0,49.69836309677706,9.301636903222942
5,29.0,55.24448874605494,-26.24448874605494
6,84.0,58.017551570693875,25.982448429306125
6,60.0,58.017551570693875,1.9824484293061246
4,78.0,52.471425921416,25.528574078584
3,46.0,49.69836309677706,-3.698363096777058
4,31.0,52.471425921416,-21.471425921416
1,68.0,44.15223744749919,23.84776255250081
4,25.0,52.471425921416,-27.471425921416
1,37.0,44.15223744749919,-7.152237447499189
1,62.0,44.15223744749919,17.84776255250081
6,69.0,58.017551570693875,10.982448429306125
5,50.0,55.24448874605494,-5.244488746054941
4,55.0,52.471425921416,2.5285740785840005
3,54.0,49.69836309677706,4.301636903222942
1,12.0,44.15223744749919,-32.15223744749919
6,88.0,58.017551570693875,29.982448429306125
2,69.0,46.925300272138124,22.074699727861876
8,88.0,63.56367721997175,24.43632278002825
5,41.0,55.24448874605494,-14.244488746054941
7,83.0,60.79061439533281,22.20938560466719
2,62.0,46.925300272138124,15.074699727861876
8,45.0,63.56367721997175,-18.56367721997175
2,42.0,46.925300272138124,-4.925300272138124
4,65.0,52.471425921416,12.528574078584
1,73.0,44.15223744749919,28.84776255250081
5,23.0,55.24448874605494,-32.24448874605494
9,61.0,66.33674004461069,-5.336740044610693
1,41.0,44.15223744749919,-3.152237447499189
9,85.0,66.33674004461069,18.663259955389307
8,93.0,63.56367721997175,29.43632278002825
6,35.0,58.017551570693875,-23.017551570693875
7,92.0,60.79061439533281,31.20938560466719
3,79.0,49.69836309677706,29.301636903222942
1,57.0,44.15223744749919,12.84776255250081
5,49.0,55.24448874605494,-6.244488746054941
2,28.0,46.925300272138124,-18.925300272138124
5,85.0,55.24448874605494,29.75551125394506
8,82.0,63.56367721997175,18.43632278002825
9,80.0,66.33674004461069,13.663259955389307
2,41.0,46.925300272138124,-5.925300272138124
3,57.0,49.69836309677706,7.301636903222942
3,41.0,49.69836309677706,-8.698363096777058
1,43.0,44.15223744749919,-1.1522374474991892
8,73.0,63.56367721997175,9.436322780028249
6,46.0,58.017551570693875,-12.017551570693875
8,61.0,63.56367721997175,-2.5636772199717512
9,61.0,66.33674004461069,-5.336740044610693
5,87.0,55.24448874605494,31.75551125394506
3,78.0,49.69836309677706,28.301636903222942
5,43.0,55.24448874605494,-12.244488746054941
5,75.0,55.24448874605494,19.75551125394506
5,72.0,55.24448874605494,16.75551125394506
3,18.0,49.69836309677706,-31.698363096777058
4,36.0,52.471425921416,-16.471425921416
9,92.0,66.33674004461069,25.663259955389307
9,71.0,66.33674004461069,4.663259955389307
2,58.0,46.925300272138124,11.074699727861876
8,69.0,63.56367721997175,5.436322780028249
8,58.0,63.56367721997175,-5.563677219971751
7,74.0,60.79061439533281,13.20938560466719
8,72.0,63.56367721997175,8.436322780028249
3,61.0,49.69836309677706,11.301636903222942
6,74.0,58.017551570693875,15.982448429306125
1,60.0,44.15223744749919,15.84776255250081
7,70.0,60.79061439533281,9.20938560466719
1,27.0,44.15223744749919,-17.15223744749919
9,49.0,66.33674004461069,-17.336740044610693
1,17.0,44.15223744749919,-27.15223744749919
1,34.0,44.15223744749919,-10.15223744749919
7,51.0,60.79061439533281,-9.79061439533281
2,27.0,46.925300272138124,-19.925300272138124
5,67.0,55.24448874605494,11.755511253945059
8,84.0,63.56367721997175,20.43632278002825
8,81.0,63.56367721997175,17.43632278002825
3,45.0,49.69836309677706,-4.698363096777058
7,50.0,60.79061439533281,-10.79061439533281
3,67.0,49.69836309677706,17.301636903222942
6,67.0,58.017551570693875,8.982448429306125
6,77.0,58.017551570693875,18.982448429306125
3,70.0,49.69836309677706,20.301636903222942
7,59.0,60.79061439533281,-1.7906143953328097
3,27.0,49.69836309677706,-22.698363096777058
8,88.0,63.56367721997175,24.43632278002825
4,60.0,52.471425921416,7.5285740785840005
1,14.0,44.15223744749919,-30.15223744749919
4,27.0,52.471425921416,-25.471425921416
7,54.0,60.79061439533281,-6.79061439533281
4,32.0,52.471425921416,-20.471425921416
6,79.0,58.017551570693875,20.982448429306125
9,44.0,66.33674004461069,-22.336740044610693
1,20.0,44.15223744749919,-24.15223744749919
5,42.0,55.24448874605494,-13.244488746054941
7,33.0,60.79061439533281,-27.79061439533281
1,58.0,44.15223744749919,13.84776255250081
4,31.0,52.471425921416,-21.471425921416
6,75.0,58.017551570693875,16.982448429306125
2,22.0,46.925300272138124,-24.925300272138124
5,46.0,55.24448874605494,-9.244488746054941
1,68.0,44.15223744749919,23.84776255250081
6,66.0,58.017551570693875,7.982448429306125
6,60.0,58.017551570693875,1.9824484293061246
4,44.0,52.471425921416,-8.471425921416
8,90.0,63.56367721997175,26.43632278002825
4,47.0,52.471425921416,-5.4714259214159995
8,88.0,63.56367721997175,24.43632278002825
8,56.0,63.56367721997175,-7.563677219971751
5,66.0,55.24448874605494,10.755511253945059
4,78.0,52.471425921416,25.528574078584
2,43.0,46.925300272138124,-3.9253002721381236
3,72.0,49.69836309677706,22.301636903222942
3,69.0,49.69836309677706,19.301636903222942
4,24.0,52.471425921416,-28.471425921416
4,47.0,52.471425921416,-5.4714259214159995
5,45.0,55.24448874605494,-10.244488746054941
4,72.0,52.471425921416,19.528574078584
8,51.0,63.56367721997175,-12.563677219971751
6,73.0,58.017551570693875,14.982448429306125
6,28.0,58.017551570693875,-30.017551570693875
8,56.0,63.56367721997175,-7.563677219971751
7,29.0,60.79061439533281,-31.79061439533281
8,60.0,63.56367721997175,-3.5636772199717512
2,28.0,46.925300272138124,-18.925300272138124
9,66.0,66.33674004461069,-0.33674004461069273
1,21.0,44.15223744749919,-23.15223744749919
8,84.0,63.56367721997175,20.43632278002825
4,42.0,52.471425921416,-10.471425921416
4,51.0,52.471425921416,-1.4714259214159995
5,74.0,55.24448874605494,18.75551125394506
8,50.0,63.56367721997175,-13.563677219971751
5,62.0,55.24448874605494,6.755511253945059
8,90.0,63.56367721997175,26.43632278002825
1,32.0,44.15223744749919,-12.15223744749919
9,71.0,66.33674004461069,4.663259955389307
6,37.0,58.017551570693875,-21.017551570693875
3,42.0,49.69836309677706,-7.698363096777058
8,85.0,63.56367721997175,21.43632278002825
9,96.0,66.33674004461069,29.663259955389307
6,51.0,58.017551570693875,-7.017551570693875
7,82.0,60.79061439533281,21.20938560466719
1,64.0,44.15223744749919,19.84776255250081
5,67.0,55.24448874605494,11.755511253945059
5,32.0,55.24448874605494,-23.24448874605494
4,50.0,52.471425921416,-2.4714259214159995
6,73.0,58.017551570693875,14.982448429306125
7,62.0,60.79061439533281,1.2093856046671903
9,48.0,66.33674004461069,-18.336740044610693
1,20.0,44.15223744749919,-24.15223744749919
6,33.0,58.017551570693875,-25.017551570693875
7,43.0,60.79061439533281,-17.79061439533281
3,49.0,49.69836309677706,-0.698363096777058
8,70.0,63.56367721997175,6.436322780028249
5,28.0,55.24448874605494,-27.24448874605494
9,82.0,66.33674004461069,15.663259955389307
5,29.0,55.24448874605494,-26.24448874605494
9,42.0,66.33674004461069,-24.336740044610693
4,79.0,52.471425921416,26.528574078584
9,41.0,66.33674004461069,-25.336740044610693
5,61.0,55.24448874605494,5.755511253945059
9,69.0,66.33674004461069,2.6632599553893073
3,68.0,49.69836309677706,18.301636903222942
4,38.0,52.471425921416,-14.471425921416
9,67.0,66.33674004461069,0.6632599553893073
6,54.0,58.017551570693875,-4.017551570693875
2,39.0,46.925300272138124,-7.925300272138124
7,93.0,60.79061439533281,32.20938560466719
2,76.0,46.925300272138124,29.074699727861876
2,39.0,46.925300272138124,-7.925300272138124
1,38.0,44.15223744749919,-6.152237447499189
3,69.0,49.69836309677706,19.301636903222942
6,88.0,58.017551570693875,29.982448429306125
8,54.0,63.56367721997175,-9.563677219971751
9,68.0,66.33674004461069,1.6632599553893073
7,33.0,60.79061439533281,-27.79061439533281
4,40.0,52.471425921416,-12.471425921416
6,87.0,58.017551570693875,28.982448429306125
5,64.0,55.24448874605494,8.755511253945059
8,70.0,63.56367721997175,6.436322780028249
1,70.0,44.15223744749919,25.84776255250081
1,72.0,44.15223744749919,27.84776255250081
6,38.0,58.017551570693875,-20.017551570693875
2,71.0,46.925300272138124,24.074699727861876
5,40.0,55.24448874605494,-15.244488746054941
1,58.0,44.15223744749919,13.84776255250081
7,77.0,60.79061439533281,16.20938560466719
1,38.0,44.15223744749919,-6.152237447499189
4,60.0,52.471425921416,7.5285740785840005
9,57.0,66.33674004461069,-9.336740044610693
1,63.0,44.15223744749919,18.84776255250081
4,82.0,52.471425921416,29.528574078584
6,84.0,58.017551570693875,25.982448429306125
6,84.0,58.017551570693875,25.982448429306125
8,77.0,63.56367721997175,13.436322780028249
1,61.0,44.15223744749919,16.84776255250081
7,73.0,60.79061439533281,12.20938560466719
1,15.0,44.15223744749919,-29.15223744749919
7,64.0,60.79061439533281,3.2093856046671903
3,33.0,49.69836309677706,-16.698363096777058
8,78.0,63.56367721997175,14.436322780028249
3,43.0,49.69836309677706,-6.698363096777058
1,34.0,44.15223744749919,-10.15223744749919
8,48.0,63.56367721997175,-15.563677219971751
3,66.0,49.69836309677706,16.301636903222942
2,60.0,46.925300272138124,13.074699727861876
1,53.0,44.15223744749919,8.84776255250081
3,51.0,49.69836309677706,1.301636903222942
2,43.0,46.925300272138124,-3.9253002721381236
2,68.0,46.925300272138124,21.074699727861876
6,80.0,58.017551570693875,21.982448429306125
1,26.0,44.15223744749919,-18.15223744749919
2,70.0,46.925300272138124,23.074699727861876
6,85.0,58.017551570693875,26.982448429306125
3,57.0,49.69836309677706,7.301636903222942
4,30.0,52.471425921416,-22.471425921416
1,56.0,44.15223744749919,11.84776255250081
8,53.0,63.56367721997175,-10.563677219971751
7,52.0,60.79061439533281,-8.79061439533281
7,47.0,60.79061439533281,-13.79061439533281
3,48.0,49.69836309677706,-1.698363096777058
3,78.0,49.69836309677706,28.301636903222942
2,79.0,46.925300272138124,32.074699727861876
1,75.0,44.15223744749919,30.84776255250081
7,40.0,60.79061439533281,-20.79061439533281
7,59.0,60.79061439533281,-1.7906143953328097
2,49.0,46.925300272138124,2.0746997278618764
7,48.0,60.79061439533281,-12.79061439533281
8,60.0,63.56367721997175,-3.5636772199717512
1,29.0,44.15223744749919,-15.15223744749919
9,68.0,66.33674004461069,1.6632599553893073
7,63.0,60.79061439533281,2.2093856046671903
3,71.0,49.69836309677706,21.301636903222942
8,76.0,63.56367721997175,12.436322780028249
7,57.0,60.79061439533281,-3.7906143953328097
8,54.0,63.56367721997175,-9.563677219971751
6,61.0,58.017551570693875,2.9824484293061246
9,34.0,66.33674004461069,-32.33674004461069
5,32.0,55.24448874605494,-23.24448874605494
3,23.0,49.69836309677706,-26.698363096777058
3,44.0,49.69836309677706,-5.698363096777058
1,18.0,44.15223744749919,-26.15223744749919
8,82.0,63.56367721997175,18.43632278002825
2,18.0,46.925300272138124,-28.925300272138124
3,52.0,49.69836309677706,2.301636903222942
8,88.0,63.56367721997175,24.43632278002825
8,78.0,63.56367721997175,14.436322780028249
4,26.0,52.471425921416,-26.471425921416
4,26.0,52.471425921416,-26.471425921416
5,74.0,55.24448874605494,18.75551125394506
6,52.0,58.017551570693875,-6.017551570693875
5,40.0,55.24448874605494,-15.244488746054941
7,54.0,60.79061439533281,-6.79061439533281
2,51.0,46.925300272138124,4.074699727861876
7,35.0,60.79061439533281,-25.79061439533281
7,79.0,60.79061439533281,18.20938560466719
1,45.0,44.15223744749919,0.8477625525008108
7,81.0,60.79061439533281,20.20938560466719
5,87.0,55.24448874605494,31.75551125394506
3,56.0,49.69836309677706,6.301636903222942
3,65.0,49.69836309677706,15.301636903222942
4,38.0,52.471425921416,-14.471425921416
2,17.0,46.925300272138124,-29.925300272138124
2,35.0,46.925300272138124,-11.925300272138124
1,20.0,44.15223744749919,-24.15223744749919
5,75.0,55.24448874605494,19.75551125394506
4,26.0,52.471425921416,-26.471425921416
2,23.0,46.925300272138124,-23.925300272138124
3,38.0,49.69836309677706,-11.698363096777058
7,78.0,60.79061439533281,17.20938560466719
7,91.0,60.79061439533281,30.20938560466719
4,67.0,52.471425921416,14.528574078584
5,31.0,55.24448874605494,-24.24448874605494
5,49.0,55.24448874605494,-6.244488746054941
6,57.0,58.017551570693875,-1.0175515706938754
9,45.0,66.33674004461069,-21.336740044610693
2,22.0,46.925300272138124,-24.925300272138124
5,35.0,55.24448874605494,-20.24448874605494
3,65.0,49.69836309677706,15.301636903222942
4,53.0,52.471425921416,0.5285740785840005
6,79.0,58.017551570693875,20.982448429306125
8,57.0,63.56367721997175,-6.563677219971751
1,58.0,44.15223744749919,13.84776255250081
8,50.0,63.56367721997175,-13.563677219971751
7,75.0,60.79061439533281,14.20938560466719
1,17.0,44.15223744749919,-27.15223744749919
2,70.0,46.925300272138124,23.074699727861876
3,36.0,49.69836309677706,-13.698363096777058
1,61.0,44.15223744749919,16.84776255250081
9,78.0,66.33674004461069,11.663259955389307
8,71.0,63.56367721997175,7.436322780028249
2,36.0,46.925300272138124,-10.925300272138124
9,63.0,66.33674004461069,-3.3367400446106927
7,78.0,60.79061439533281,17.20938560466719
9,39.0,66.33674004461069,-27.336740044610693
6,70.0,58.017551570693875,11.982448429306125
6,34.0,58.017551570693875,-24.017551570693875
4,49.0,52.471425921416,-3.4714259214159995
2,71.0,46.925300272138124,24.074699727861876
7,34.0,60.79061439533281,-26.79061439533281
5,77.0,55.24448874605494,21.75551125394506
6,67.0,58.017551570693875,8.982448429306125
2,52.0,46.925300272138124,5.074699727861876
5,25.0,55.24448874605494,-30.24448874605494
4,68.0,52.471425921416,15.528574078584
9,76.0,66.33674004461069,9.663259955389307
6,85.0,58.017551570693875,26.982448429306125
2,40.0,46.925300272138124,-6.925300272138124
1,56.0,44.15223744749919,11.84776255250081
5,62.0,55.24448874605494,6.755511253945059
9,99.0,66.33674004461069,32.66325995538931
6,46.0,58.017551570693875,-12.017551570693875
7,86.0,60.79061439533281,25.20938560466719
5,73.0,55.24448874605494,17.75551125394506
6,74.0,58.017551570693875,15.982448429306125
5,37.0,55.24448874605494,-18.24448874605494
9,50.0,66.33674004461069,-16.336740044610693
6,65.0,58.017551570693875,6.982448429306125
8,79.0,63.56367721997175,15.436322780028249
2,53.0,46.925300272138124,6.074699727861876
9,55.0,66.33674004461069,-11.336740044610693
5,31.0,55.24448874605494,-24.24448874605494
7,47.0,60.79061439533281,-13.79061439533281
1,63.0,44.15223744749919,18.84776255250081
5,27.0,55.24448874605494,-28.24448874605494
2,53.0,46.925300272138124,6.074699727861876
6,33.0,58.017551570693875,-25.017551570693875
1,56.0,44.15223744749919,11.84776255250081
3,65.0,49.69836309677706,15.301636903222942
5,55.0,55.24448874605494,-0.24448874605494098
4,67.0,52.471425921416,14.528574078584
3,32.0,49.69836309677706,-17.698363096777058
5,73.0,55.24448874605494,17.75551125394506
8,45.0,63.56367721997175,-18.56367721997175
4,43.0,52.471425921416,-9.471425921416
1,32.0,44.15223744749919,-12.15223744749919
7,42.0,60.79061439533281,-18.79061439533281
8,55.0,63.56367721997175,-8.563677219971751
3,28.0,49.69836309677706,-21.698363096777058
6,58.0,58.017551570693875,-0.017551570693875362
2,67.0,46.925300272138124,20.074699727861876
7,66.0,60.79061439533281,5.20938560466719
8,46.0,63.56367721997175,-17.56367721997175
6,79.0,58.017551570693875,20.982448429306125
6,83.0,58.017551570693875,24.982448429306125
5,63.0,55.24448874605494,7.755511253945059
8,45.0,63.56367721997175,-18.56367721997175
1,63.0,44.15223744749919,18.84776255250081
4,70.0,52.471425921416,17.528574078584
4,58.0,52.471425921416,5.5285740785840005
3,50.0,49.69836309677706,0.301636903222942
3,77.0,49.69836309677706,27.301636903222942
4,75.0,52.471425921416,22.528574078584
1,40.0,44.15223744749919,-4.152237447499189
2,43.0,46.925300272138124,-3.9253002721381236
9,47.0,66.33674004461069,-19.336740044610693
2,22.0,46.925300272138124,-24.925300272138124
5,71.0,55.24448874605494,15.755511253945059
9,63.0,66.33674004461069,-3.3367400446106927
9,37.0,66.33674004461069,-29.336740044610693
8,72.0,63.56367721997175,8.436322780028249
1,73.0,44.15223744749919,28.84776255250081
1,72.0,44.15223744749919,27.84776255250081
9,68.0,66.33674004461069,1.6632599553893073
8,59.0,63.56367721997175,-4.563677219971751
9,97.0,66.33674004461069,30.663259955389307
7,83.0,60.79061439533281,22.20938560466719
3,65.0,49.69836309677706,15.301636903222942
3,47.0,49.69836309677706,-2.698363096777058
2,51.0,46.925300272138124,4.074699727861876
5,32.0,55.24448874605494,-23.24448874605494
3,63.0,49.69836309677706,13.301636903222942
6,60.0,58.017551570693875,1.9824484293061246
2,70.0,46.925300272138124,23.074699727861876
3,32.0,49.69836309677706,-17.698363096777058
5,32.0,55.24448874605494,-23.24448874605494
1,29.0,44.15223744749919,-15.15223744749919
1,21.0,44.15223744749919,-23.15223744749919
9,74.0,66.33674004461069,7.663259955389307
7,81.0,60.79061439533281,20.20938560466719
1,11.0,44.15223744749919,-33.15223744749919
8,65.0,63.56367721997175,1.4363227800282488
3,37.0,49.69836309677706,-12.698363096777058
8,75.0,63.56367721997175,11.436322780028249
5,61.0,55.24448874605494,5.755511253945059
1,17.0,44.15223744749919,-27.15223744749919
7,87.0,60.79061439533281,26.20938560466719
5,52.0,55.24448874605494,-3.244488746054941
6,71.0,58.017551570693875,12.982448429306125
6,46.0,58.017551570693875,-12.017551570693875
8,99.0,63.56367721997175,35.43632278002825
9,40.0,66.33674004461069,-26.336740044610693
2,42.0,46.925300272138124,-4.925300272138124
9,91.0,66.33674004461069,24.663259955389307
9,57.0,66.33674004461069,-9.336740044610693
7,58.0,60.79061439533281,-2.7906143953328097
1,55.0,44.15223744749919,10.84776255250081
7,46.0,60.79061439533281,-14.79061439533281
5,64.0,55.24448874605494,8.755511253945059
6,45.0,58.017551570693875,-13.017551570693875
7,78.0,60.79061439533281,17.20938560466719
5,24.0,55.24448874605494,-31.24448874605494
7,36.0,60.79061439533281,-24.79061439533281
9,65.0,66.33674004461069,-1.3367400446106927
3,35.0,49.69836309677706,-14.698363096777058
8,87.0,63.56367721997175,23.43632278002825
2,45.0,46.925300272138124,-1.9253002721381236
7,35.0,60.79061439533281,-25.79061439533281
2,18.0,46.925300272138124,-28.925300272138124
4,46.0,52.471425921416,-6.4714259214159995
7,63.0,60.79061439533281,2.2093856046671903
3,62.0,49.69836309677706,12.301636903222942
2,35.0,46.925300272138124,-11.925300272138124
7,63.0,60.79061439533281,2.2093856046671903
1,58.0,44.15223744749919,13.84776255250081
8,37.0,63.56367721997175,-26.56367721997175
3,74.0,49.69836309677706,24.301636903222942
2,40.0,46.925300272138124,-6.925300272138124
3,78.0,49.69836309677706,28.301636903222942
5,38.0,55.24448874605494,-17.24448874605494
8,55.0,63.56367721997175,-8.563677219971751
7,39.0,60.79061439533281,-21.79061439533281
7,84.0,60.79061439533281,23.20938560466719
7,60.0,60.79061439533281,-0.7906143953328097
8,47.0,63.56367721997175,-16.56367721997175
1,34.0,44.15223744749919,-10.15223744749919
4,54.0,52.471425921416,1.5285740785840005
6,56.0,58.017551570693875,-2.0175515706938754
9,82.0,66.33674004461069,15.663259955389307
2,45.0,46.925300272138124,-1.9253002721381236
1,45.0,44.15223744749919,0.8477625525008108
2,43.0,46.925300272138124,-3.9253002721381236
7,57.0,60.79061439533281,-3.7906143953328097
3,56.0,49.69836309677706,6.301636903222942
2,56.0,46.925300272138124,9.074699727861876
7,30.0,60.79061439533281,-30.79061439533281
2,75.0,46.925300272138124,28.074699727861876
3,33.0,49.69836309677706,-16.698363096777058
7,80.0,60.79061439533281,19.20938560466719
4,27.0,52.471425921416,-25.471425921416
1,26.0,44.15223744749919,-18.15223744749919
5,81.0,55.24448874605494,25.75551125394506
9,41.0,66.33674004461069,-25.336740044610693
8,34.0,63.56367721997175,-29.56367721997175
9,68.0,66.33674004461069,1.6632599553893073
9,83.0,66.33674004461069,16.663259955389307
7,44.0,60.79061439533281,-16.79061439533281
4,75.0,52.471425921416,22.528574078584
5,52.0,55.24448874605494,-3.244488746054941
1,56.0,44.15223744749919,11.84776255250081
1,37.0,44.15223744749919,-7.152237447499189
3,67.0,49.69836309677706,17.301636903222942
8,50.0,63.56367721997175,-13.563677219971751
2,46.0,46.925300272138124,-0.9253002721381236
4,31.0,52.471425921416,-21.471425921416
2,51.0,46.925300272138124,4.074699727861876
5,82.0,55.24448874605494,26.75551125394506
9,58.0,66.33674004461069,-8.336740044610693
1,31.0,44.15223744749919,-13.15223744749919
5,29.0,55.24448874605494,-26.24448874605494
9,40.0,66.33674004461069,-26.336740044610693
1,51.0,44.15223744749919,6.847762552500811
9,79.0,66.33674004461069,12.663259955389307
8,52.0,63.56367721997175,-11.563677219971751
4,36.0,52.471425921416,-16.471425921416
5,43.0,55.24448874605494,-12.244488746054941
5,81.0,55.24448874605494,25.75551125394506
6,81.0,58.017551570693875,22.982448429306125
7,84.0,60.79061439533281,23.20938560466719
8,55.0,63.56367721997175,-8.563677219971751
8,64.0,63.56367721997175,0.43632278002824876
2,68.0,46.925300272138124,21.074699727861876
9,41.0,66.33674004461069,-25.336740044610693
7,53.0,60.79061439533281,-7.79061439533281
4,50.0,52.471425921416,-2.4714259214159995
4,65.0,52.471425921416,12.528574078584
8,78.0,63.56367721997175,14.436322780028249
4,31.0,52.471425921416,-21.471425921416
6,30.0,58.017551570693875,-28.017551570693875
5,64.0,55.24448874605494,8.755511253945059
3,26.0,49.69836309677706,-23.698363096777058
2,66.0,46.925300272138124,19.074699727861876
9,55.0,66.33674004461069,-11.336740044610693
9,52.0,66.33674004461069,-14.336740044610693
1,57.0,44.15223744749919,12.84776255250081
3,68.0,49.69836309677706,18.301636903222942
8,57.0,63.56367721997175,-6.563677219971751
6,75.0,58.017551570693875,16.982448429306125
5,54.0,55.24448874605494,-1.244488746054941
5,82.0,55.24448874605494,26.75551125394506
6,51.0,58.017551570693875,-7.017551570693875
7,43.0,60.79061439533281,-17.79061439533281
1,68.0,44.15223744749919,23.84776255250081
9,77.0,66.33674004461069,10.663259955389307
3,33.0,49.69836309677706,-16.698363096777058
4,37.0,52.471425921416,-15.471425921416
1,23.0,44.15223744749919,-21.15223744749919
3,26.0,49.69836309677706,-23.698363096777058
2,56.0,46.925300272138124,9.074699727861876
2,42.0,46.925300272138124,-4.925300272138124
1,65.0,44.15223744749919,20.84776255250081
8,66.0,63.56367721997175,2.4363227800282488
3,57.0,49.69836309677706,7.301636903222942
3,59.0,49.69836309677706,9.301636903222942
6,28.0,58.017551570693875,-30.017551570693875
8,46.0,63.56367721997175,-17.56367721997175
9,84.0,66.33674004461069,17.663259955389307
9,42.0,66.33674004461069,-24.336740044610693
4,73.0,52.471425921416,20.528574078584
5,77.0,55.24448874605494,21.75551125394506
2,74.0,46.925300272138124,27.074699727861876
9,75.0,66.33674004461069,8.663259955389307
8,94.0,63.56367721997175,30.43632278002825
3,27.0,49.69836309677706,-22.698363096777058
9,89.0,66.33674004461069,22.663259955389307
3,62.0,49.69836309677706,12.301636903222942
9,59.0,66.33674004461069,-7.336740044610693
2,73.0,46.925300272138124,26.074699727861876
9,57.0,66.33674004461069,-9.336740044610693
8,90.0,63.56367721997175,26.43632278002825
9,80.0,66.33674004461069,13.663259955389307
5,50.0,55.24448874605494,-5.244488746054941
2,18.0,46.925300272138124,-28.925300272138124
8,68.0,63.56367721997175,4.436322780028249
6,39.0,58.017551570693875,-19.017551570693875
8,67.0,63.56367721997175,3.4363227800282488
5,69.0,55.24448874605494,13.755511253945059
2,43.0,46.925300272138124,-3.9253002721381236
6,84.0,58.017551570693875,25.982448429306125
5,50.0,55.24448874605494,-5.244488746054941
5,65.0,55.24448874605494,9.755511253945059
1,74.0,44.15223744749919,29.84776255250081
2,35.0,46.925300272138124,-11.925300272138124
8,61.0,63.56367721997175,-2.5636772199717512
3,64.0,49.69836309677706,14.301636903222942
3,66.0,49.69836309677706,16.301636903222942
8,81.0,63.56367721997175,17.43632278002825
8,93.0,63.56367721997175,29.43632278002825
2,28.0,46.925300272138124,-18.925300272138124
8,71.0,63.56367721997175,7.436322780028249
1,13.0,44.15223744749919,-31.15223744749919
6,59.0,58.017551570693875,0.9824484293061246
8,67.0,63.56367721997175,3.4363227800282488
3,35.0,49.69836309677706,-14.698363096777058
8,46.0,63.56367721997175,-17.56367721997175
1,59.0,44.15223744749919,14.84776255250081
9,57.0,66.33674004461069,-9.336740044610693
9,51.0,66.33674004461069,-15.336740044610693
5,80.0,55.24448874605494,24.75551125394506
4,22.0,52.471425921416,-30.471425921416
6,71.0,58.017551570693875,12.982448429306125
7,73.0,60.79061439533281,12.20938560466719
5,40.0,55.24448874605494,-15.244488746054941
9,75.0,66.33674004461069,8.663259955389307
3,24.0,49.69836309677706,-25.698363096777058
7,45.0,60.79061439533281,-15.79061439533281
5,25.0,55.24448874605494,-30.24448874605494
7,42.0,60.79061439533281,-18.79061439533281
2,63.0,46.925300272138124,16.074699727861876
4,44.0,52.471425921416,-8.471425921416
2,26.0,46.925300272138124,-20.925300272138124
7,31.0,60.79061439533281,-29.79061439533281
2,26.0,46.925300272138124,-20.925300272138124
1,15.0,44.15223744749919,-29.15223744749919
9,77.0,66.33674004461069,10.663259955389307
1,31.0,44.15223744749919,-13.15223744749919
8,75.0,63.56367721997175,11.436322780028249
2,34.0,46.925300272138124,-12.925300272138124
8,74.0,63.56367721997175,10.436322780028249
3,68.0,49.69836309677706,18.301636903222942
6,64.0,58.017551570693875,5.982448429306125
3,43.0,49.69836309677706,-6.698363096777058
7,54.0,60.79061439533281,-6.79061439533281
9,53.0,66.33674004461069,-13.336740044610693
2,56.0,46.925300272138124,9.074699727861876
5,34.0,55.24448874605494,-21.24448874605494
6,27.0,58.017551570693875,-31.017551570693875
4,66.0,52.471425921416,13.528574078584
4,41.0,52.471425921416,-11.471425921416
4,25.0,52.471425921416,-27.471425921416
2,20.0,46.925300272138124,-26.925300272138124
4,45.0,52.471425921416,-7.4714259214159995
1,70.0,44.15223744749919,25.84776255250081
6,86.0,58.017551570693875,27.982448429306125
1,46.0,44.15223744749919,1.8477625525008108
6,73.0,58.017551570693875,14.982448429306125
1,42.0,44.15223744749919,-2.152237447499189
6,27.0,58.017551570693875,-31.017551570693875
8,64.0,63.56367721997175,0.43632278002824876
2,71.0,46.925300272138124,24.074699727861876
2,56.0,46.925300272138124,9.074699727861876
4,43.0,52.471425921416,-9.471425921416
3,50.0,49.69836309677706,0.301636903222942
4,31.0,52.471425921416,-21.471425921416
7,42.0,60.79061439533281,-18.79061439533281
1,60.0,44.15223744749919,15.84776255250081
6,76.0,58.017551570693875,17.982448429306125
3,28.0,49.69836309677706,-21.698363096777058
7,45.0,60.79061439533281,-15.79061439533281
2,71.0,46.925300272138124,24.074699727861876
2,44.0,46.925300272138124,-2.9253002721381236
4,48.0,52.471425921416,-4.4714259214159995
1,57.0,44.15223744749919,12.84776255250081
3,61.0,49.69836309677706,11.301636903222942
9,86.0,66.33674004461069,19.663259955389307
7,95.0,60.79061439533281,34.20938560466719
7,70.0,60.79061439533281,9.20938560466719
4,81.0,52.471425921416,28.528574078584
2,18.0,46.925300272138124,-28.925300272138124
4,24.0,52.471425921416,-28.471425921416
6,32.0,58.017551570693875,-26.017551570693875
3,40.0,49.69836309677706,-9.698363096777058
1,25.0,44.15223744749919,-19.15223744749919
8,41.0,63.56367721997175,-22.56367721997175
5,66.0,55.24448874605494,10.755511253945059
5,83.0,55.24448874605494,27.75551125394506
4,22.0,52.471425921416,-30.471425921416
6,70.0,58.017551570693875,11.982448429306125
3,42.0,49.69836309677706,-7.698363096777058
9,56.0,66.33674004461069,-10.336740044610693
5,72.0,55.24448874605494,16.75551125394506
3,31.0,49.69836309677706,-18.698363096777058
1,60.0,44.15223744749919,15.84776255250081
6,74.0,58.017551570693875,15.982448429306125
2,62.0,46.925300272138124,15.074699727861876
3,44.0,49.69836309677706,-5.698363096777058
1,46.0,44.15223744749919,1.8477625525008108
9,96.0,66.33674004461069,29.663259955389307
8,51.0,63.56367721997175,-12.563677219971751
2,43.0,46.925300272138124,-3.9253002721381236
8,51.0,63.56367721997175,-12.563677219971751
9,58.0,66.33674004461069,-8.336740044610693
1,23.0,44.15223744749919,-21.15223744749919
5,67.0,55.24448874605494,11.755511253945059
8,50.0,63.56367721997175,-13.563677219971751
2,31.0,46.925300272138124,-15.925300272138124
4,83.0,52.471425921416,30.528574078584
7,55.0,60.79061439533281,-5.79061439533281
3,44.0,49.69836309677706,-5.698363096777058
5,45.0,55.24448874605494,-10.244488746054941
8,73.0,63.56367721997175,9.436322780028249
3,76.0,49.69836309677706,26.301636903222942
4,23.0,52.471425921416,-29.471425921416
9,84.0,66.33674004461069,17.663259955389307
7,73.0,60.79061439533281,12.20938560466719
1,48.0,44.15223744749919,3.847762552500811
4,50.0,52.471425921416,-2.4714259214159995
4,30.0,52.471425921416,-22.471425921416
9,51.0,66.33674004461069,-15.336740044610693
6,76.0,58.017551570693875,17.982448429306125
9,66.0,66.33674004461069,-0.33674004461069273
6,50.0,58.017551570693875,-8.017551570693875
6,40.0,58.017551570693875,-18.017551570693875
5,42.0,55.24448874605494,-13.244488746054941
5,29.0,55.24448874605494,-26.24448874605494
2,77.0,46.925300272138124,30.074699727861876
8,45.0,63.56367721997175,-18.56367721997175
8,49.0,63.56367721997175,-14.563677219971751
1,74.0,44.15223744749919,29.84776255250081
8,45.0,63.56367721997175,-18.56367721997175
5,27.0,55.24448874605494,-28.24448874605494
2,44.0,46.925300272138124,-2.9253002721381236
2,42.0,46.925300272138124,-4.925300272138124
6,43.0,58.017551570693875,-15.017551570693875
9,68.0,66.33674004461069,1.6632599553893073
1,29.0,44.15223744749919,-15.15223744749919
6,73.0,58.017551570693875,14.982448429306125
9,39.0,66.33674004461069,-27.336740044610693
8,30.0,63.56367721997175,-33.56367721997175
6,53.0,58.017551570693875,-5.017551570693875
3,38.0,49.69836309677706,-11.698363096777058
8,82.0,63.56367721997175,18.43632278002825
9,72.0,66.33674004461069,5.663259955389307
1,24.0,44.15223744749919,-20.15223744749919
9,44.0,66.33674004461069,-22.336740044610693
6,45.0,58.017551570693875,-13.017551570693875
6,75.0,58.017551570693875,16.982448429306125
4,75.0,52.471425921416,22.528574078584
1,26.0,44.15223744749919,-18.15223744749919
8,49.0,63.56367721997175,-14.563677219971751
2,42.0,46.925300272138124,-4.925300272138124
1,14.0,44.15223744749919,-30.15223744749919
2,64.0,46.925300272138124,17.074699727861876
1,54.0,44.15223744749919,9.84776255250081
1,16.0,44.15223744749919,-28.15223744749919
9,73.0,66.33674004461069,6.663259955389307
1,67.0,44.15223744749919,22.84776255250081
4,69.0,52.471425921416,16.528574078584
6,28.0,58.017551570693875,-30.017551570693875
7,67.0,60.79061439533281,6.20938560466719
2,62.0,46.925300272138124,15.074699727861876
6,60.0,58.017551570693875,1.9824484293061246
7,43.0,60.79061439533281,-17.79061439533281
2,70.0,46.925300272138124,23.074699727861876
2,70.0,46.925300272138124,23.074699727861876
7,84.0,60.79061439533281,23.20938560466719
1,72.0,44.15223744749919,27.84776255250081
8,44.0,63.56367721997175,-19.56367721997175
3,46.0,49.69836309677706,-3.698363096777058
6,41.0,58.017551570693875,-17.017551570693875
9,58.0,66.33674004461069,-8.336740044610693
6,44.0,58.017551570693875,-14.017551570693875
9,89.0,66.33674004461069,22.663259955389307
7,45.0,60.79061439533281,-15.79061439533281
9,87.0,66.33674004461069,20.663259955389307
2,61.0,46.925300272138124,14.074699727861876
8,41.0,63.56367721997175,-22.56367721997175
8,57.0,63.56367721997175,-6.563677219971751
2,62.0,46.925300272138124,15.074699727861876
4,39.0,52.471425921416,-13.471425921416
7,54.0,60.79061439533281,-6.79061439533281
4,33.0,52.471425921416,-19.471425921416
4,42.0,52.471425921416,-10.471425921416
6,70.0,58.017551570693875,11.982448429306125
6,67.0,58.017551570693875,8.982448429306125
3,80.0,49.69836309677706,30.301636903222942
9,44.0,66.33674004461069,-22.336740044610693
2,69.0,46.925300272138124,22.074699727861876
6,66.0,58.017551570693875,7.982448429306125
7,35.0,60.79061439533281,-25.79061439533281
9,61.0,66.33674004461069,-5.336740044610693
3,68.0,49.69836309677706,18.301636903222942
3,55.0,49.69836309677706,5.301636903222942
7,36.0,60.79061439533281,-24.79061439533281
4,56.0,52.471425921416,3.5285740785840005
8,58.0,63.56367721997175,-5.563677219971751
7,40.0,60.79061439533281,-20.79061439533281
5,68.0,55.24448874605494,12.755511253945059
7,43.0,60.79061439533281,-17.79061439533281
3,61.0,49.69836309677706,11.301636903222942
2,45.0,46.925300272138124,-1.9253002721381236
6,36.0,58.017551570693875,-22.017551570693875
2,67.0,46.925300272138124,20.074699727861876
3,67.0,49.69836309677706,17.301636903222942
6,29.0,58.017551570693875,-29.017551570693875
5,31.0,55.24448874605494,-24.24448874605494
8,74.0,63.56367721997175,10.436322780028249
9,37.0,66.33674004461069,-29.336740044610693
3,79.0,49.69836309677706,29.301636903222942
3,76.0,49.69836309677706,26.301636903222942
3,45.0,49.69836309677706,-4.698363096777058
6,65.0,58.017551570693875,6.982448429306125
1,72.0,44.15223744749919,27.84776255250081
7,62.0,60.79061439533281,1.2093856046671903
1,19.0,44.15223744749919,-25.15223744749919
5,39.0,55.24448874605494,-16.24448874605494
8,93.0,63.56367721997175,29.43632278002825
4,62.0,52.471425921416,9.528574078584
5,37.0,55.24448874605494,-18.24448874605494
4,34.0,52.471425921416,-18.471425921416
4,23.0,52.471425921416,-29.471425921416
8,79.0,63.56367721997175,15.436322780028249
2,51.0,46.925300272138124,4.074699727861876
1,18.0,44.15223744749919,-26.15223744749919
3,41.0,49.69836309677706,-8.698363096777058
9,57.0,66.33674004461069,-9.336740044610693
4,36.0,52.471425921416,-16.471425921416
5,47.0,55.24448874605494,-8.244488746054941
2,65.0,46.925300272138124,18.074699727861876
4,57.0,52.471425921416,4.5285740785840005
2,22.0,46.925300272138124,-24.925300272138124
2,20.0,46.925300272138124,-26.925300272138124
4,27.0,52.471425921416,-25.471425921416
6,64.0,58.017551570693875,5.982448429306125
7,32.0,60.79061439533281,-28.79061439533281
3,29.0,49.69836309677706,-20.698363096777058
3,62.0,49.69836309677706,12.301636903222942
6,56.0,58.017551570693875,-2.0175515706938754
3,43.0,49.69836309677706,-6.698363096777058
2,70.0,46.925300272138124,23.074699727861876
8,49.0,63.56367721997175,-14.563677219971751
5,68.0,55.24448874605494,12.755511253945059
1,66.0,44.15223744749919,21.84776255250081
3,31.0,49.69836309677706,-18.698363096777058
8,44.0,63.56367721997175,-19.56367721997175
4,65.0,52.471425921416,12.528574078584
7,36.0,60.79061439533281,-24.79061439533281
2,27.0,46.925300272138124,-19.925300272138124
7,71.0,60.79061439533281,10.20938560466719
5,76.0,55.24448874605494,20.75551125394506
5,31.0,55.24448874605494,-24.24448874605494
6,26.0,58.017551570693875,-32.017551570693875
9,69.0,66.33674004461069,2.6632599553893073
6,90.0,58.017551570693875,31.982448429306125
8,79.0,63.56367721997175,15.436322780028249
7,33.0,60.79061439533281,-27.79061439533281
9,40.0,66.33674004461069,-26.336740044610693
4,58.0,52.471425921416,5.5285740785840005
2,28.0,46.925300272138124,-18.925300272138124
7,50.0,60.79061439533281,-10.79061439533281
6,37.0,58.017551570693875,-21.017551570693875
1,15.0,44.15223744749919,-29.15223744749919
9,50.0,66.33674004461069,-16.336740044610693
9,55.0,66.33674004461069,-11.336740044610693
2,25.0,46.925300272138124,-21.925300272138124
3,79.0,49.69836309677706,29.301636903222942
5,79.0,55.24448874605494,23.75551125394506
5,36.0,55.24448874605494,-19.24448874605494
1,69.0,44.15223744749919,24.84776255250081
8,83.0,63.56367721997175,19.43632278002825
8,44.0,63.56367721997175,-19.56367721997175
4,36.0,52.471425921416,-16.471425921416
7,84.0,60.79061439533281,23.20938560466719
3,58.0,49.69836309677706,8.301636903222942
6,44.0,58.017551570693875,-14.017551570693875
9,36.0,66.33674004461069,-30.336740044610693
1,23.0,44.15223744749919,-21.15223744749919
5,33.0,55.24448874605494,-22.24448874605494
4,31.0,52.471425921416,-21.471425921416
8,90.0,63.56367721997175,26.43632278002825
1,45.0,44.15223744749919,0.8477625525008108
9,40.0,66.33674004461069,-26.336740044610693
6,81.0,58.017551570693875,22.982448429306125
4,47.0,52.471425921416,-5.4714259214159995
9,75.0,66.33674004461069,8.663259955389307
5,61.0,55.24448874605494,5.755511253945059
5,37.0,55.24448874605494,-18.24448874605494
5,75.0,55.24448874605494,19.75551125394506
1,63.0,44.15223744749919,18.84776255250081
1,61.0,44.15223744749919,16.84776255250081
8,70.0,63.56367721997175,6.436322780028249
8,91.0,63.56367721997175,27.43632278002825
6,80.0,58.017551570693875,21.982448429306125
4,83.0,52.471425921416,30.528574078584
2,72.0,46.925300272138124,25.074699727861876
2,35.0,46.925300272138124,-11.925300272138124
9,41.0,66.33674004461069,-25.336740044610693
5,57.0,55.24448874605494,1.755511253945059
4,43.0,52.471425921416,-9.471425921416
1,55.0,44.15223744749919,10.84776255250081
7,42.0,60.79061439533281,-18.79061439533281
3,59.0,49.69836309677706,9.301636903222942
6,90.0,58.017551570693875,31.982448429306125
5,79.0,55.24448874605494,23.75551125394506
5,89.0,55.24448874605494,33.75551125394506
5,87.0,55.24448874605494,31.75551125394506
1,50.0,44.15223744749919,5.847762552500811
1,33.0,44.15223744749919,-11.15223744749919
3,58.0,49.69836309677706,8.301636903222942
4,68.0,52.471425921416,15.528574078584
5,33.0,55.24448874605494,-22.24448874605494
2,73.0,46.925300272138124,26.074699727861876
8,50.0,63.56367721997175,-13.563677219971751
2,59.0,46.925300272138124,12.074699727861876
9,93.0,66.33674004461069,26.663259955389307
2,47.0,46.925300272138124,0.0746997278618764
9,89.0,66.33674004461069,22.663259955389307
7,47.0,60.79061439533281,-13.79061439533281
8,77.0,63.56367721997175,13.436322780028249
2,53.0,46.925300272138124,6.074699727861876
7,87.0,60.79061439533281,26.20938560466719
6,53.0,58.017551570693875,-5.017551570693875
4,28.0,52.471425921416,-24.471425921416
7,66.0,60.79061439533281,5.20938560466719
4,23.0,52.471425921416,-29.471425921416
2,28.0,46.925300272138124,-18.925300272138124
7,89.0,60.79061439533281,28.20938560466719
8,38.0,63.56367721997175,-25.56367721997175
2,37.0,46.925300272138124,-9.925300272138124
5,66.0,55.24448874605494,10.755511253945059
1,44.0,44.15223744749919,-0.15223744749918922
7,33.0,60.79061439533281,-27.79061439533281
8,67.0,63.56367721997175,3.4363227800282488
6,76.0,58.017551570693875,17.982448429306125
5,33.0,55.24448874605494,-22.24448874605494
6,59.0,58.017551570693875,0.9824484293061246
2,39.0,46.925300272138124,-7.925300272138124
1,55.0,44.15223744749919,10.84776255250081
7,96.0,60.79061439533281,35.20938560466719
7,30.0,60.79061439533281,-30.79061439533281
2,80.0,46.925300272138124,33.074699727861876
2,75.0,46.925300272138124,28.074699727861876
1,19.0,44.15223744749919,-25.15223744749919
8,71.0,63.56367721997175,7.436322780028249
8,67.0,63.56367721997175,3.4363227800282488
1,16.0,44.15223744749919,-28.15223744749919
8,45.0,63.56367721997175,-18.56367721997175
9,44.0,66.33674004461069,-22.336740044610693
4,50.0,52.471425921416,-2.4714259214159995
1,37.0,44.15223744749919,-7.152237447499189
1,15.0,44.15223744749919,-29.15223744749919
3,71.0,49.69836309677706,21.301636903222942
5,42.0,55.24448874605494,-13.244488746054941
5,49.0,55.24448874605494,-6.244488746054941
9,41.0,66.33674004461069,-25.336740044610693
2,40.0,46.925300272138124,-6.925300272138124
2,25.0,46.925300272138124,-21.925300272138124
6,62.0,58.017551570693875,3.9824484293061246
9,93.0,66.33674004461069,26.663259955389307
1,19.0,44.15223744749919,-25.15223744749919
9,77.0,66.33674004461069,10.663259955389307
9,52.0,66.33674004461069,-14.336740044610693
9,41.0,66.33674004461069,-25.336740044610693
5,69.0,55.24448874605494,13.755511253945059
9,82.0,66.33674004461069,15.663259955389307
4,82.0,52.471425921416,29.528574078584
2,49.0,46.925300272138124,2.0746997278618764
6,82.0,58.017551570693875,23.982448429306125
4,40.0,52.471425921416,-12.471425921416
6,48.0,58.017551570693875,-10.017551570693875
3,28.0,49.69836309677706,-21.698363096777058
6,60.0,58.017551570693875,1.9824484293061246
2,43.0,46.925300272138124,-3.9253002721381236
2,59.0,46.925300272138124,12.074699727861876
9,71.0,66.33674004461069,4.663259955389307
7,52.0,60.79061439533281,-8.79061439533281
3,27.0,49.69836309677706,-22.698363096777058
1,28.0,44.15223744749919,-16.15223744749919
8,62.0,63.56367721997175,-1.5636772199717512
6,27.0,58.017551570693875,-31.017551570693875
7,55.0,60.79061439533281,-5.79061439533281
9,39.0,66.33674004461069,-27.336740044610693
5,66.0,55.24448874605494,10.755511253945059
1,46.0,44.15223744749919,1.8477625525008108
7,47.0,60.79061439533281,-13.79061439533281
5,59.0,55.24448874605494,3.755511253945059
3,46.0,49.69836309677706,-3.698363096777058
9,47.0,66.33674004461069,-19.336740044610693
1,39.0,44.15223744749919,-5.152237447499189
1,67.0,44.15223744749919,22.84776255250081
1,26.0,44.15223744749919,-18.15223744749919
3,68.0,49.69836309677706,18.301636903222942
6,49.0,58.017551570693875,-9.017551570693875
3,45.0,49.69836309677706,-4.698363096777058
8,88.0,63.56367721997175,24.43632278002825
2,67.0,46.925300272138124,20.074699727861876
9,54.0,66.33674004461069,-12.336740044610693
3,75.0,49.69836309677706,25.301636903222942
5,67.0,55.24448874605494,11.755511253945059
8,91.0,63.56367721997175,27.43632278002825
2,30.0,46.925300272138124,-16.925300272138124
6,29.0,58.017551570693875,-29.017551570693875
5,75.0,55.24448874605494,19.75551125394506
9,41.0,66.33674004461069,-25.336740044610693
5,84.0,55.24448874605494,28.75551125394506
2,31.0,46.925300272138124,-15.925300272138124
5,64.0,55.24448874605494,8.755511253945059
4,48.0,52.471425921416,-4.4714259214159995
7,29.0,60.79061439533281,-31.79061439533281
6,33.0,58.017551570693875,-25.017551570693875
2,59.0,46.925300272138124,12.074699727861876
5,45.0,55.24448874605494,-10.244488746054941
7,86.0,60.79061439533281,25.20938560466719
7,65.0,60.79061439533281,4.20938560466719
5,73.0,55.24448874605494,17.75551125394506
9,50.0,66.33674004461069,-16.336740044610693
4,20.0,52.471425921416,-32.471425921416
3,36.0,49.69836309677706,-13.698363096777058
4,78.0,52.471425921416,25.528574078584
5,65.0,55.24448874605494,9.755511253945059
6,48.0,58.017551570693875,-10.017551570693875
3,49.0,49.69836309677706,-0.698363096777058
2,32.0,46.925300272138124,-14.925300272138124
4,69.0,52.471425921416,16.528574078584
5,41.0,55.24448874605494,-14.244488746054941
4,77.0,52.471425921416,24.528574078584
3,60.0,49.69836309677706,10.301636903222942
8,88.0,63.56367721997175,24.43632278002825
4,61.0,52.471425921416,8.528574078584
2,69.0,46.925300272138124,22.074699727861876
2,29.0,46.925300272138124,-17.925300272138124
1,73.0,44.15223744749919,28.84776255250081
4,22.0,52.471425921416,-30.471425921416
9,93.0,66.33674004461069,26.663259955389307
7,46.0,60.79061439533281,-14.79061439533281
7,74.0,60.79061439533281,13.20938560466719
7,83.0,60.79061439533281,22.20938560466719
8,84.0,63.56367721997175,20.43632278002825
1,71.0,44.15223744749919,26.84776255250081
8,82.0,63.56367721997175,18.43632278002825
4,49.0,52.471425921416,-3.4714259214159995
4,27.0,52.471425921416,-25.471425921416
4,29.0,52.471425921416,-23.471425921416
6,50.0,58.017551570693875,-8.017551570693875
7,53.0,60.79061439533281,-7.79061439533281
6,80.0,58.017551570693875,21.982448429306125
1,21.0,44.15223744749919,-23.15223744749919
8,39.0,63.56367721997175,-24.56367721997175
7,74.0,60.79061439533281,13.20938560466719
6,76.0,58.017551570693875,17.982448429306125
6,43.0,58.017551570693875,-15.017551570693875
5,61.0,55.24448874605494,5.755511253945059
6,48.0,58.017551570693875,-10.017551570693875
9,48.0,66.33674004461069,-18.336740044610693
9,40.0,66.33674004461069,-26.336740044610693
8,40.0,63.56367721997175,-23.56367721997175
9,80.0,66.33674004461069,13.663259955389307
8,90.0,63.56367721997175,26.43632278002825
8,36.0,63.56367721997175,-27.56367721997175
1,48.0,44.15223744749919,3.847762552500811
5,60.0,55.24448874605494,4.755511253945059
4,76.0,52.471425921416,23.528574078584
2,47.0,46.925300272138124,0.0746997278618764
8,73.0,63.56367721997175,9.436322780028249
3,22.0,49.69836309677706,-27.698363096777058
4,74.0,52.471425921416,21.528574078584
7,58.0,60.79061439533281,-2.7906143953328097
9,76.0,66.33674004461069,9.663259955389307
2,59.0,46.925300272138124,12.074699727861876
3,55.0,49.69836309677706,5.301636903222942
4,33.0,52.471425921416,-19.471425921416
1,50.0,44.15223744749919,5.847762552500811
7,37.0,60.79061439533281,-23.79061439533281
2,58.0,46.925300272138124,11.074699727861876
5,36.0,55.24448874605494,-19.24448874605494
1,25.0,44.15223744749919,-19.15223744749919
3,62.0,49.69836309677706,12.301636903222942
2,57.0,46.925300272138124,10.074699727861876
1,39.0,44.15223744749919,-5.152237447499189
7,84.0,60.79061439533281,23.20938560466719
5,45.0,55.24448874605494,-10.244488746054941
1,72.0,44.15223744749919,27.84776255250081
6,45.0,58.017551570693875,-13.017551570693875
5,63.0,55.24448874605494,7.755511253945059
3,50.0,49.69836309677706,0.301636903222942
7,53.0,60.79061439533281,-7.79061439533281
9,36.0,66.33674004461069,-30.336740044610693
9,97.0,66.33674004461069,30.663259955389307
9,49.0,66.33674004461069,-17.336740044610693
2,40.0,46.925300272138124,-6.925300272138124
3,43.0,49.69836309677706,-6.698363096777058
7,60.0,60.79061439533281,-0.7906143953328097
5,85.0,55.24448874605494,29.75551125394506
2,26.0,46.925300272138124,-20.925300272138124
3,53.0,49.69836309677706,3.301636903222942
6,53.0,58.017551570693875,-5.017551570693875
7,34.0,60.79061439533281,-26.79061439533281
9,63.0,66.33674004461069,-3.3367400446106927
1,31.0,44.15223744749919,-13.15223744749919
7,71.0,60.79061439533281,10.20938560466719
8,67.0,63.56367721997175,3.4363227800282488
3,57.0,49.69836309677706,7.301636903222942
4,46.0,52.471425921416,-6.4714259214159995
6,34.0,58.017551570693875,-24.017551570693875
7,76.0,60.79061439533281,15.20938560466719
4,65.0,52.471425921416,12.528574078584
8,84.0,63.56367721997175,20.43632278002825
5,38.0,55.24448874605494,-17.24448874605494
1,27.0,44.15223744749919,-17.15223744749919
4,49.0,52.471425921416,-3.4714259214159995
3,52.0,49.69836309677706,2.301636903222942
9,86.0,66.33674004461069,19.663259955389307
8,74.0,63.56367721997175,10.436322780028249
1,64.0,44.15223744749919,19.84776255250081
6,53.0,58.017551570693875,-5.017551570693875
9,87.0,66.33674004461069,20.663259955389307
7,43.0,60.79061439533281,-17.79061439533281
4,37.0,52.471425921416,-15.471425921416
1,68.0,44.15223744749919,23.84776255250081
2,32.0,46.925300272138124,-14.925300272138124
5,49.0,55.24448874605494,-6.244488746054941
5,56.0,55.24448874605494,0.755511253945059
8,52.0,63.56367721997175,-11.563677219971751
6,41.0,58.017551570693875,-17.017551570693875
8,87.0,63.56367721997175,23.43632278002825
2,34.0,46.925300272138124,-12.925300272138124
3,32.0,49.69836309677706,-17.698363096777058
6,89.0,58.017551570693875,30.982448429306125
3,46.0,49.69836309677706,-3.698363096777058
6,36.0,58.017551570693875,-22.017551570693875
6,51.0,58.017551570693875,-7.017551570693875
2,46.0,46.925300272138124,-0.9253002721381236
7,72.0,60.79061439533281,11.20938560466719
2,27.0,46.925300272138124,-19.925300272138124
6,59.0,58.017551570693875,0.9824484293061246
1,25.0,44.15223744749919,-19.15223744749919
3,67.0,49.69836309677706,17.301636903222942
2,24.0,46.925300272138124,-22.925300272138124
7,82.0,60.79061439533281,21.20938560466719
4,35.0,52.471425921416,-17.471425921416
8,88.0,63.56367721997175,24.43632278002825
6,87.0,58.017551570693875,28.982448429306125
4,79.0,52.471425921416,26.528574078584
5,58.0,55.24448874605494,2.755511253945059
9,76.0,66.33674004461069,9.663259955389307
7,34.0,60.79061439533281,-26.79061439533281
9,95.0,66.33674004461069,28.663259955389307
7,93.0,60.79061439533281,32.20938560466719
1,67.0,44.15223744749919,22.84776255250081
8,85.0,63.56367721997175,21.43632278002825
4,36.0,52.471425921416,-16.471425921416
3,38.0,49.69836309677706,-11.698363096777058
7,66.0,60.79061439533281,5.20938560466719
3,78.0,49.69836309677706,28.301636903222942
8,58.0,63.56367721997175,-5.563677219971751
6,48.0,58.017551570693875,-10.017551570693875
5,41.0,55.24448874605494,-14.244488746054941
4,61.0,52.471425921416,8.528574078584
8,42.0,63.56367721997175,-21.56367721997175
8,50.0,63.56367721997175,-13.563677219971751
1,40.0,44.15223744749919,-4.152237447499189
9,94.0,66.33674004461069,27.663259955389307
5,84.0,55.24448874605494,28.75551125394506
4,59.0,52.471425921416,6.5285740785840005
6,39.0,58.017551570693875,-19.017551570693875
6,49.0,58.017551570693875,-9.017551570693875
2,59.0,46.925300272138124,12.074699727861876
8,49.0,63.56367721997175,-14.563677219971751
7,89.0,60.79061439533281,28.20938560466719
1,73.0,44.15223744749919,28.84776255250081
5,40.0,55.24448874605494,-15.244488746054941
6,79.0,58.017551570693875,20.982448429306125
4,74.0,52.471425921416,21.528574078584
2,49.0,46.925300272138124,2.0746997278618764
4,35.0,52.471425921416,-17.471425921416
1,39.0,44.15223744749919,-5.152237447499189
7,83.0,60.79061439533281,22.20938560466719
2,56.0,46.925300272138124,9.074699727861876
2,46.0,46.925300272138124,-0.9253002721381236
9,95.0,66.33674004461069,28.663259955389307
5,86.0,55.24448874605494,30.75551125394506
2,39.0,46.925300272138124,-7.925300272138124
9,70.0,66.33674004461069,3.6632599553893073
9,51.0,66.33674004461069,-15.336740044610693
1,41.0,44.15223744749919,-3.152237447499189
3,53.0,49.69836309677706,3.301636903222942
4,71.0,52.471425921416,18.528574078584
7,31.0,60.79061439533281,-29.79061439533281
4,63.0,52.471425921416,10.528574078584
2,61.0,46.925300272138124,14.074699727861876
7,65.0,60.79061439533281,4.20938560466719
6,63.0,58.017551570693875,4.982448429306125
3,63.0,49.69836309677706,13.301636903222942
6,58.0,58.017551570693875,-0.017551570693875362
6,62.0,58.017551570693875,3.9824484293061246
5,61.0,55.24448874605494,5.755511253945059
4,40.0,52.471425921416,-12.471425921416
1,39.0,44.15223744749919,-5.152237447499189
6,89.0,58.017551570693875,30.982448429306125
2,40.0,46.925300272138124,-6.925300272138124
3,35.0,49.69836309677706,-14.698363096777058
8,55.0,63.56367721997175,-8.563677219971751
6,60.0,58.017551570693875,1.9824484293061246
3,45.0,49.69836309677706,-4.698363096777058
7,76.0,60.79061439533281,15.20938560466719
4,38.0,52.471425921416,-14.471425921416
9,73.0,66.33674004461069,6.663259955389307
5,72.0,55.24448874605494,16.75551125394506
3,68.0,49.69836309677706,18.301636903222942
2,27.0,46.925300272138124,-19.925300272138124
2,33.0,46.925300272138124,-13.925300272138124
3,28.0,49.69836309677706,-21.698363096777058
2,46.0,46.925300272138124,-0.9253002721381236
4,52.0,52.471425921416,-0.4714259214159995
2,72.0,46.925300272138124,25.074699727861876
9,58.0,66.33674004461069,-8.336740044610693
2,69.0,46.925300272138124,22.074699727861876
9,54.0,66.33674004461069,-12.336740044610693
6,85.0,58.017551570693875,26.982448429306125
1,33.0,44.15223744749919,-11.15223744749919
4,33.0,52.471425921416,-19.471425921416
1,67.0,44.15223744749919,22.84776255250081
6,80.0,58.017551570693875,21.982448429306125
4,25.0,52.471425921416,-27.471425921416
3,76.0,49.69836309677706,26.301636903222942
3,53.0,49.69836309677706,3.301636903222942
9,63.0,66.33674004461069,-3.3367400446106927
6,75.0,58.017551570693875,16.982448429306125
9,38.0,66.33674004461069,-28.336740044610693
5,79.0,55.24448874605494,23.75551125394506
2,63.0,46.925300272138124,16.074699727861876
8,60.0,63.56367721997175,-3.5636772199717512
5,49.0,55.24448874605494,-6.244488746054941
2,66.0,46.925300272138124,19.074699727861876
4,71.0,52.471425921416,18.528574078584
9,66.0,66.33674004461069,-0.33674004461069273
4,41.0,52.471425921416,-11.471425921416
4,67.0,52.471425921416,14.528574078584
2,46.0,46.925300272138124,-0.9253002721381236
6,86.0,58.017551570693875,27.982448429306125
2,37.0,46.925300272138124,-9.925300272138124
7,42.0,60.79061439533281,-18.79061439533281
3,77.0,49.69836309677706,27.301636903222942
3,32.0,49.69836309677706,-17.698363096777058
5,47.0,55.24448874605494,-8.244488746054941
3,54.0,49.69836309677706,4.301636903222942
2,60.0,46.925300272138124,13.074699727861876
9,89.0,66.33674004461069,22.663259955389307
2,34.0,46.925300272138124,-12.925300272138124
2,59.0,46.925300272138124,12.074699727861876
8,52.0,63.56367721997175,-11.563677219971751
9,84.0,66.33674004461069,17.663259955389307
7,57.0,60.79061439533281,-3.7906143953328097
3,30.0,49.69836309677706,-19.698363096777058
9,47.0,66.33674004461069,-19.336740044610693
3,15.0,49.69836309677706,-34.69836309677706
5,49.0,55.24448874605494,-6.244488746054941
9,74.0,66.33674004461069,7.663259955389307
3,45.0,49.69836309677706,-4.698363096777058
7,61.0,60.79061439533281,0.20938560466719025
1,67.0,44.15223744749919,22.84776255250081
4,64.0,52.471425921416,11.528574078584
4,73.0,52.471425921416,20.528574078584
7,68.0,60.79061439533281,7.20938560466719
8,33.0,63.56367721997175,-30.56367721997175
1,60.0,44.15223744749919,15.84776255250081
5,30.0,55.24448874605494,-25.24448874605494
7,82.0,60.79061439533281,21.20938560466719
4,33.0,52.471425921416,-19.471425921416
4,28.0,52.471425921416,-24.471425921416
4,64.0,52.471425921416,11.528574078584
6,88.0,58.017551570693875,29.982448429306125
7,35.0,60.79061439533281,-25.79061439533281
2,30.0,46.925300272138124,-16.925300272138124
5,60.0,55.24448874605494,4.755511253945059
4,66.0,52.471425921416,13.528574078584
3,52.0,49.69836309677706,2.301636903222942
7,39.0,60.79061439533281,-21.79061439533281
6,45.0,58.017551570693875,-13.017551570693875
7,64.0,60.79061439533281,3.2093856046671903
5,66.0,55.24448874605494,10.755511253945059
6,61.0,58.017551570693875,2.9824484293061246
5,76.0,55.24448874605494,20.75551125394506
7,49.0,60.79061439533281,-11.79061439533281
2,43.0,46.925300272138124,-3.9253002721381236
5,45.0,55.24448874605494,-10.244488746054941
6,49.0,58.017551570693875,-9.017551570693875
6,27.0,58.017551570693875,-31.017551570693875
5,50.0,55.24448874605494,-5.244488746054941
7,52.0,60.79061439533281,-8.79061439533281
8,72.0,63.56367721997175,8.436322780028249
7,62.0,60.79061439533281,1.2093856046671903
5,80.0,55.24448874605494,24.75551125394506
1,53.0,44.15223744749919,8.84776255250081
5,42.0,55.24448874605494,-13.244488746054941
2,37.0,46.925300272138124,-9.925300272138124
5,77.0,55.24448874605494,21.75551125394506
5,73.0,55.24448874605494,17.75551125394506
2,46.0,46.925300272138124,-0.9253002721381236
5,54.0,55.24448874605494,-1.244488746054941
4,70.0,52.471425921416,17.528574078584
1,60.0,44.15223744749919,15.84776255250081
3,67.0,49.69836309677706,17.301636903222942
1,58.0,44.15223744749919,13.84776255250081
5,63.0,55.24448874605494,7.755511253945059
4,83.0,52.471425921416,30.528574078584
7,64.0,60.79061439533281,3.2093856046671903
5,57.0,55.24448874605494,1.755511253945059
4,45.0,52.471425921416,-7.4714259214159995
2,61.0,46.925300272138124,14.074699727861876
4,68.0,52.471425921416,15.528574078584
2,45.0,46.925300272138124,-1.9253002721381236
8,39.0,63.56367721997175,-24.56367721997175
3,77.0,49.69836309677706,27.301636903222942
9,55.0,66.33674004461069,-11.336740044610693
4,38.0,52.471425921416,-14.471425921416
6,40.0,58.017551570693875,-18.017551570693875
5,49.0,55.24448874605494,-6.244488746054941
1,74.0,44.15223744749919,29.84776255250081
9,86.0,66.33674004461069,19.663259955389307
1,72.0,44.15223744749919,27.84776255250081
8,72.0,63.56367721997175,8.436322780028249
9,77.0,66.33674004461069,10.663259955389307
9,76.0,66.33674004461069,9.663259955389307
1,67.0,44.15223744749919,22.84776255250081
2,52.0,46.925300272138124,5.074699727861876
1,52.0,44.15223744749919,7.847762552500811
2,67.0,46.925300272138124,20.074699727861876
8,66.0,63.56367721997175,2.4363227800282488
5,74.0,55.24448874605494,18.75551125394506
7,40.0,60.79061439533281,-20.79061439533281
2,44.0,46.925300272138124,-2.9253002721381236
8,97.0,63.56367721997175,33.43632278002825
6,48.0,58.017551570693875,-10.017551570693875
8,65.0,63.56367721997175,1.4363227800282488
1,57.0,44.15223744749919,12.84776255250081
1,19.0,44.15223744749919,-25.15223744749919
7,68.0,60.79061439533281,7.20938560466719
8,48.0,63.56367721997175,-15.563677219971751
3,34.0,49.69836309677706,-15.698363096777058
5,67.0,55.24448874605494,11.755511253945059
1,15.0,44.15223744749919,-29.15223744749919
7,83.0,60.79061439533281,22.20938560466719
5,83.0,55.24448874605494,27.75551125394506
8,46.0,63.56367721997175,-17.56367721997175
8,57.0,63.56367721997175,-6.563677219971751
9,42.0,66.33674004461069,-24.336740044610693
7,51.0,60.79061439533281,-9.79061439533281
1,24.0,44.15223744749919,-20.15223744749919
3,64.0,49.69836309677706,14.301636903222942
8,94.0,63.56367721997175,30.43632278002825
3,50.0,49.69836309677706,0.301636903222942
8,41.0,63.56367721997175,-22.56367721997175
1,45.0,44.15223744749919,0.8477625525008108
5,37.0,55.24448874605494,-18.24448874605494
4,75.0,52.471425921416,22.528574078584
5,80.0,55.24448874605494,24.75551125394506
8,94.0,63.56367721997175,30.43632278002825
4,62.0,52.471425921416,9.528574078584
4,73.0,52.471425921416,20.528574078584
3,43.0,49.69836309677706,-6.698363096777058
7,78.0,60.79061439533281,17.20938560466719
3,51.0,49.69836309677706,1.301636903222942
3,24.0,49.69836309677706,-25.698363096777058
5,46.0,55.24448874605494,-9.244488746054941
5,51.0,55.24448874605494,-4.244488746054941
6,35.0,58.017551570693875,-23.017551570693875
8,75.0,63.56367721997175,11.436322780028249
6,38.0,58.017551570693875,-20.017551570693875
1,79.0,44.15223744749919,34.84776255250081
8,42.0,63.56367721997175,-21.56367721997175
8,89.0,63.56367721997175,25.43632278002825
9,66.0,66.33674004461069,-0.33674004461069273
9,100.0,66.33674004461069,33.66325995538931
2,34.0,46.925300272138124,-12.925300272138124
2,59.0,46.925300272138124,12.074699727861876
3,28.0,49.69836309677706,-21.698363096777058
1,39.0,44.15223744749919,-5.152237447499189
4,36.0,52.471425921416,-16.471425921416
4,52.0,52.471425921416,-0.4714259214159995
9,57.0,66.33674004461069,-9.336740044610693
9,66.0,66.33674004461069,-0.33674004461069273
9,95.0,66.33674004461069,28.663259955389307
7,79.0,60.79061439533281,18.20938560466719
2,42.0,46.925300272138124,-4.925300272138124
5,23.0,55.24448874605494,-32.24448874605494
4,67.0,52.471425921416,14.528574078584
8,64.0,63.56367721997175,0.43632278002824876
2,43.0,46.925300272138124,-3.9253002721381236
6,56.0,58.017551570693875,-2.0175515706938754
5,43.0,55.24448874605494,-12.244488746054941
2,55.0,46.925300272138124,8.074699727861876
1,16.0,44.15223744749919,-28.15223744749919
8,65.0,63.56367721997175,1.4363227800282488
2,38.0,46.925300272138124,-8.925300272138124
7,57.0,60.79061439533281,-3.7906143953328097
9,83.0,66.33674004461069,16.663259955389307
9,47.0,66.33674004461069,-19.336740044610693
8,71.0,63.56367721997175,7.436322780028249
9,56.0,66.33674004461069,-10.336740044610693
2,57.0,46.925300272138124,10.074699727861876
6,23.0,58.017551570693875,-35.017551570693875
4,27.0,52.471425921416,-25.471425921416
4,65.0,52.471425921416,12.528574078584
5,54.0,55.24448874605494,-1.244488746054941
3,50.0,49.69836309677706,0.301636903222942
1,23.0,44.15223744749919,-21.15223744749919
8,77.0,63.56367721997175,13.436322780028249
5,83.0,55.24448874605494,27.75551125394506
3,66.0,49.69836309677706,16.301636903222942
7,38.0,60.79061439533281,-22.79061439533281
7,65.0,60.79061439533281,4.20938560466719
1,54.0,44.15223744749919,9.84776255250081
9,65.0,66.33674004461069,-1.3367400446106927
2,68.0,46.925300272138124,21.074699727861876
5,31.0,55.24448874605494,-24.24448874605494
5,83.0,55.24448874605494,27.75551125394506
8,49.0,63.56367721997175,-14.563677219971751
8,45.0,63.56367721997175,-18.56367721997175
7,46.0,60.79061439533281,-14.79061439533281
7,85.0,60.79061439533281,24.20938560466719
6,33.0,58.017551570693875,-25.017551570693875
6,83.0,58.017551570693875,24.982448429306125
9,71.0,66.33674004461069,4.663259955389307
6,49.0,58.017551570693875,-9.017551570693875
2,39.0,46.925300272138124,-7.925300272138124
2,51.0,46.925300272138124,4.074699727861876
5,57.0,55.24448874605494,1.755511253945059
4,81.0,52.471425921416,28.528574078584
2,65.0,46.925300272138124,18.074699727861876
3,66.0,49.69836309677706,16.301636903222942
7,86.0,60.79061439533281,25.20938560466719
8,66.0,63.56367721997175,2.4363227800282488
6,50.0,58.017551570693875,-8.017551570693875
5,46.0,55.24448874605494,-9.244488746054941
1,20.0,44.15223744749919,-24.15223744749919
8,58.0,63.56367721997175,-5.563677219971751
3,38.0,49.69836309677706,-11.698363096777058
6,91.0,58.017551570693875,32.982448429306125
3,77.0,49.69836309677706,27.301636903222942
7,83.0,60.79061439533281,22.20938560466719
7,79.0,60.79061439533281,18.20938560466719
9,50.0,66.33674004461069,-16.336740044610693
5,51.0,55.24448874605494,-4.244488746054941
8,49.0,63.56367721997175,-14.563677219971751
8,79.0,63.56367721997175,15.436322780028249
1,26.0,44.15223744749919,-18.15223744749919
5,42.0,55.24448874605494,-13.244488746054941
3,42.0,49.69836309677706,-7.698363096777058
1,35.0,44.15223744749919,-9.15223744749919
4,31.0,52.471425921416,-21.471425921416
8,50.0,63.56367721997175,-13.563677219971751
3,18.0,49.69836309677706,-31.698363096777058
2,50.0,46.925300272138124,3.0746997278618764
9,82.0,66.33674004461069,15.663259955389307
5,78.0,55.24448874605494,22.75551125394506
7,53.0,60.79061439533281,-7.79061439533281
2,65.0,46.925300272138124,18.074699727861876
9,76.0,66.33674004461069,9.663259955389307
9,94.0,66.33674004461069,27.663259955389307
4,79.0,52.471425921416,26.528574078584
4,27.0,52.471425921416,-25.471425921416
6,43.0,58.017551570693875,-15.017551570693875
6,30.0,58.017551570693875,-28.017551570693875
1,37.0,44.15223744749919,-7.152237447499189
9,90.0,66.33674004461069,23.663259955389307
2,68.0,46.925300272138124,21.074699727861876
5,64.0,55.24448874605494,8.755511253945059
9,73.0,66.33674004461069,6.663259955389307
4,53.0,52.471425921416,0.5285740785840005
3,46.0,49.69836309677706,-3.698363096777058
7,37.0,60.79061439533281,-23.79061439533281
6,29.0,58.017551570693875,-29.017551570693875
8,80.0,63.56367721997175,16.43632278002825
3,52.0,49.69836309677706,2.301636903222942
5,29.0,55.24448874605494,-26.24448874605494
4,70.0,52.471425921416,17.528574078584
4,40.0,52.471425921416,-12.471425921416
4,49.0,52.471425921416,-3.4714259214159995
8,92.0,63.56367721997175,28.43632278002825
6,46.0,58.017551570693875,-12.017551570693875
3,42.0,49.69836309677706,-7.698363096777058
5,41.0,55.24448874605494,-14.244488746054941
6,60.0,58.017551570693875,1.9824484293061246
5,41.0,55.24448874605494,-14.244488746054941
6,83.0,58.017551570693875,24.982448429306125
8,43.0,63.56367721997175,-20.56367721997175
7,36.0,60.79061439533281,-24.79061439533281
5,38.0,55.24448874605494,-17.24448874605494
6,47.0,58.017551570693875,-11.017551570693875
4,40.0,52.471425921416,-12.471425921416
9,59.0,66.33674004461069,-7.336740044610693
4,76.0,52.471425921416,23.528574078584
1,31.0,44.15223744749919,-13.15223744749919
7,44.0,60.79061439533281,-16.79061439533281
7,71.0,60.79061439533281,10.20938560466719
4,59.0,52.471425921416,6.5285740785840005
3,69.0,49.69836309677706,19.301636903222942
8,63.0,63.56367721997175,-0.5636772199717512
5,87.0,55.24448874605494,31.75551125394506
7,77.0,60.79061439533281,16.20938560466719
4,31.0,52.471425921416,-21.471425921416
4,47.0,52.471425921416,-5.4714259214159995
8,78.0,63.56367721997175,14.436322780028249
8,86.0,63.56367721997175,22.43632278002825
2,48.0,46.925300272138124,1.0746997278618764
2,24.0,46.925300272138124,-22.925300272138124
3,39.0,49.69836309677706,-10.698363096777058
3,71.0,49.69836309677706,21.301636903222942
1,60.0,44.15223744749919,15.84776255250081
3,54.0,49.69836309677706,4.301636903222942
6,45.0,58.017551570693875,-13.017551570693875
8,51.0,63.56367721997175,-12.563677219971751
6,78.0,58.017551570693875,19.982448429306125
5,48.0,55.24448874605494,-7.244488746054941
4,59.0,52.471425921416,6.5285740785840005
3,28.0,49.69836309677706,-21.698363096777058
4,35.0,52.471425921416,-17.471425921416
7,55.0,60.79061439533281,-5.79061439533281
1,69.0,44.15223744749919,24.84776255250081
7,87.0,60.79061439533281,26.20938560466719
1,32.0,44.15223744749919,-12.15223744749919
2,37.0,46.925300272138124,-9.925300272138124
4,66.0,52.471425921416,13.528574078584
1,66.0,44.15223744749919,21.84776255250081
9,56.0,66.33674004461069,-10.336740044610693
6,70.0,58.017551570693875,11.982448429306125
1,48.0,44.15223744749919,3.847762552500811
1,17.0,44.15223744749919,-27.15223744749919
6,59.0,58.017551570693875,0.9824484293061246
4,56.0,52.471425921416,3.5285740785840005
4,66.0,52.471425921416,13.528574078584
6,41.0,58.017551570693875,-17.017551570693875
7,76.0,60.79061439533281,15.20938560466719
9,54.0,66.33674004461069,-12.336740044610693
5,57.0,55.24448874605494,1.755511253945059
9,62.0,66.33674004461069,-4.336740044610693
4,38.0,52.471425921416,-14.471425921416
2,73.0,46.925300272138124,26.074699727861876
3,72.0,49.69836309677706,22.301636903222942
1,28.0,44.15223744749919,-16.15223744749919
6,28.0,58.017551570693875,-30.017551570693875
6,67.0,58.017551570693875,8.982448429306125
1,62.0,44.15223744749919,17.84776255250081
3,36.0,49.69836309677706,-13.698363096777058
5,33.0,55.24448874605494,-22.24448874605494
3,74.0,49.69836309677706,24.301636903222942
3,52.0,49.69836309677706,2.301636903222942
3,38.0,49.69836309677706,-11.698363096777058
5,62.0,55.24448874605494,6.755511253945059
5,50.0,55.24448874605494,-5.244488746054941
4,48.0,52.471425921416,-4.4714259214159995
1,15.0,44.15223744749919,-29.15223744749919
5,51.0,55.24448874605494,-4.244488746054941
5,37.0,55.24448874605494,-18.24448874605494
4,59.0,52.471425921416,6.5285740785840005
6,46.0,58.017551570693875,-12.017551570693875
4,78.0,52.471425921416,25.528574078584
7,74.0,60.79061439533281,13.20938560466719
7,78.0,60.79061439533281,17.20938560466719
2,27.0,46.925300272138124,-19.925300272138124
3,74.0,49.69836309677706,24.301636903222942
1,15.0,44.15223744749919,-29.15223744749919
8,46.0,63.56367721997175,-17.56367721997175
9,90.0,66.33674004461069,23.663259955389307
4,58.0,52.471425921416,5.5285740785840005
6,65.0,58.017551570693875,6.982448429306125
9,65.0,66.33674004461069,-1.3367400446106927
6,36.0,58.017551570693875,-22.017551570693875
9,52.0,66.33674004461069,-14.336740044610693
4,79.0,52.471425921416,26.528574078584
8,74.0,63.56367721997175,10.436322780028249
9,93.0,66.33674004461069,26.663259955389307
4,57.0,52.471425921416,4.5285740785840005
5,65.0,55.24448874605494,9.755511253945059
8,69.0,63.56367721997175,5.436322780028249
6,71.0,58.017551570693875,12.982448429306125
7,31.0,60.79061439533281,-29.79061439533281
3,78.0,49.69836309677706,28.301636903222942
7,60.0,60.79061439533281,-0.7906143953328097
8,58.0,63.56367721997175,-5.563677219971751
6,46.0,58.017551570693875,-12.017551570693875
9,87.0,66.33674004461069,20.663259955389307
6,81.0,58.017551570693875,22.982448429306125
9,69.0,66.33674004461069,2.6632599553893073
4,46.0,52.471425921416,-6.4714259214159995
8,41.0,63.56367721997175,-22.56367721997175
4,50.0,52.471425921416,-2.4714259214159995
2,24.0,46.925300272138124,-22.925300272138124
9,97.0,66.33674004461069,30.663259955389307
5,35.0,55.24448874605494,-20.24448874605494
4,82.0,52.471425921416,29.528574078584
2,24.0,46.925300272138124,-22.925300272138124
1,59.0,44.15223744749919,14.84776255250081
7,42.0,60.79061439533281,-18.79061439533281
6,56.0,58.017551570693875,-2.0175515706938754
2,30.0,46.925300272138124,-16.925300272138124
8,49.0,63.56367721997175,-14.563677219971751
4,56.0,52.471425921416,3.5285740785840005
8,98.0,63.56367721997175,34.43632278002825
7,79.0,60.79061439533281,18.20938560466719
5,54.0,55.24448874605494,-1.244488746054941
8,93.0,63.56367721997175,29.43632278002825
9,63.0,66.33674004461069,-3.3367400446106927
5,76.0,55.24448874605494,20.75551125394506
5,27.0,55.24448874605494,-28.24448874605494
2,35.0,46.925300272138124,-11.925300272138124
5,39.0,55.24448874605494,-16.24448874605494
3,59.0,49.69836309677706,9.301636903222942
7,50.0,60.79061439533281,-10.79061439533281
5,77.0,55.24448874605494,21.75551125394506
8,70.0,63.56367721997175,6.436322780028249
1,62.0,44.15223744749919,17.84776255250081
3,71.0,49.69836309677706,21.301636903222942
3,39.0,49.69836309677706,-10.698363096777058
9,41.0,66.33674004461069,-25.336740044610693
5,51.0,55.24448874605494,-4.244488746054941
9,52.0,66.33674004461069,-14.336740044610693
9,49.0,66.33674004461069,-17.336740044610693
1,76.0,44.15223744749919,31.84776255250081
2,71.0,46.925300272138124,24.074699727861876
5,42.0,55.24448874605494,-13.244488746054941
4,60.0,52.471425921416,7.5285740785840005
9,53.0,66.33674004461069,-13.336740044610693
7,40.0,60.79061439533281,-20.79061439533281
6,85.0,58.017551570693875,26.982448429306125
7,70.0,60.79061439533281,9.20938560466719
1,63.0,44.15223744749919,18.84776255250081
1,42.0,44.15223744749919,-2.152237447499189
8,73.0,63.56367721997175,9.436322780028249
2,35.0,46.925300272138124,-11.925300272138124
9,48.0,66.33674004461069,-18.336740044610693
7,49.0,60.79061439533281,-11.79061439533281
6,75.0,58.017551570693875,16.982448429306125
1,35.0,44.15223744749919,-9.15223744749919
1,70.0,44.15223744749919,25.84776255250081
2,71.0,46.925300272138124,24.074699727861876
6,74.0,58.017551570693875,15.982448429306125
6,77.0,58.017551570693875,18.982448429306125
2,30.0,46.925300272138124,-16.925300272138124
1,13.0,44.15223744749919,-31.15223744749919
5,26.0,55.24448874605494,-29.24448874605494
5,35.0,55.24448874605494,-20.24448874605494
2,40.0,46.925300272138124,-6.925300272138124
6,55.0,58.017551570693875,-3.0175515706938754
9,37.0,66.33674004461069,-29.336740044610693
2,64.0,46.925300272138124,17.074699727861876
2,23.0,46.925300272138124,-23.925300272138124
3,27.0,49.69836309677706,-22.698363096777058
7,42.0,60.79061439533281,-18.79061439533281
6,34.0,58.017551570693875,-24.017551570693875
8,63.0,63.56367721997175,-0.5636772199717512
8,50.0,63.56367721997175,-13.563677219971751
6,75.0,58.017551570693875,16.982448429306125
3,74.0,49.69836309677706,24.301636903222942
3,39.0,49.69836309677706,-10.698363096777058
1,63.0,44.15223744749919,18.84776255250081
7,36.0,60.79061439533281,-24.79061439533281
5,84.0,55.24448874605494,28.75551125394506
4,30.0,52.471425921416,-22.471425921416
4,60.0,52.471425921416,7.5285740785840005
4,61.0,52.471425921416,8.528574078584
6,70.0,58.017551570693875,11.982448429306125
8,32.0,63.56367721997175,-31.56367721997175
8,87.0,63.56367721997175,23.43632278002825
5,72.0,55.24448874605494,16.75551125394506
6,68.0,58.017551570693875,9.982448429306125
4,29.0,52.471425921416,-23.471425921416
9,78.0,66.33674004461069,11.663259955389307
8,45.0,63.56367721997175,-18.56367721997175
1,20.0,44.15223744749919,-24.15223744749919
2,66.0,46.925300272138124,19.074699727861876
9,77.0,66.33674004461069,10.663259955389307
8,72.0,63.56367721997175,8.436322780028249
3,26.0,49.69836309677706,-23.698363096777058
8,67.0,63.56367721997175,3.4363227800282488
1,67.0,44.15223744749919,22.84776255250081
4,68.0,52.471425921416,15.528574078584
3,56.0,49.69836309677706,6.301636903222942
6,61.0,58.017551570693875,2.9824484293061246
7,50.0,60.79061439533281,-10.79061439533281
4,68.0,52.471425921416,15.528574078584
7,47.0,60.79061439533281,-13.79061439533281
9,56.0,66.33674004461069,-10.336740044610693
2,40.0,46.925300272138124,-6.925300272138124
3,68.0,49.69836309677706,18.301636903222942
5,26.0,55.24448874605494,-29.24448874605494
3,55.0,49.69836309677706,5.301636903222942
8,84.0,63.56367721997175,20.43632278002825
8,40.0,63.56367721997175,-23.56367721997175
8,85.0,63.56367721997175,21.43632278002825
9,85.0,66.33674004461069,18.663259955389307
4,40.0,52.471425921416,-12.471425921416
5,68.0,55.24448874605494,12.755511253945059
5,74.0,55.24448874605494,18.75551125394506
8,90.0,63.56367721997175,26.43632278002825
7,82.0,60.79061439533281,21.20938560466719
9,57.0,66.33674004461069,-9.336740044610693
8,61.0,63.56367721997175,-2.5636772199717512
2,38.0,46.925300272138124,-8.925300272138124
4,46.0,52.471425921416,-6.4714259214159995
6,80.0,58.017551570693875,21.982448429306125
2,67.0,46.925300272138124,20.074699727861876
7,84.0,60.79061439533281,23.20938560466719
3,58.0,49.69836309677706,8.301636903222942
3,55.0,49.69836309677706,5.301636903222942
2,57.0,46.925300272138124,10.074699727861876
8,87.0,63.56367721997175,23.43632278002825
6,80.0,58.017551570693875,21.982448429306125
1,54.0,44.15223744749919,9.84776255250081
1,64.0,44.15223744749919,19.84776255250081
7,33.0,60.79061439533281,-27.79061439533281
8,83.0,63.56367721997175,19.43632278002825
5,66.0,55.24448874605494,10.755511253945059
5,33.0,55.24448874605494,-22.24448874605494
4,31.0,52.471425921416,-21.471425921416
6,40.0,58.017551570693875,-18.017551570693875
6,66.0,58.017551570693875,7.982448429306125
3,67.0,49.69836309677706,17.301636903222942
9,64.0,66.33674004461069,-2.3367400446106927
7,52.0,60.79061439533281,-8.79061439533281
1,68.0,44.15223744749919,23.84776255250081
7,58.0,60.79061439533281,-2.7906143953328097
5,72.0,55.24448874605494,16.75551125394506
5,65.0,55.24448874605494,9.755511253945059
2,65.0,46.925300272138124,18.074699727861876
4,24.0,52.471425921416,-28.471425921416
6,35.0,58.017551570693875,-23.017551570693875
7,34.0,60.79061439533281,-26.79061439533281
5,57.0,55.24448874605494,1.755511253945059
9,54.0,66.33674004461069,-12.336740044610693
3,42.0,49.69836309677706,-7.698363096777058
1,39.0,44.15223744749919,-5.152237447499189
4,62.0,52.471425921416,9.528574078584
9,71.0,66.33674004461069,4.663259955389307
4,42.0,52.471425921416,-10.471425921416
2,52.0,46.925300272138124,5.074699727861876
5,54.0,55.24448874605494,-1.244488746054941
3,68.0,49.69836309677706,18.301636903222942
9,50.0,66.33674004461069,-16.336740044610693
4,46.0,52.471425921416,-6.4714259214159995
6,68.0,58.017551570693875,9.982448429306125
2,19.0,46.925300272138124,-27.925300272138124
6,68.0,58.017551570693875,9.982448429306125
3,74.0,49.69836309677706,24.301636903222942
9,63.0,66.33674004461069,-3.3367400446106927
2,60.0,46.925300272138124,13.074699727861876
9,47.0,66.33674004461069,-19.336740044610693
5,47.0,55.24448874605494,-8.244488746054941
8,87.0,63.56367721997175,23.43632278002825
2,45.0,46.925300272138124,-1.9253002721381236
6,31.0,58.017551570693875,-27.017551570693875
3,61.0,49.69836309677706,11.301636903222942
5,73.0,55.24448874605494,17.75551125394506
8,92.0,63.56367721997175,28.43632278002825
1,65.0,44.15223744749919,20.84776255250081
5,69.0,55.24448874605494,13.755511253945059
3,20.0,49.69836309677706,-29.698363096777058
4,66.0,52.471425921416,13.528574078584
2,38.0,46.925300272138124,-8.925300272138124
9,81.0,66.33674004461069,14.663259955389307
3,39.0,49.69836309677706,-10.698363096777058
2,53.0,46.925300272138124,6.074699727861876
9,44.0,66.33674004461069,-22.336740044610693
7,58.0,60.79061439533281,-2.7906143953328097
6,79.0,58.017551570693875,20.982448429306125
1,75.0,44.15223744749919,30.84776255250081
5,59.0,55.24448874605494,3.755511253945059
3,23.0,49.69836309677706,-26.698363096777058
1,74.0,44.15223744749919,29.84776255250081
4,65.0,52.471425921416,12.528574078584
2,60.0,46.925300272138124,13.074699727861876
2,32.0,46.925300272138124,-14.925300272138124
3,38.0,49.69836309677706,-11.698363096777058
8,91.0,63.56367721997175,27.43632278002825
8,34.0,63.56367721997175,-29.56367721997175
7,46.0,60.79061439533281,-14.79061439533281
6,55.0,58.017551570693875,-3.0175515706938754
9,43.0,66.33674004461069,-23.336740044610693
4,67.0,52.471425921416,14.528574078584
1,56.0,44.15223744749919,11.84776255250081
8,58.0,63.56367721997175,-5.563677219971751
7,60.0,60.79061439533281,-0.7906143953328097
7,77.0,60.79061439533281,16.20938560466719
3,69.0,49.69836309677706,19.301636903222942
4,60.0,52.471425921416,7.5285740785840005
9,52.0,66.33674004461069,-14.336740044610693
6,36.0,58.017551570693875,-22.017551570693875
5,49.0,55.24448874605494,-6.244488746054941
3,50.0,49.69836309677706,0.301636903222942
9,48.0,66.33674004461069,-18.336740044610693
5,43.0,55.24448874605494,-12.244488746054941
5,34.0,55.24448874605494,-21.24448874605494
4,57.0,52.471425921416,4.5285740785840005
4,50.0,52.471425921416,-2.4714259214159995
1,28.0,44.15223744749919,-16.15223744749919
7,72.0,60.79061439533281,11.20938560466719
9,38.0,66.33674004461069,-28.336740044610693
3,68.0,49.69836309677706,18.301636903222942
2,41.0,46.925300272138124,-5.925300272138124
3,53.0,49.69836309677706,3.301636903222942
1,36.0,44.15223744749919,-8.15223744749919
6,80.0,58.017551570693875,21.982448429306125
7,73.0,60.79061439533281,12.20938560466719
2,59.0,46.925300272138124,12.074699727861876
8,67.0,63.56367721997175,3.4363227800282488
6,91.0,58.017551570693875,32.982448429306125
4,34.0,52.471425921416,-18.471425921416
5,23.0,55.24448874605494,-32.24448874605494
8,86.0,63.56367721997175,22.43632278002825
3,73.0,49.69836309677706,23.301636903222942
3,49.0,49.69836309677706,-0.698363096777058
4,43.0,52.471425921416,-9.471425921416
1,61.0,44.15223744749919,16.84776255250081
9,45.0,66.33674004461069,-21.336740044610693
8,85.0,63.56367721997175,21.43632278002825
8,75.0,63.56367721997175,11.436322780028249
6,44.0,58.017551570693875,-14.017551570693875
7,66.0,60.79061439533281,5.20938560466719
6,45.0,58.017551570693875,-13.017551570693875
9,40.0,66.33674004461069,-26.336740044610693
3,38.0,49.69836309677706,-11.698363096777058
3,50.0,49.69836309677706,0.301636903222942
3,67.0,49.69836309677706,17.301636903222942
3,21.0,49.69836309677706,-28.698363096777058
9,51.0,66.33674004461069,-15.336740044610693
4,25.0,52.471425921416,-27.471425921416
7,53.0,60.79061439533281,-7.79061439533281
9,71.0,66.33674004461069,4.663259955389307
7,77.0,60.79061439533281,16.20938560466719
9,75.0,66.33674004461069,8.663259955389307
3,60.0,49.69836309677706,10.301636903222942
4,49.0,52.471425921416,-3.4714259214159995
8,87.0,63.56367721997175,23.43632278002825
6,40.0,58.017551570693875,-18.017551570693875
5,56.0,55.24448874605494,0.755511253945059
4,49.0,52.471425921416,-3.4714259214159995
8,59.0,63.56367721997175,-4.563677219971751
1,59.0,44.15223744749919,14.84776255250081
9,54.0,66.33674004461069,-12.336740044610693
1,17.0,44.15223744749919,-27.15223744749919
8,90.0,63.56367721997175,26.43632278002825
4,23.0,52.471425921416,-29.471425921416
9,82.0,66.33674004461069,15.663259955389307
5,49.0,55.24448874605494,-6.244488746054941
3,50.0,49.69836309677706,0.301636903222942
9,60.0,66.33674004461069,-6.336740044610693
9,60.0,66.33674004461069,-6.336740044610693
4,74.0,52.471425921416,21.528574078584
4,71.0,52.471425921416,18.528574078584
8,77.0,63.56367721997175,13.436322780028249
2,34.0,46.925300272138124,-12.925300272138124
9,39.0,66.33674004461069,-27.336740044610693
6,85.0,58.017551570693875,26.982448429306125
9,64.0,66.33674004461069,-2.3367400446106927
8,87.0,63.56367721997175,23.43632278002825
7,91.0,60.79061439533281,30.20938560466719
1,73.0,44.15223744749919,28.84776255250081
3,34.0,49.69836309677706,-15.698363096777058
2,70.0,46.925300272138124,23.074699727861876
5,42.0,55.24448874605494,-13.244488746054941
5,55.0,55.24448874605494,-0.24448874605494098
5,45.0,55.24448874605494,-10.244488746054941
4,49.0,52.471425921416,-3.4714259214159995
5,37.0,55.24448874605494,-18.24448874605494
3,55.0,49.69836309677706,5.301636903222942
1,38.0,44.15223744749919,-6.152237447499189
5,35.0,55.24448874605494,-20.24448874605494
9,41.0,66.33674004461069,-25.336740044610693
9,43.0,66.33674004461069,-23.336740044610693
4,46.0,52.471425921416,-6.4714259214159995
3,69.0,49.69836309677706,19.301636903222942
1,37.0,44.15223744749919,-7.152237447499189
2,31.0,46.925300272138124,-15.925300272138124
8,90.0,63.56367721997175,26.43632278002825
1,33.0,44.15223744749919,-11.15223744749919
8,44.0,63.56367721997175,-19.56367721997175
7,62.0,60.79061439533281,1.2093856046671903
8,41.0,63.56367721997175,-22.56367721997175
6,38.0,58.017551570693875,-20.017551570693875
9,45.0,66.33674004461069,-21.336740044610693
3,34.0,49.69836309677706,-15.698363096777058
4,72.0,52.471425921416,19.528574078584
6,29.0,58.017551570693875,-29.017551570693875
8,83.0,63.56367721997175,19.43632278002825
5,61.0,55.24448874605494,5.755511253945059
3,75.0,49.69836309677706,25.301636903222942
6,63.0,58.017551570693875,4.982448429306125
4,36.0,52.471425921416,-16.471425921416
9,62.0,66.33674004461069,-4.336740044610693
3,49.0,49.69836309677706,-0.698363096777058
4,46.0,52.471425921416,-6.4714259214159995
7,69.0,60.79061439533281,8.20938560466719
7,35.0,60.79061439533281,-25.79061439533281
4,38.0,52.471425921416,-14.471425921416
6,62.0,58.017551570693875,3.9824484293061246
3,30.0,49.69836309677706,-19.698363096777058
6,52.0,58.017551570693875,-6.017551570693875
2,16.0,46.925300272138124,-30.925300272138124
8,66.0,63.56367721997175,2.4363227800282488
2,20.0,46.925300272138124,-26.925300272138124
7,86.0,60.79061439533281,25.20938560466719
9,38.0,66.33674004461069,-28.336740044610693
1,30.0,44.15223744749919,-14.15223744749919
8,71.0,63.56367721997175,7.436322780028249
7,49.0,60.79061439533281,-11.79061439533281
6,79.0,58.017551570693875,20.982448429306125
6,69.0,58.017551570693875,10.982448429306125
6,56.0,58.017551570693875,-2.0175515706938754
9,47.0,66.33674004461069,-19.336740044610693
2,41.0,46.925300272138124,-5.925300272138124
1,58.0,44.15223744749919,13.84776255250081
6,38.0,58.017551570693875,-20.017551570693875
8,52.0,63.56367721997175,-11.563677219971751
3,25.0,49.69836309677706,-24.698363096777058
1,62.0,44.15223744749919,17.84776255250081
9,60.0,66.33674004461069,-6.336740044610693
1,63.0,44.15223744749919,18.84776255250081
3,72.0,49.69836309677706,22.301636903222942
8,84.0,63.56367721997175,20.43632278002825
3,74.0,49.69836309677706,24.301636903222942
4,61.0,52.471425921416,8.528574078584
8,77.0,63.56367721997175,13.436322780028249
1,36.0,44.15223744749919,-8.15223744749919
6,65.0,58.017551570693875,6.982448429306125
1,23.0,44.15223744749919,-21.15223744749919
1,60.0,44.15223744749919,15.84776255250081
8,83.0,63.56367721997175,19.43632278002825
4,56.0,52.471425921416,3.5285740785840005
1,37.0,44.15223744749919,-7.152237447499189
7,43.0,60.79061439533281,-17.79061439533281
5,76.0,55.24448874605494,20.75551125394506
5,83.0,55.24448874605494,27.75551125394506
1,63.0,44.15223744749919,18.84776255250081
6,39.0,58.017551570693875,-19.017551570693875
9,48.0,66.33674004461069,-18.336740044610693
9,53.0,66.33674004461069,-13.336740044610693
8,84.0,63.56367721997175,20.43632278002825
5,63.0,55.24448874605494,7.755511253945059
1,73.0,44.15223744749919,28.84776255250081
9,99.0,66.33674004461069,32.66325995538931
1,52.0,44.15223744749919,7.847762552500811
8,58.0,63.56367721997175,-5.563677219971751
5,50.0,55.24448874605494,-5.244488746054941
3,18.0,49.69836309677706,-31.698363096777058
7,62.0,60.79061439533281,1.2093856046671903
7,87.0,60.79061439533281,26.20938560466719
9,53.0,66.33674004461069,-13.336740044610693
7,87.0,60.79061439533281,26.20938560466719
3,37.0,49.69836309677706,-12.698363096777058
1,31.0,44.15223744749919,-13.15223744749919
8,63.0,63.56367721997175,-0.5636772199717512
3,81.0,49.69836309677706,31.301636903222942
8,95.0,63.56367721997175,31.43632278002825
8,45.0,63.56367721997175,-18.56367721997175
5,48.0,55.24448874605494,-7.244488746054941
1,47.0,44.15223744749919,2.847762552500811
7,31.0,60.79061439533281,-29.79061439533281
5,43.0,55.24448874605494,-12.244488746054941
8,82.0,63.56367721997175,18.43632278002825
9,80.0,66.33674004461069,13.663259955389307
7,76.0,60.79061439533281,15.20938560466719
7,57.0,60.79061439533281,-3.7906143953328097
1,64.0,44.15223744749919,19.84776255250081
4,35.0,52.471425921416,-17.471425921416
2,24.0,46.925300272138124,-22.925300272138124
2,30.0,46.925300272138124,-16.925300272138124
2,38.0,46.925300272138124,-8.925300272138124
4,45.0,52.471425921416,-7.4714259214159995
1,44.0,44.15223744749919,-0.15223744749918922
4,53.0,52.471425921416,0.5285740785840005
2,53.0,46.925300272138124,6.074699727861876
5,84.0,55.24448874605494,28.75551125394506
3,47.0,49.69836309677706,-2.698363096777058
8,76.0,63.56367721997175,12.436322780028249
4,57.0,52.471425921416,4.5285740785840005
1,71.0,44.15223744749919,26.84776255250081
1,74.0,44.15223744749919,29.84776255250081
3,54.0,49.69836309677706,4.301636903222942
9,84.0,66.33674004461069,17.663259955389307
7,62.0,60.79061439533281,1.2093856046671903
2,35.0,46.925300272138124,-11.925300272138124
9,62.0,66.33674004461069,-4.336740044610693
2,30.0,46.925300272138124,-16.925300272138124
3,47.0,49.69836309677706,-2.698363096777058
2,25.0,46.925300272138124,-21.925300272138124
3,40.0,49.69836309677706,-9.698363096777058
6,56.0,58.017551570693875,-2.0175515706938754
9,38.0,66.33674004461069,-28.336740044610693
9,86.0,66.33674004461069,19.663259955389307
7,38.0,60.79061439533281,-22.79061439533281
3,17.0,49.69836309677706,-32.69836309677706
4,75.0,52.471425921416,22.528574078584
6,48.0,58.017551570693875,-10.017551570693875
5,87.0,55.24448874605494,31.75551125394506
2,32.0,46.925300272138124,-14.925300272138124
6,68.0,58.017551570693875,9.982448429306125
3,42.0,49.69836309677706,-7.698363096777058
8,96.0,63.56367721997175,32.43632278002825
2,42.0,46.925300272138124,-4.925300272138124
1,18.0,44.15223744749919,-26.15223744749919
9,41.0,66.33674004461069,-25.336740044610693
3,54.0,49.69836309677706,4.301636903222942
1,67.0,44.15223744749919,22.84776255250081
7,57.0,60.79061439533281,-3.7906143953328097
5,65.0,55.24448874605494,9.755511253945059
5,62.0,55.24448874605494,6.755511253945059
1,56.0,44.15223744749919,11.84776255250081
9,39.0,66.33674004461069,-27.336740044610693
7,38.0,60.79061439533281,-22.79061439533281
8,65.0,63.56367721997175,1.4363227800282488
9,68.0,66.33674004461069,1.6632599553893073
6,82.0,58.017551570693875,23.982448429306125
5,44.0,55.24448874605494,-11.244488746054941
6,67.0,58.017551570693875,8.982448429306125
2,53.0,46.925300272138124,6.074699727861876
4,61.0,52.471425921416,8.528574078584
3,53.0,49.69836309677706,3.301636903222942
7,61.0,60.79061439533281,0.20938560466719025
9,49.0,66.33674004461069,-17.336740044610693
5,61.0,55.24448874605494,5.755511253945059
6,38.0,58.017551570693875,-20.017551570693875
2,76.0,46.925300272138124,29.074699727861876
3,47.0,49.69836309677706,-2.698363096777058
3,32.0,49.69836309677706,-17.698363096777058
9,71.0,66.33674004461069,4.663259955389307
7,69.0,60.79061439533281,8.20938560466719
8,53.0,63.56367721997175,-10.563677219971751
9,100.0,66.33674004461069,33.66325995538931
6,49.0,58.017551570693875,-9.017551570693875
4,48.0,52.471425921416,-4.4714259214159995
1,45.0,44.15223744749919,0.8477625525008108
8,40.0,63.56367721997175,-23.56367721997175
7,71.0,60.79061439533281,10.20938560466719
2,34.0,46.925300272138124,-12.925300272138124
8,76.0,63.56367721997175,12.436322780028249
5,29.0,55.24448874605494,-26.24448874605494
7,71.0,60.79061439533281,10.20938560466719
4,69.0,52.471425921416,16.528574078584
5,58.0,55.24448874605494,2.755511253945059
8,43.0,63.56367721997175,-20.56367721997175
1,17.0,44.15223744749919,-27.15223744749919
1,41.0,44.15223744749919,-3.152237447499189
4,27.0,52.471425921416,-25.471425921416
3,45.0,49.69836309677706,-4.698363096777058
2,65.0,46.925300272138124,18.074699727861876
3,31.0,49.69836309677706,-18.698363096777058
1,14.0,44.15223744749919,-30.15223744749919
1,33.0,44.15223744749919,-11.15223744749919
6,60.0,58.017551570693875,1.9824484293061246
5,34.0,55.24448874605494,-21.24448874605494
8,82.0,63.56367721997175,18.43632278002825
2,40.0,46.925300272138124,-6.925300272138124
4,66.0,52.471425921416,13.528574078584
8,76.0,63.56367721997175,12.436322780028249
6,46.0,58.017551570693875,-12.017551570693875
1,31.0,44.15223744749919,-13.15223744749919
4,57.0,52.471425921416,4.5285740785840005
1,65.0,44.15223744749919,20.84776255250081
2,38.0,46.925300272138124,-8.925300272138124
5,46.0,55.24448874605494,-9.244488746054941
8,53.0,63.56367721997175,-10.563677219971751
8,97.0,63.56367721997175,33.43632278002825
3,63.0,49.69836309677706,13.301636903222942
4,55.0,52.471425921416,2.5285740785840005
6,79.0,58.017551570693875,20.982448429306125
3,26.0,49.69836309677706,-23.698363096777058
2,55.0,46.925300272138124,8.074699727861876
6,37.0,58.017551570693875,-21.017551570693875
5,78.0,55.24448874605494,22.75551125394506
5,45.0,55.24448874605494,-10.244488746054941
5,45.0,55.24448874605494,-10.244488746054941
5,34.0,55.24448874605494,-21.24448874605494
3,66.0,49.69836309677706,16.301636903222942
7,79.0,60.79061439533281,18.20938560466719
6,63.0,58.017551570693875,4.982448429306125
4,32.0,52.471425921416,-20.471425921416
2,64.0,46.925300272138124,17.074699727861876
9,78.0,66.33674004461069,11.663259955389307
1,69.0,44.15223744749919,24.84776255250081
4,46.0,52.471425921416,-6.4714259214159995
1,54.0,44.15223744749919,9.84776255250081
6,51.0,58.017551570693875,-7.017551570693875
4,78.0,52.471425921416,25.528574078584
5,54.0,55.24448874605494,-1.244488746054941
5,80.0,55.24448874605494,24.75551125394506
9,67.0,66.33674004461069,0.6632599553893073
1,48.0,44.15223744749919,3.847762552500811
2,61.0,46.925300272138124,14.074699727861876
6,83.0,58.017551570693875,24.982448429306125
5,82.0,55.24448874605494,26.75551125394506
7,78.0,60.79061439533281,17.20938560466719
3,78.0,49.69836309677706,28.301636903222942
3,70.0,49.69836309677706,20.301636903222942
2,48.0,46.925300272138124,1.0746997278618764
3,26.0,49.69836309677706,-23.698363096777058
1,46.0,44.15223744749919,1.8477625525008108
5,42.0,55.24448874605494,-13.244488746054941
5,46.0,55.24448874605494,-9.244488746054941
7,91.0,60.79061439533281,30.20938560466719
4,47.0,52.471425921416,-5.4714259214159995
3,61.0,49.69836309677706,11.301636903222942
1,31.0,44.15223744749919,-13.15223744749919
8,71.0,63.56367721997175,7.436322780028249
3,66.0,49.69836309677706,16.301636903222942
2,52.0,46.925300272138124,5.074699727861876
4,71.0,52.471425921416,18.528574078584
3,60.0,49.69836309677706,10.301636903222942
1,32.0,44.15223744749919,-12.15223744749919
3,33.0,49.69836309677706,-16.698363096777058
2,56.0,46.925300272138124,9.074699727861876
8,32.0,63.56367721997175,-31.56367721997175
6,76.0,58.017551570693875,17.982448429306125
9,40.0,66.33674004461069,-26.336740044610693
8,60.0,63.56367721997175,-3.5636772199717512
3,54.0,49.69836309677706,4.301636903222942
5,59.0,55.24448874605494,3.755511253945059
7,74.0,60.79061439533281,13.20938560466719
5,29.0,55.24448874605494,-26.24448874605494
8,61.0,63.56367721997175,-2.5636772199717512
5,50.0,55.24448874605494,-5.244488746054941
1,36.0,44.15223744749919,-8.15223744749919
5,41.0,55.24448874605494,-14.244488746054941
4,60.0,52.471425921416,7.5285740785840005
6,56.0,58.017551570693875,-2.0175515706938754
3,23.0,49.69836309677706,-26.698363096777058
5,63.0,55.24448874605494,7.755511253945059
2,54.0,46.925300272138124,7.074699727861876
6,64.0,58.017551570693875,5.982448429306125
6,64.0,58.017551570693875,5.982448429306125
5,58.0,55.24448874605494,2.755511253945059
6,38.0,58.017551570693875,-20.017551570693875
7,60.0,60.79061439533281,-0.7906143953328097
5,79.0,55.24448874605494,23.75551125394506
1,57.0,44.15223744749919,12.84776255250081
8,69.0,63.56367721997175,5.436322780028249
4,51.0,52.471425921416,-1.4714259214159995
9,86.0,66.33674004461069,19.663259955389307
6,90.0,58.017551570693875,31.982448429306125
1,57.0,44.15223744749919,12.84776255250081
3,61.0,49.69836309677706,11.301636903222942
3,71.0,49.69836309677706,21.301636903222942
4,30.0,52.471425921416,-22.471425921416
6,34.0,58.017551570693875,-24.017551570693875
7,34.0,60.79061439533281,-26.79061439533281
4,58.0,52.471425921416,5.5285740785840005
6,85.0,58.017551570693875,26.982448429306125
1,55.0,44.15223744749919,10.84776255250081
8,51.0,63.56367721997175,-12.563677219971751
7,53.0,60.79061439533281,-7.79061439533281
9,51.0,66.33674004461069,-15.336740044610693
3,31.0,49.69836309677706,-18.698363096777058
2,44.0,46.925300272138124,-2.9253002721381236
1,48.0,44.15223744749919,3.847762552500811
3,41.0,49.69836309677706,-8.698363096777058
5,40.0,55.24448874605494,-15.244488746054941
2,72.0,46.925300272138124,25.074699727861876
3,41.0,49.69836309677706,-8.698363096777058
4,78.0,52.471425921416,25.528574078584
7,70.0,60.79061439533281,9.20938560466719
3,41.0,49.69836309677706,-8.698363096777058
9,78.0,66.33674004461069,11.663259955389307
8,70.0,63.56367721997175,6.436322780028249
4,61.0,52.471425921416,8.528574078584
1,33.0,44.15223744749919,-11.15223744749919
1,71.0,44.15223744749919,26.84776255250081
1,51.0,44.15223744749919,6.847762552500811
1,72.0,44.15223744749919,27.84776255250081
8,69.0,63.56367721997175,5.436322780028249
3,21.0,49.69836309677706,-28.698363096777058
6,61.0,58.017551570693875,2.9824484293061246
3,76.0,49.69836309677706,26.301636903222942
5,30.0,55.24448874605494,-25.24448874605494
7,59.0,60.79061439533281,-1.7906143953328097
2,45.0,46.925300272138124,-1.9253002721381236
6,39.0,58.017551570693875,-19.017551570693875
6,53.0,58.017551570693875,-5.017551570693875
3,43.0,49.69836309677706,-6.698363096777058
6,85.0,58.017551570693875,26.982448429306125
5,70.0,55.24448874605494,14.755511253945059
2,56.0,46.925300272138124,9.074699727861876
9,52.0,66.33674004461069,-14.336740044610693
8,65.0,63.56367721997175,1.4363227800282488
3,39.0,49.69836309677706,-10.698363096777058
8,48.0,63.56367721997175,-15.563677219971751
9,47.0,66.33674004461069,-19.336740044610693
3,41.0,49.69836309677706,-8.698363096777058
3,72.0,49.69836309677706,22.301636903222942
2,61.0,46.925300272138124,14.074699727861876
8,74.0,63.56367721997175,10.436322780028249
1,38.0,44.15223744749919,-6.152237447499189
8,42.0,63.56367721997175,-21.56367721997175
7,60.0,60.79061439533281,-0.7906143953328097
7,35.0,60.79061439533281,-25.79061439533281
3,52.0,49.69836309677706,2.301636903222942
1,61.0,44.15223744749919,16.84776255250081
4,32.0,52.471425921416,-20.471425921416
9,95.0,66.33674004461069,28.663259955389307
5,53.0,55.24448874605494,-2.244488746054941
1,54.0,44.15223744749919,9.84776255250081
5,70.0,55.24448874605494,14.755511253945059
8,78.0,63.56367721997175,14.436322780028249
8,42.0,63.56367721997175,-21.56367721997175
5,33.0,55.24448874605494,-22.24448874605494
9,75.0,66.33674004461069,8.663259955389307
1,26.0,44.15223744749919,-18.15223744749919
4,58.0,52.471425921416,5.5285740785840005
3,29.0,49.69836309677706,-20.698363096777058
2,29.0,46.925300272138124,-17.925300272138124
8,70.0,63.56367721997175,6.436322780028249
7,67.0,60.79061439533281,6.20938560466719
9,93.0,66.33674004461069,26.663259955389307
2,21.0,46.925300272138124,-25.925300272138124
4,74.0,52.471425921416,21.528574078584
6,82.0,58.017551570693875,23.982448429306125
3,65.0,49.69836309677706,15.301636903222942
8,75.0,63.56367721997175,11.436322780028249
3,55.0,49.69836309677706,5.301636903222942
2,54.0,46.925300272138124,7.074699727861876
3,26.0,49.69836309677706,-23.698363096777058
6,48.0,58.017551570693875,-10.017551570693875
2,49.0,46.925300272138124,2.0746997278618764
8,49.0,63.56367721997175,-14.563677219971751
1,64.0,44.15223744749919,19.84776255250081
7,81.0,60.79061439533281,20.20938560466719
2,64.0,46.925300272138124,17.074699727861876
6,82.0,58.017551570693875,23.982448429306125
2,74.0,46.925300272138124,27.074699727861876
2,32.0,46.925300272138124,-14.925300272138124
8,83.0,63.56367721997175,19.43632278002825
2,68.0,46.925300272138124,21.074699727861876
7,90.0,60.79061439533281,29.20938560466719
3,44.0,49.69836309677706,-5.698363096777058
8,51.0,63.56367721997175,-12.563677219971751
7,86.0,60.79061439533281,25.20938560466719
8,62.0,63.56367721997175,-1.5636772199717512
7,48.0,60.79061439533281,-12.79061439533281
6,56.0,58.017551570693875,-2.0175515706938754
7,79.0,60.79061439533281,18.20938560466719
5,74.0,55.24448874605494,18.75551125394506
7,82.0,60.79061439533281,21.20938560466719
1,32.0,44.15223744749919,-12.15223744749919
1,46.0,44.15223744749919,1.8477625525008108
9,88.0,66.33674004461069,21.663259955389307
5,35.0,55.24448874605494,-20.24448874605494
5,56.0,55.24448874605494,0.755511253945059
3,74.0,49.69836309677706,24.301636903222942
5,67.0,55.24448874605494,11.755511253945059
3,23.0,49.69836309677706,-26.698363096777058
9,67.0,66.33674004461069,0.6632599553893073
9,86.0,66.33674004461069,19.663259955389307
6,70.0,58.017551570693875,11.982448429306125
1,68.0,44.15223744749919,23.84776255250081
7,91.0,60.79061439533281,30.20938560466719
7,42.0,60.79061439533281,-18.79061439533281
4,62.0,52.471425921416,9.528574078584
8,44.0,63.56367721997175,-19.56367721997175
6,67.0,58.017551570693875,8.982448429306125
4,35.0,52.471425921416,-17.471425921416
4,46.0,52.471425921416,-6.4714259214159995
2,31.0,46.925300272138124,-15.925300272138124
2,59.0,46.925300272138124,12.074699727861876
4,71.0,52.471425921416,18.528574078584
5,74.0,55.24448874605494,18.75551125394506
8,80.0,63.56367721997175,16.43632278002825
6,49.0,58.017551570693875,-9.017551570693875
4,39.0,52.471425921416,-13.471425921416
7,67.0,60.79061439533281,6.20938560466719
8,38.0,63.56367721997175,-25.56367721997175
2,47.0,46.925300272138124,0.0746997278618764
7,41.0,60.79061439533281,-19.79061439533281
2,75.0,46.925300272138124,28.074699727861876
2,53.0,46.925300272138124,6.074699727861876
8,81.0,63.56367721997175,17.43632278002825
2,37.0,46.925300272138124,-9.925300272138124
9,77.0,66.33674004461069,10.663259955389307
1,36.0,44.15223744749919,-8.15223744749919
9,95.0,66.33674004461069,28.663259955389307
1,65.0,44.15223744749919,20.84776255250081
2,18.0,46.925300272138124,-28.925300272138124
6,80.0,58.017551570693875,21.982448429306125
6,81.0,58.017551570693875,22.982448429306125
1,73.0,44.15223744749919,28.84776255250081
7,74.0,60.79061439533281,13.20938560466719
8,57.0,63.56367721997175,-6.563677219971751
2,64.0,46.925300272138124,17.074699727861876
8,97.0,63.56367721997175,33.43632278002825
9,42.0,66.33674004461069,-24.336740044610693
6,48.0,58.017551570693875,-10.017551570693875
5,46.0,55.24448874605494,-9.244488746054941
9,79.0,66.33674004461069,12.663259955389307
9,83.0,66.33674004461069,16.663259955389307
1,70.0,44.15223744749919,25.84776255250081
3,73.0,49.69836309677706,23.301636903222942
9,56.0,66.33674004461069,-10.336740044610693
2,71.0,46.925300272138124,24.074699727861876
4,76.0,52.471425921416,23.528574078584
4,49.0,52.471425921416,-3.4714259214159995
2,43.0,46.925300272138124,-3.9253002721381236
3,67.0,49.69836309677706,17.301636903222942
3,63.0,49.69836309677706,13.301636903222942
1,18.0,44.15223744749919,-26.15223744749919
6,43.0,58.017551570693875,-15.017551570693875
8,72.0,63.56367721997175,8.436322780028249
3,57.0,49.69836309677706,7.301636903222942
5,25.0,55.24448874605494,-30.24448874605494
1,15.0,44.15223744749919,-29.15223744749919
7,88.0,60.79061439533281,27.20938560466719
1,24.0,44.15223744749919,-20.15223744749919
9,81.0,66.33674004461069,14.663259955389307
8,40.0,63.56367721997175,-23.56367721997175
7,60.0,60.79061439533281,-0.7906143953328097
7,73.0,60.79061439533281,12.20938560466719
5,52.0,55.24448874605494,-3.244488746054941
5,53.0,55.24448874605494,-2.244488746054941
5,65.0,55.24448874605494,9.755511253945059
1,30.0,44.15223744749919,-14.15223744749919
8,39.0,63.56367721997175,-24.56367721997175
1,43.0,44.15223744749919,-1.1522374474991892
4,59.0,52.471425921416,6.5285740785840005
9,38.0,66.33674004461069,-28.336740044610693
9,44.0,66.33674004461069,-22.336740044610693
5,44.0,55.24448874605494,-11.244488746054941
4,53.0,52.471425921416,0.5285740785840005
3,37.0,49.69836309677706,-12.698363096777058
3,52.0,49.69836309677706,2.301636903222942
5,30.0,55.24448874605494,-25.24448874605494
1,22.0,44.15223744749919,-22.15223744749919
5,51.0,55.24448874605494,-4.244488746054941
6,82.0,58.017551570693875,23.982448429306125
7,63.0,60.79061439533281,2.2093856046671903
9,58.0,66.33674004461069,-8.336740044610693
3,58.0,49.69836309677706,8.301636903222942
2,38.0,46.925300272138124,-8.925300272138124
3,80.0,49.69836309677706,30.301636903222942
9,70.0,66.33674004461069,3.6632599553893073
7,72.0,60.79061439533281,11.20938560466719
9,48.0,66.33674004461069,-18.336740044610693
2,36.0,46.925300272138124,-10.925300272138124
5,73.0,55.24448874605494,17.75551125394506
4,51.0,52.471425921416,-1.4714259214159995
2,63.0,46.925300272138124,16.074699727861876
9,74.0,66.33674004461069,7.663259955389307
9,98.0,66.33674004461069,31.663259955389307
6,45.0,58.017551570693875,-13.017551570693875
6,45.0,58.017551570693875,-13.017551570693875
8,74.0,63.56367721997175,10.436322780028249
6,81.0,58.017551570693875,22.982448429306125
1,30.0,44.15223744749919,-14.15223744749919
4,77.0,52.471425921416,24.528574078584
7,86.0,60.79061439533281,25.20938560466719
2,58.0,46.925300272138124,11.074699727861876
9,99.0,66.33674004461069,32.66325995538931
8,69.0,63.56367721997175,5.436322780028249
8,47.0,63.56367721997175,-16.56367721997175
7,42.0,60.79061439533281,-18.79061439533281
4,73.0,52.471425921416,20.528574078584
2,71.0,46.925300272138124,24.074699727861876
3,68.0,49.69836309677706,18.301636903222942
6,47.0,58.017551570693875,-11.017551570693875
5,31.0,55.24448874605494,-24.24448874605494
8,31.0,63.56367721997175,-32.56367721997175
6,86.0,58.017551570693875,27.982448429306125
6,27.0,58.017551570693875,-31.017551570693875
1,32.0,44.15223744749919,-12.15223744749919
4,41.0,52.471425921416,-11.471425921416
5,33.0,55.24448874605494,-22.24448874605494
3,75.0,49.69836309677706,25.301636903222942
9,57.0,66.33674004461069,-9.336740044610693
1,59.0,44.15223744749919,14.84776255250081
6,87.0,58.017551570693875,28.982448429306125
6,72.0,58.017551570693875,13.982448429306125
5,78.0,55.24448874605494,22.75551125394506
5,46.0,55.24448874605494,-9.244488746054941
5,47.0,55.24448874605494,-8.244488746054941
6,58.0,58.017551570693875,-0.017551570693875362
8,63.0,63.56367721997175,-0.5636772199717512
2,56.0,46.925300272138124,9.074699727861876
6,62.0,58.017551570693875,3.9824484293061246
1,23.0,44.15223744749919,-21.15223744749919
4,73.0,52.471425921416,20.528574078584
3,46.0,49.69836309677706,-3.698363096777058
9,80.0,66.33674004461069,13.663259955389307
3,59.0,49.69836309677706,9.301636903222942
6,60.0,58.017551570693875,1.9824484293061246
1,41.0,44.15223744749919,-3.152237447499189
6,61.0,58.017551570693875,2.9824484293061246
4,51.0,52.471425921416,-1.4714259214159995
8,82.0,63.56367721997175,18.43632278002825
9,55.0,66.33674004461069,-11.336740044610693
4,64.0,52.471425921416,11.528574078584
6,61.0,58.017551570693875,2.9824484293061246
1,44.0,44.15223744749919,-0.15223744749918922
4,81.0,52.471425921416,28.528574078584
7,64.0,60.79061439533281,3.2093856046671903
1,53.0,44.15223744749919,8.84776255250081
8,55.0,63.56367721997175,-8.563677219971751
6,72.0,58.017551570693875,13.982448429306125
5,65.0,55.24448874605494,9.755511253945059
9,44.0,66.33674004461069,-22.336740044610693
2,70.0,46.925300272138124,23.074699727861876
5,34.0,55.24448874605494,-21.24448874605494
6,41.0,58.017551570693875,-17.017551570693875
7,43.0,60.79061439533281,-17.79061439533281
5,48.0,55.24448874605494,-7.244488746054941
9,46.0,66.33674004461069,-20.336740044610693
1,47.0,44.15223744749919,2.847762552500811
7,37.0,60.79061439533281,-23.79061439533281
7,56.0,60.79061439533281,-4.79061439533281
4,40.0,52.471425921416,-12.471425921416
9,96.0,66.33674004461069,29.663259955389307
5,63.0,55.24448874605494,7.755511253945059
4,58.0,52.471425921416,5.5285740785840005
7,36.0,60.79061439533281,-24.79061439533281
4,61.0,52.471425921416,8.528574078584
3,39.0,49.69836309677706,-10.698363096777058
9,90.0,66.33674004461069,23.663259955389307
8,79.0,63.56367721997175,15.436322780028249
1,58.0,44.15223744749919,13.84776255250081
7,89.0,60.79061439533281,28.20938560466719
9,64.0,66.33674004461069,-2.3367400446106927
8,78.0,63.56367721997175,14.436322780028249
8,79.0,63.56367721997175,15.436322780028249
6,72.0,58.017551570693875,13.982448429306125
4,26.0,52.471425921416,-26.471425921416
8,52.0,63.56367721997175,-11.563677219971751
3,49.0,49.69836309677706,-0.698363096777058
9,66.0,66.33674004461069,-0.33674004461069273
2,59.0,46.925300272138124,12.074699727861876
2,28.0,46.925300272138124,-18.925300272138124
7,39.0,60.79061439533281,-21.79061439533281
4,31.0,52.471425921416,-21.471425921416
8,33.0,63.56367721997175,-30.56367721997175
9,57.0,66.33674004461069,-9.336740044610693
7,83.0,60.79061439533281,22.20938560466719
5,69.0,55.24448874605494,13.755511253945059
8,71.0,63.56367721997175,7.436322780028249
4,62.0,52.471425921416,9.528574078584
2,58.0,46.925300272138124,11.074699727861876
6,46.0,58.017551570693875,-12.017551570693875
9,93.0,66.33674004461069,26.663259955389307
1,48.0,44.15223744749919,3.847762552500811
7,68.0,60.79061439533281,7.20938560466719
9,97.0,66.33674004461069,30.663259955389307
9,82.0,66.33674004461069,15.663259955389307
3,57.0,49.69836309677706,7.301636903222942
5,55.0,55.24448874605494,-0.24448874605494098
8,37.0,63.56367721997175,-26.56367721997175
8,35.0,63.56367721997175,-28.56367721997175
4,72.0,52.471425921416,19.528574078584
1,51.0,44.15223744749919,6.847762552500811
1,50.0,44.15223744749919,5.847762552500811
4,82.0,52.471425921416,29.528574078584
6,84.0,58.017551570693875,25.982448429306125
8,46.0,63.56367721997175,-17.56367721997175
6,34.0,58.017551570693875,-24.017551570693875
9,55.0,66.33674004461069,-11.336740044610693
9,95.0,66.33674004461069,28.663259955389307
2,40.0,46.925300272138124,-6.925300272138124
1,42.0,44.15223744749919,-2.152237447499189
2,45.0,46.925300272138124,-1.9253002721381236
5,80.0,55.24448874605494,24.75551125394506
4,60.0,52.471425921416,7.5285740785840005
4,21.0,52.471425921416,-31.471425921416
9,95.0,66.33674004461069,28.663259955389307
8,72.0,63.56367721997175,8.436322780028249
6,35.0,58.017551570693875,-23.017551570693875
1,58.0,44.15223744749919,13.84776255250081
2,59.0,46.925300272138124,12.074699727861876
6,77.0,58.017551570693875,18.982448429306125
2,23.0,46.925300272138124,-23.925300272138124
5,26.0,55.24448874605494,-29.24448874605494
5,39.0,55.24448874605494,-16.24448874605494
6,79.0,58.017551570693875,20.982448429306125
6,39.0,58.017551570693875,-19.017551570693875
6,61.0,58.017551570693875,2.9824484293061246
2,47.0,46.925300272138124,0.0746997278618764
3,63.0,49.69836309677706,13.301636903222942
6,61.0,58.017551570693875,2.9824484293061246
8,51.0,63.56367721997175,-12.563677219971751
1,68.0,44.15223744749919,23.84776255250081
1,66.0,44.15223744749919,21.84776255250081
2,29.0,46.925300272138124,-17.925300272138124
6,78.0,58.017551570693875,19.982448429306125
9,94.0,66.33674004461069,27.663259955389307
4,56.0,52.471425921416,3.5285740785840005
3,68.0,49.69836309677706,18.301636903222942
8,50.0,63.56367721997175,-13.563677219971751
9,62.0,66.33674004461069,-4.336740044610693
5,31.0,55.24448874605494,-24.24448874605494
9,73.0,66.33674004461069,6.663259955389307
2,57.0,46.925300272138124,10.074699727861876
3,60.0,49.69836309677706,10.301636903222942
7,56.0,60.79061439533281,-4.79061439533281
7,88.0,60.79061439533281,27.20938560466719
6,84.0,58.017551570693875,25.982448429306125
6,48.0,58.017551570693875,-10.017551570693875
2,41.0,46.925300272138124,-5.925300272138124
6,65.0,58.017551570693875,6.982448429306125
4,74.0,52.471425921416,21.528574078584
3,38.0,49.69836309677706,-11.698363096777058
2,40.0,46.925300272138124,-6.925300272138124
1,49.0,44.15223744749919,4.847762552500811
5,30.0,55.24448874605494,-25.24448874605494
2,29.0,46.925300272138124,-17.925300272138124
2,57.0,46.925300272138124,10.074699727861876
7,58.0,60.79061439533281,-2.7906143953328097
8,40.0,63.56367721997175,-23.56367721997175
8,60.0,63.56367721997175,-3.5636772199717512
4,41.0,52.471425921416,-11.471425921416
1,34.0,44.15223744749919,-10.15223744749919
7,46.0,60.79061439533281,-14.79061439533281
1,24.0,44.15223744749919,-20.15223744749919
4,79.0,52.471425921416,26.528574078584
8,52.0,63.56367721997175,-11.563677219971751
2,36.0,46.925300272138124,-10.925300272138124
6,52.0,58.017551570693875,-6.017551570693875
6,84.0,58.017551570693875,25.982448429306125
9,50.0,66.33674004461069,-16.336740044610693
5,47.0,55.24448874605494,-8.244488746054941
4,81.0,52.471425921416,28.528574078584
5,70.0,55.24448874605494,14.755511253945059
5,77.0,55.24448874605494,21.75551125394506
8,49.0,63.56367721997175,-14.563677219971751
8,70.0,63.56367721997175,6.436322780028249
2,28.0,46.925300272138124,-18.925300272138124
7,36.0,60.79061439533281,-24.79061439533281
8,34.0,63.56367721997175,-29.56367721997175
6,80.0,58.017551570693875,21.982448429306125
5,51.0,55.24448874605494,-4.244488746054941
9,95.0,66.33674004461069,28.663259955389307
3,60.0,49.69836309677706,10.301636903222942
4,78.0,52.471425921416,25.528574078584
9,65.0,66.33674004461069,-1.3367400446106927
6,57.0,58.017551570693875,-1.0175515706938754
8,75.0,63.56367721997175,11.436322780028249
7,69.0,60.79061439533281,8.20938560466719
2,62.0,46.925300272138124,15.074699727861876
3,63.0,49.69836309677706,13.301636903222942
1,11.0,44.15223744749919,-33.15223744749919
9,91.0,66.33674004461069,24.663259955389307
7,58.0,60.79061439533281,-2.7906143953328097
1,15.0,44.15223744749919,-29.15223744749919
3,24.0,49.69836309677706,-25.698363096777058
4,80.0,52.471425921416,27.528574078584
4,36.0,52.471425921416,-16.471425921416
5,83.0,55.24448874605494,27.75551125394506
3,49.0,49.69836309677706,-0.698363096777058
3,41.0,49.69836309677706,-8.698363096777058
1,33.0,44.15223744749919,-11.15223744749919
7,52.0,60.79061439533281,-8.79061439533281
1,52.0,44.15223744749919,7.847762552500811
2,31.0,46.925300272138124,-15.925300272138124
4,38.0,52.471425921416,-14.471425921416
4,45.0,52.471425921416,-7.4714259214159995
5,79.0,55.24448874605494,23.75551125394506
2,78.0,46.925300272138124,31.074699727861876
4,24.0,52.471425921416,-28.471425921416
1,72.0,44.15223744749919,27.84776255250081
2,52.0,46.925300272138124,5.074699727861876
1,50.0,44.15223744749919,5.847762552500811
4,83.0,52.471425921416,30.528574078584
4,32.0,52.471425921416,-20.471425921416
7,84.0,60.79061439533281,23.20938560466719
9,95.0,66.33674004461069,28.663259955389307
9,43.0,66.33674004461069,-23.336740044610693
5,82.0,55.24448874605494,26.75551125394506
1,54.0,44.15223744749919,9.84776255250081
1,59.0,44.15223744749919,14.84776255250081
6,78.0,58.017551570693875,19.982448429306125
2,79.0,46.925300272138124,32.074699727861876
8,87.0,63.56367721997175,23.43632278002825
9,53.0,66.33674004461069,-13.336740044610693
4,65.0,52.471425921416,12.528574078584
5,48.0,55.24448874605494,-7.244488746054941
8,61.0,63.56367721997175,-2.5636772199717512
3,41.0,49.69836309677706,-8.698363096777058
5,75.0,55.24448874605494,19.75551125394506
3,44.0,49.69836309677706,-5.698363096777058
3,79.0,49.69836309677706,29.301636903222942
3,29.0,49.69836309677706,-20.698363096777058
7,44.0,60.79061439533281,-16.79061439533281
7,85.0,60.79061439533281,24.20938560466719
7,40.0,60.79061439533281,-20.79061439533281
8,36.0,63.56367721997175,-27.56367721997175
5,72.0,55.24448874605494,16.75551125394506
5,36.0,55.24448874605494,-19.24448874605494
4,51.0,52.471425921416,-1.4714259214159995
7,38.0,60.79061439533281,-22.79061439533281
4,28.0,52.471425921416,-24.471425921416
2,59.0,46.925300272138124,12.074699727861876
4,30.0,52.471425921416,-22.471425921416
8,88.0,63.56367721997175,24.43632278002825
9,87.0,66.33674004461069,20.663259955389307
3,27.0,49.69836309677706,-22.698363096777058
7,51.0,60.79061439533281,-9.79061439533281
9,59.0,66.33674004461069,-7.336740044610693
4,23.0,52.471425921416,-29.471425921416
3,71.0,49.69836309677706,21.301636903222942
5,33.0,55.24448874605494,-22.24448874605494
1,38.0,44.15223744749919,-6.152237447499189
3,45.0,49.69836309677706,-4.698363096777058
8,67.0,63.56367721997175,3.4363227800282488
8,49.0,63.56367721997175,-14.563677219971751
4,44.0,52.471425921416,-8.471425921416
2,22.0,46.925300272138124,-24.925300272138124
8,79.0,63.56367721997175,15.436322780028249
8,74.0,63.56367721997175,10.436322780028249
4,26.0,52.471425921416,-26.471425921416
3,49.0,49.69836309677706,-0.698363096777058
2,33.0,46.925300272138124,-13.925300272138124
9,53.0,66.33674004461069,-13.336740044610693
1,53.0,44.15223744749919,8.84776255250081
7,69.0,60.79061439533281,8.20938560466719
5,65.0,55.24448874605494,9.755511253945059
8,37.0,63.56367721997175,-26.56367721997175
4,28.0,52.471425921416,-24.471425921416
7,56.0,60.79061439533281,-4.79061439533281
5,64.0,55.24448874605494,8.755511253945059
5,83.0,55.24448874605494,27.75551125394506
9,50.0,66.33674004461069,-16.336740044610693
9,77.0,66.33674004461069,10.663259955389307
9,79.0,66.33674004461069,12.663259955389307
6,49.0,58.017551570693875,-9.017551570693875
6,77.0,58.017551570693875,18.982448429306125
5,40.0,55.24448874605494,-15.244488746054941
9,83.0,66.33674004461069,16.663259955389307
8,53.0,63.56367721997175,-10.563677219971751
7,66.0,60.79061439533281,5.20938560466719
7,42.0,60.79061439533281,-18.79061439533281
6,76.0,58.017551570693875,17.982448429306125
5,75.0,55.24448874605494,19.75551125394506
4,40.0,52.471425921416,-12.471425921416
3,45.0,49.69836309677706,-4.698363096777058
3,73.0,49.69836309677706,23.301636903222942
6,84.0,58.017551570693875,25.982448429306125
4,84.0,52.471425921416,31.528574078584
6,71.0,58.017551570693875,12.982448429306125
3,23.0,49.69836309677706,-26.698363096777058
4,24.0,52.471425921416,-28.471425921416
9,64.0,66.33674004461069,-2.3367400446106927
5,38.0,55.24448874605494,-17.24448874605494
7,74.0,60.79061439533281,13.20938560466719
2,58.0,46.925300272138124,11.074699727861876
5,78.0,55.24448874605494,22.75551125394506
9,88.0,66.33674004461069,21.663259955389307
3,76.0,49.69836309677706,26.301636903222942
9,48.0,66.33674004461069,-18.336740044610693
6,59.0,58.017551570693875,0.9824484293061246
4,46.0,52.471425921416,-6.4714259214159995
7,84.0,60.79061439533281,23.20938560466719
8,61.0,63.56367721997175,-2.5636772199717512
6,76.0,58.017551570693875,17.982448429306125
5,49.0,55.24448874605494,-6.244488746054941
6,30.0,58.017551570693875,-28.017551570693875
5,47.0,55.24448874605494,-8.244488746054941
8,70.0,63.56367721997175,6.436322780028249
1,69.0,44.15223744749919,24.84776255250081
7,35.0,60.79061439533281,-25.79061439533281
2,20.0,46.925300272138124,-26.925300272138124
9,55.0,66.33674004461069,-11.336740044610693
1,19.0,44.15223744749919,-25.15223744749919
6,74.0,58.017551570693875,15.982448429306125
9,42.0,66.33674004461069,-24.336740044610693
1,34.0,44.15223744749919,-10.15223744749919
4,59.0,52.471425921416,6.5285740785840005
4,67.0,52.471425921416,14.528574078584
9,70.0,66.33674004461069,3.6632599553893073
5,61.0,55.24448874605494,5.755511253945059
5,76.0,55.24448874605494,20.75551125394506
6,44.0,58.017551570693875,-14.017551570693875
1,50.0,44.15223744749919,5.847762552500811
1,68.0,44.15223744749919,23.84776255250081
9,87.0,66.33674004461069,20.663259955389307
3,60.0,49.69836309677706,10.301636903222942
4,47.0,52.471425921416,-5.4714259214159995
1,55.0,44.15223744749919,10.84776255250081
9,73.0,66.33674004461069,6.663259955389307
8,87.0,63.56367721997175,23.43632278002825
2,66.0,46.925300272138124,19.074699727861876
8,56.0,63.56367721997175,-7.563677219971751
7,59.0,60.79061439533281,-1.7906143953328097
6,83.0,58.017551570693875,24.982448429306125
1,26.0,44.15223744749919,-18.15223744749919
7,41.0,60.79061439533281,-19.79061439533281
7,45.0,60.79061439533281,-15.79061439533281
9,63.0,66.33674004461069,-3.3367400446106927
1,50.0,44.15223744749919,5.847762552500811
2,15.0,46.925300272138124,-31.925300272138124
9,79.0,66.33674004461069,12.663259955389307
9,49.0,66.33674004461069,-17.336740044610693
6,63.0,58.017551570693875,4.982448429306125
6,42.0,58.017551570693875,-16.017551570693875
4,32.0,52.471425921416,-20.471425921416
4,84.0,52.471425921416,31.528574078584
5,26.0,55.24448874605494,-29.24448874605494
3,62.0,49.69836309677706,12.301636903222942
1,33.0,44.15223744749919,-11.15223744749919
1,28.0,44.15223744749919,-16.15223744749919
7,36.0,60.79061439533281,-24.79061439533281
1,73.0,44.15223744749919,28.84776255250081
1,37.0,44.15223744749919,-7.152237447499189
3,53.0,49.69836309677706,3.301636903222942
4,48.0,52.471425921416,-4.4714259214159995
4,48.0,52.471425921416,-4.4714259214159995
2,54.0,46.925300272138124,7.074699727861876
1,12.0,44.15223744749919,-32.15223744749919
3,46.0,49.69836309677706,-3.698363096777058
4,24.0,52.471425921416,-28.471425921416
3,26.0,49.69836309677706,-23.698363096777058
8,42.0,63.56367721997175,-21.56367721997175
1,28.0,44.15223744749919,-16.15223744749919
2,20.0,46.925300272138124,-26.925300272138124
7,61.0,60.79061439533281,0.20938560466719025
4,80.0,52.471425921416,27.528574078584
8,62.0,63.56367721997175,-1.5636772199717512
3,59.0,49.69836309677706,9.301636903222942
6,74.0,58.017551570693875,15.982448429306125
9,59.0,66.33674004461069,-7.336740044610693
1,68.0,44.15223744749919,23.84776255250081
1,66.0,44.15223744749919,21.84776255250081
8,43.0,63.56367721997175,-20.56367721997175
3,44.0,49.69836309677706,-5.698363096777058
5,34.0,55.24448874605494,-21.24448874605494
1,62.0,44.15223744749919,17.84776255250081
5,77.0,55.24448874605494,21.75551125394506
6,44.0,58.017551570693875,-14.017551570693875
8,69.0,63.56367721997175,5.436322780028249
3,35.0,49.69836309677706,-14.698363096777058
3,50.0,49.69836309677706,0.301636903222942
9,50.0,66.33674004461069,-16.336740044610693
4,54.0,52.471425921416,1.5285740785840005
4,59.0,52.471425921416,6.5285740785840005
7,60.0,60.79061439533281,-0.7906143953328097
2,25.0,46.925300272138124,-21.925300272138124
8,94.0,63.56367721997175,30.43632278002825
6,53.0,58.017551570693875,-5.017551570693875
3,59.0,49.69836309677706,9.301636903222942
9,53.0,66.33674004461069,-13.336740044610693
5,29.0,55.24448874605494,-26.24448874605494
8,73.0,63.56367721997175,9.436322780028249
7,87.0,60.79061439533281,26.20938560466719
8,72.0,63.56367721997175,8.436322780028249
7,82.0,60.79061439533281,21.20938560466719
3,60.0,49.69836309677706,10.301636903222942
2,38.0,46.925300272138124,-8.925300272138124
7,89.0,60.79061439533281,28.20938560466719
3,45.0,49.69836309677706,-4.698363096777058
3,57.0,49.69836309677706,7.301636903222942
2,27.0,46.925300272138124,-19.925300272138124
4,31.0,52.471425921416,-21.471425921416
8,86.0,63.56367721997175,22.43632278002825
1,45.0,44.15223744749919,0.8477625525008108
1,30.0,44.15223744749919,-14.15223744749919
5,28.0,55.24448874605494,-27.24448874605494
5,43.0,55.24448874605494,-12.244488746054941
1,43.0,44.15223744749919,-1.1522374474991892
6,52.0,58.017551570693875,-6.017551570693875
1,68.0,44.15223744749919,23.84776255250081
5,73.0,55.24448874605494,17.75551125394506
9,56.0,66.33674004461069,-10.336740044610693
5,78.0,55.24448874605494,22.75551125394506
6,49.0,58.017551570693875,-9.017551570693875
8,52.0,63.56367721997175,-11.563677219971751
1,62.0,44.15223744749919,17.84776255250081
2,59.0,46.925300272138124,12.074699727861876
9,60.0,66.33674004461069,-6.336740044610693
3,71.0,49.69836309677706,21.301636903222942
6,68.0,58.017551570693875,9.982448429306125
5,68.0,55.24448874605494,12.755511253945059
2,63.0,46.925300272138124,16.074699727861876
7,77.0,60.79061439533281,16.20938560466719
4,43.0,52.471425921416,-9.471425921416
1,77.0,44.15223744749919,32.84776255250081
4,28.0,52.471425921416,-24.471425921416
6,47.0,58.017551570693875,-11.017551570693875
7,34.0,60.79061439533281,-26.79061439533281
7,64.0,60.79061439533281,3.2093856046671903
7,88.0,60.79061439533281,27.20938560466719
3,21.0,49.69836309677706,-28.698363096777058
6,53.0,58.017551570693875,-5.017551570693875
8,34.0,63.56367721997175,-29.56367721997175
4,83.0,52.471425921416,30.528574078584
8,67.0,63.56367721997175,3.4363227800282488
2,75.0,46.925300272138124,28.074699727861876
9,88.0,66.33674004461069,21.663259955389307
9,87.0,66.33674004461069,20.663259955389307
8,32.0,63.56367721997175,-31.56367721997175
1,50.0,44.15223744749919,5.847762552500811
2,50.0,46.925300272138124,3.0746997278618764
6,38.0,58.017551570693875,-20.017551570693875
5,57.0,55.24448874605494,1.755511253945059
9,64.0,66.33674004461069,-2.3367400446106927
5,71.0,55.24448874605494,15.755511253945059
2,19.0,46.925300272138124,-27.925300272138124
4,38.0,52.471425921416,-14.471425921416
9,52.0,66.33674004461069,-14.336740044610693
1,27.0,44.15223744749919,-17.15223744749919
1,32.0,44.15223744749919,-12.15223744749919
7,45.0,60.79061439533281,-15.79061439533281
3,61.0,49.69836309677706,11.301636903222942
2,57.0,46.925300272138124,10.074699727861876
9,83.0,66.33674004461069,16.663259955389307
3,48.0,49.69836309677706,-1.698363096777058
2,50.0,46.925300272138124,3.0746997278618764
8,61.0,63.56367721997175,-2.5636772199717512
6,29.0,58.017551570693875,-29.017551570693875
6,37.0,58.017551570693875,-21.017551570693875
7,39.0,60.79061439533281,-21.79061439533281
7,39.0,60.79061439533281,-21.79061439533281
6,54.0,58.017551570693875,-4.017551570693875
4,46.0,52.471425921416,-6.4714259214159995
9,78.0,66.33674004461069,11.663259955389307
6,83.0,58.017551570693875,24.982448429306125
4,64.0,52.471425921416,11.528574078584
3,26.0,49.69836309677706,-23.698363096777058
4,41.0,52.471425921416,-11.471425921416
3,76.0,49.69836309677706,26.301636903222942
2,35.0,46.925300272138124,-11.925300272138124
5,39.0,55.24448874605494,-16.24448874605494
2,39.0,46.925300272138124,-7.925300272138124
6,54.0,58.017551570693875,-4.017551570693875
3,28.0,49.69836309677706,-21.698363096777058
6,30.0,58.017551570693875,-28.017551570693875
9,81.0,66.33674004461069,14.663259955389307
1,24.0,44.15223744749919,-20.15223744749919
6,32.0,58.017551570693875,-26.017551570693875
9,87.0,66.33674004461069,20.663259955389307
4,66.0,52.471425921416,13.528574078584
2,13.0,46.925300272138124,-33.925300272138124
4,76.0,52.471425921416,23.528574078584
1,68.0,44.15223744749919,23.84776255250081
3,57.0,49.69836309677706,7.301636903222942
9,98.0,66.33674004461069,31.663259955389307
5,69.0,55.24448874605494,13.755511253945059
6,34.0,58.017551570693875,-24.017551570693875
3,68.0,49.69836309677706,18.301636903222942
5,47.0,55.24448874605494,-8.244488746054941
8,60.0,63.56367721997175,-3.5636772199717512
6,83.0,58.017551570693875,24.982448429306125
4,25.0,52.471425921416,-27.471425921416
2,50.0,46.925300272138124,3.0746997278618764
9,87.0,66.33674004461069,20.663259955389307
1,22.0,44.15223744749919,-22.15223744749919
1,22.0,44.15223744749919,-22.15223744749919
4,62.0,52.471425921416,9.528574078584
7,72.0,60.79061439533281,11.20938560466719
1,66.0,44.15223744749919,21.84776255250081
9,71.0,66.33674004461069,4.663259955389307
4,53.0,52.471425921416,0.5285740785840005
3,32.0,49.69836309677706,-17.698363096777058
1,65.0,44.15223744749919,20.84776255250081
4,65.0,52.471425921416,12.528574078584
9,50.0,66.33674004461069,-16.336740044610693
6,66.0,58.017551570693875,7.982448429306125
6,29.0,58.017551570693875,-29.017551570693875
1,13.0,44.15223744749919,-31.15223744749919
2,66.0,46.925300272138124,19.074699727861876
6,32.0,58.017551570693875,-26.017551570693875
2,26.0,46.925300272138124,-20.925300272138124
3,75.0,49.69836309677706,25.301636903222942
4,46.0,52.471425921416,-6.4714259214159995
5,62.0,55.24448874605494,6.755511253945059
9,69.0,66.33674004461069,2.6632599553893073
4,43.0,52.471425921416,-9.471425921416
9,74.0,66.33674004461069,7.663259955389307
3,43.0,49.69836309677706,-6.698363096777058
8,86.0,63.56367721997175,22.43632278002825
1,24.0,44.15223744749919,-20.15223744749919
9,67.0,66.33674004461069,0.6632599553893073
9,71.0,66.33674004461069,4.663259955389307
2,48.0,46.925300272138124,1.0746997278618764
4,64.0,52.471425921416,11.528574078584
8,88.0,63.56367721997175,24.43632278002825
7,39.0,60.79061439533281,-21.79061439533281
1,35.0,44.15223744749919,-9.15223744749919
5,67.0,55.24448874605494,11.755511253945059
7,65.0,60.79061439533281,4.20938560466719
4,27.0,52.471425921416,-25.471425921416
1,32.0,44.15223744749919,-12.15223744749919
9,89.0,66.33674004461069,22.663259955389307
5,30.0,55.24448874605494,-25.24448874605494
2,37.0,46.925300272138124,-9.925300272138124
8,91.0,63.56367721997175,27.43632278002825
2,26.0,46.925300272138124,-20.925300272138124
3,32.0,49.69836309677706,-17.698363096777058
1,34.0,44.15223744749919,-10.15223744749919
2,51.0,46.925300272138124,4.074699727861876
7,56.0,60.79061439533281,-4.79061439533281
2,26.0,46.925300272138124,-20.925300272138124
6,73.0,58.017551570693875,14.982448429306125
3,80.0,49.69836309677706,30.301636903222942
4,69.0,52.471425921416,16.528574078584
8,73.0,63.56367721997175,9.436322780028249
3,55.0,49.69836309677706,5.301636903222942
6,82.0,58.017551570693875,23.982448429306125
1,32.0,44.15223744749919,-12.15223744749919
7,41.0,60.79061439533281,-19.79061439533281
8,55.0,63.56367721997175,-8.563677219971751
8,43.0,63.56367721997175,-20.56367721997175
3,20.0,49.69836309677706,-29.698363096777058
1,50.0,44.15223744749919,5.847762552500811
9,90.0,66.33674004461069,23.663259955389307
6,82.0,58.017551570693875,23.982448429306125
9,85.0,66.33674004461069,18.663259955389307
7,49.0,60.79061439533281,-11.79061439533281
1,24.0,44.15223744749919,-20.15223744749919
1,25.0,44.15223744749919,-19.15223744749919
6,76.0,58.017551570693875,17.982448429306125
5,33.0,55.24448874605494,-22.24448874605494
9,48.0,66.33674004461069,-18.336740044610693
2,21.0,46.925300272138124,-25.925300272138124
8,58.0,63.56367721997175,-5.563677219971751
5,40.0,55.24448874605494,-15.244488746054941
2,67.0,46.925300272138124,20.074699727861876
6,35.0,58.017551570693875,-23.017551570693875
8,68.0,63.56367721997175,4.436322780028249
4,66.0,52.471425921416,13.528574078584
2,16.0,46.925300272138124,-30.925300272138124
5,57.0,55.24448874605494,1.755511253945059
2,73.0,46.925300272138124,26.074699727861876
2,64.0,46.925300272138124,17.074699727861876
6,77.0,58.017551570693875,18.982448429306125
9,46.0,66.33674004461069,-20.336740044610693
4,50.0,52.471425921416,-2.4714259214159995
6,50.0,58.017551570693875,-8.017551570693875
7,51.0,60.79061439533281,-9.79061439533281
6,43.0,58.017551570693875,-15.017551570693875
8,40.0,63.56367721997175,-23.56367721997175
4,30.0,52.471425921416,-22.471425921416
1,63.0,44.15223744749919,18.84776255250081
7,82.0,60.79061439533281,21.20938560466719
3,20.0,49.69836309677706,-29.698363096777058
6,73.0,58.017551570693875,14.982448429306125
2,32.0,46.925300272138124,-14.925300272138124
9,67.0,66.33674004461069,0.6632599553893073
1,69.0,44.15223744749919,24.84776255250081
6,67.0,58.017551570693875,8.982448429306125
6,44.0,58.017551570693875,-14.017551570693875
5,29.0,55.24448874605494,-26.24448874605494
5,38.0,55.24448874605494,-17.24448874605494
1,52.0,44.15223744749919,7.847762552500811
5,25.0,55.24448874605494,-30.24448874605494
2,46.0,46.925300272138124,-0.9253002721381236
7,42.0,60.79061439533281,-18.79061439533281
3,24.0,49.69836309677706,-25.698363096777058
4,70.0,52.471425921416,17.528574078584
3,78.0,49.69836309677706,28.301636903222942
3,51.0,49.69836309677706,1.301636903222942
4,61.0,52.471425921416,8.528574078584
5,38.0,55.24448874605494,-17.24448874605494
1,34.0,44.15223744749919,-10.15223744749919
4,42.0,52.471425921416,-10.471425921416
8,68.0,63.56367721997175,4.436322780028249
7,87.0,60.79061439533281,26.20938560466719
9,53.0,66.33674004461069,-13.336740044610693
5,39.0,55.24448874605494,-16.24448874605494
4,45.0,52.471425921416,-7.4714259214159995
8,89.0,63.56367721997175,25.43632278002825
9,53.0,66.33674004461069,-13.336740044610693
7,39.0,60.79061439533281,-21.79061439533281
7,59.0,60.79061439533281,-1.7906143953328097
5,81.0,55.24448874605494,25.75551125394506
4,40.0,52.471425921416,-12.471425921416
1,64.0,44.15223744749919,19.84776255250081
7,53.0,60.79061439533281,-7.79061439533281
1,56.0,44.15223744749919,11.84776255250081
1,44.0,44.15223744749919,-0.15223744749918922
5,41.0,55.24448874605494,-14.244488746054941
9,91.0,66.33674004461069,24.663259955389307
6,46.0,58.017551570693875,-12.017551570693875
3,65.0,49.69836309677706,15.301636903222942
3,76.0,49.69836309677706,26.301636903222942
7,50.0,60.79061439533281,-10.79061439533281
6,45.0,58.017551570693875,-13.017551570693875
9,55.0,66.33674004461069,-11.336740044610693
6,33.0,58.017551570693875,-25.017551570693875
5,37.0,55.24448874605494,-18.24448874605494
7,63.0,60.79061439533281,2.2093856046671903
1,24.0,44.15223744749919,-20.15223744749919
7,37.0,60.79061439533281,-23.79061439533281
3,39.0,49.69836309677706,-10.698363096777058
9,41.0,66.33674004461069,-25.336740044610693
6,46.0,58.017551570693875,-12.017551570693875
9,78.0,66.33674004461069,11.663259955389307
5,69.0,55.24448874605494,13.755511253945059
7,71.0,60.79061439533281,10.20938560466719
4,28.0,52.471425921416,-24.471425921416
7,45.0,60.79061439533281,-15.79061439533281
1,20.0,44.15223744749919,-24.15223744749919
7,81.0,60.79061439533281,20.20938560466719
8,85.0,63.56367721997175,21.43632278002825
5,42.0,55.24448874605494,-13.244488746054941
2,46.0,46.925300272138124,-0.9253002721381236
5,60.0,55.24448874605494,4.755511253945059
6,82.0,58.017551570693875,23.982448429306125
2,55.0,46.925300272138124,8.074699727861876
6,44.0,58.017551570693875,-14.017551570693875
6,47.0,58.017551570693875,-11.017551570693875
1,41.0,44.15223744749919,-3.152237447499189
1,48.0,44.15223744749919,3.847762552500811
3,62.0,49.69836309677706,12.301636903222942
3,64.0,49.69836309677706,14.301636903222942
4,40.0,52.471425921416,-12.471425921416
2,70.0,46.925300272138124,23.074699727861876
9,39.0,66.33674004461069,-27.336740044610693
7,63.0,60.79061439533281,2.2093856046671903
7,32.0,60.79061439533281,-28.79061439533281
6,37.0,58.017551570693875,-21.017551570693875
3,75.0,49.69836309677706,25.301636903222942
6,72.0,58.017551570693875,13.982448429306125
8,63.0,63.56367721997175,-0.5636772199717512
8,64.0,63.56367721997175,0.43632278002824876
9,69.0,66.33674004461069,2.6632599553893073
1,63.0,44.15223744749919,18.84776255250081
1,65.0,44.15223744749919,20.84776255250081
3,44.0,49.69836309677706,-5.698363096777058
3,65.0,49.69836309677706,15.301636903222942
8,81.0,63.56367721997175,17.43632278002825
1,45.0,44.15223744749919,0.8477625525008108
2,59.0,46.925300272138124,12.074699727861876
2,67.0,46.925300272138124,20.074699727861876
3,34.0,49.69836309677706,-15.698363096777058
6,46.0,58.017551570693875,-12.017551570693875
1,35.0,44.15223744749919,-9.15223744749919
2,22.0,46.925300272138124,-24.925300272138124
1,72.0,44.15223744749919,27.84776255250081
5,47.0,55.24448874605494,-8.244488746054941
7,55.0,60.79061439533281,-5.79061439533281
8,47.0,63.56367721997175,-16.56367721997175
1,55.0,44.15223744749919,10.84776255250081
7,74.0,60.79061439533281,13.20938560466719
5,49.0,55.24448874605494,-6.244488746054941
1,68.0,44.15223744749919,23.84776255250081
3,72.0,49.69836309677706,22.301636903222942
7,32.0,60.79061439533281,-28.79061439533281
1,51.0,44.15223744749919,6.847762552500811
7,34.0,60.79061439533281,-26.79061439533281
5,33.0,55.24448874605494,-22.24448874605494
1,56.0,44.15223744749919,11.84776255250081
1,54.0,44.15223744749919,9.84776255250081
1,33.0,44.15223744749919,-11.15223744749919
9,78.0,66.33674004461069,11.663259955389307
3,77.0,49.69836309677706,27.301636903222942
5,62.0,55.24448874605494,6.755511253945059
9,51.0,66.33674004461069,-15.336740044610693
6,78.0,58.017551570693875,19.982448429306125
9,46.0,66.33674004461069,-20.336740044610693
8,50.0,63.56367721997175,-13.563677219971751
8,47.0,63.56367721997175,-16.56367721997175
1,74.0,44.15223744749919,29.84776255250081
9,47.0,66.33674004461069,-19.336740044610693
6,52.0,58.017551570693875,-6.017551570693875
9,54.0,66.33674004461069,-12.336740044610693
3,69.0,49.69836309677706,19.301636903222942
3,64.0,49.69836309677706,14.301636903222942
6,69.0,58.017551570693875,10.982448429306125
9,58.0,66.33674004461069,-8.336740044610693
7,37.0,60.79061439533281,-23.79061439533281
3,26.0,49.69836309677706,-23.698363096777058
3,80.0,49.69836309677706,30.301636903222942
2,64.0,46.925300272138124,17.074699727861876
9,78.0,66.33674004461069,11.663259955389307
3,35.0,49.69836309677706,-14.698363096777058
5,36.0,55.24448874605494,-19.24448874605494
9,55.0,66.33674004461069,-11.336740044610693
8,36.0,63.56367721997175,-27.56367721997175
2,46.0,46.925300272138124,-0.9253002721381236
3,51.0,49.69836309677706,1.301636903222942
2,30.0,46.925300272138124,-16.925300272138124
8,68.0,63.56367721997175,4.436322780028249
6,69.0,58.017551570693875,10.982448429306125
6,78.0,58.017551570693875,19.982448429306125
9,51.0,66.33674004461069,-15.336740044610693
8,55.0,63.56367721997175,-8.563677219971751
4,72.0,52.471425921416,19.528574078584
4,71.0,52.471425921416,18.528574078584
9,69.0,66.33674004461069,2.6632599553893073
1,38.0,44.15223744749919,-6.152237447499189
2,61.0,46.925300272138124,14.074699727861876
2,49.0,46.925300272138124,2.0746997278618764
6,67.0,58.017551570693875,8.982448429306125
4,56.0,52.471425921416,3.5285740785840005
3,68.0,49.69836309677706,18.301636903222942
3,60.0,49.69836309677706,10.301636903222942
3,34.0,49.69836309677706,-15.698363096777058
6,83.0,58.017551570693875,24.982448429306125
8,37.0,63.56367721997175,-26.56367721997175
7,42.0,60.79061439533281,-18.79061439533281
4,62.0,52.471425921416,9.528574078584
4,80.0,52.471425921416,27.528574078584
2,46.0,46.925300272138124,-0.9253002721381236
1,47.0,44.15223744749919,2.847762552500811
9,46.0,66.33674004461069,-20.336740044610693
2,13.0,46.925300272138124,-33.925300272138124
8,55.0,63.56367721997175,-8.563677219971751
9,42.0,66.33674004461069,-24.336740044610693
4,51.0,52.471425921416,-1.4714259214159995
8,81.0,63.56367721997175,17.43632278002825
9,75.0,66.33674004461069,8.663259955389307
5,59.0,55.24448874605494,3.755511253945059
7,62.0,60.79061439533281,1.2093856046671903
4,65.0,52.471425921416,12.528574078584
1,51.0,44.15223744749919,6.847762552500811
3,73.0,49.69836309677706,23.301636903222942
5,68.0,55.24448874605494,12.755511253945059
3,28.0,49.69836309677706,-21.698363096777058
7,39.0,60.79061439533281,-21.79061439533281
9,55.0,66.33674004461069,-11.336740044610693
6,76.0,58.017551570693875,17.982448429306125
1,24.0,44.15223744749919,-20.15223744749919
7,81.0,60.79061439533281,20.20938560466719
3,24.0,49.69836309677706,-25.698363096777058
5,29.0,55.24448874605494,-26.24448874605494
4,37.0,52.471425921416,-15.471425921416
5,74.0,55.24448874605494,18.75551125394506
5,84.0,55.24448874605494,28.75551125394506
6,64.0,58.017551570693875,5.982448429306125
6,90.0,58.017551570693875,31.982448429306125
8,46.0,63.56367721997175,-17.56367721997175
8,79.0,63.56367721997175,15.436322780028249
9,48.0,66.33674004461069,-18.336740044610693
8,65.0,63.56367721997175,1.4363227800282488
2,46.0,46.925300272138124,-0.9253002721381236
1,39.0,44.15223744749919,-5.152237447499189
2,49.0,46.925300272138124,2.0746997278618764
2,39.0,46.925300272138124,-7.925300272138124
3,40.0,49.69836309677706,-9.698363096777058
7,60.0,60.79061439533281,-0.7906143953328097
2,43.0,46.925300272138124,-3.9253002721381236
1,25.0,44.15223744749919,-19.15223744749919
6,45.0,58.017551570693875,-13.017551570693875
9,64.0,66.33674004461069,-2.3367400446106927
3,20.0,49.69836309677706,-29.698363096777058
6,87.0,58.017551570693875,28.982448429306125
3,23.0,49.69836309677706,-26.698363096777058
1,23.0,44.15223744749919,-21.15223744749919
5,67.0,55.24448874605494,11.755511253945059
4,74.0,52.471425921416,21.528574078584
7,64.0,60.79061439533281,3.2093856046671903
6,66.0,58.017551570693875,7.982448429306125
7,29.0,60.79061439533281,-31.79061439533281
5,42.0,55.24448874605494,-13.244488746054941
4,37.0,52.471425921416,-15.471425921416
7,82.0,60.79061439533281,21.20938560466719
7,35.0,60.79061439533281,-25.79061439533281
6,46.0,58.017551570693875,-12.017551570693875
8,40.0,63.56367721997175,-23.56367721997175
4,34.0,52.471425921416,-18.471425921416
5,52.0,55.24448874605494,-3.244488746054941
4,52.0,52.471425921416,-0.4714259214159995
1,50.0,44.15223744749919,5.847762552500811
8,91.0,63.56367721997175,27.43632278002825
1,64.0,44.15223744749919,19.84776255250081
5,67.0,55.24448874605494,11.755511253945059
6,85.0,58.017551570693875,26.982448429306125
6,53.0,58.017551570693875,-5.017551570693875
5,35.0,55.24448874605494,-20.24448874605494
3,41.0,49.69836309677706,-8.698363096777058
5,81.0,55.24448874605494,25.75551125394506
8,52.0,63.56367721997175,-11.563677219971751
2,39.0,46.925300272138124,-7.925300272138124
6,72.0,58.017551570693875,13.982448429306125
9,55.0,66.33674004461069,-11.336740044610693
8,49.0,63.56367721997175,-14.563677219971751
8,60.0,63.56367721997175,-3.5636772199717512
8,69.0,63.56367721997175,5.436322780028249
7,63.0,60.79061439533281,2.2093856046671903
8,94.0,63.56367721997175,30.43632278002825
6,86.0,58.017551570693875,27.982448429306125
2,75.0,46.925300272138124,28.074699727861876
2,66.0,46.925300272138124,19.074699727861876
8,97.0,63.56367721997175,33.43632278002825
1,71.0,44.15223744749919,26.84776255250081
6,59.0,58.017551570693875,0.9824484293061246
6,54.0,58.017551570693875,-4.017551570693875
4,34.0,52.471425921416,-18.471425921416
3,77.0,49.69836309677706,27.301636903222942
3,60.0,49.69836309677706,10.301636903222942
1,16.0,44.15223744749919,-28.15223744749919
3,30.0,49.69836309677706,-19.698363096777058
4,42.0,52.471425921416,-10.471425921416
5,36.0,55.24448874605494,-19.24448874605494
3,77.0,49.69836309677706,27.301636903222942
6,58.0,58.017551570693875,-0.017551570693875362
5,58.0,55.24448874605494,2.755511253945059
3,60.0,49.69836309677706,10.301636903222942
6,87.0,58.017551570693875,28.982448429306125
6,30.0,58.017551570693875,-28.017551570693875
8,59.0,63.56367721997175,-4.563677219971751
2,42.0,46.925300272138124,-4.925300272138124
1,70.0,44.15223744749919,25.84776255250081
4,82.0,52.471425921416,29.528574078584
7,56.0,60.79061439533281,-4.79061439533281
3,24.0,49.69836309677706,-25.698363096777058
3,27.0,49.69836309677706,-22.698363096777058
5,33.0,55.24448874605494,-22.24448874605494
5,75.0,55.24448874605494,19.75551125394506
3,45.0,49.69836309677706,-4.698363096777058
9,45.0,66.33674004461069,-21.336740044610693
4,30.0,52.471425921416,-22.471425921416
3,29.0,49.69836309677706,-20.698363096777058
2,50.0,46.925300272138124,3.0746997278618764
9,95.0,66.33674004461069,28.663259955389307
4,63.0,52.471425921416,10.528574078584
3,24.0,49.69836309677706,-25.698363096777058
7,63.0,60.79061439533281,2.2093856046671903
8,41.0,63.56367721997175,-22.56367721997175
2,69.0,46.925300272138124,22.074699727861876
7,81.0,60.79061439533281,20.20938560466719
5,40.0,55.24448874605494,-15.244488746054941
5,66.0,55.24448874605494,10.755511253945059
3,40.0,49.69836309677706,-9.698363096777058
5,63.0,55.24448874605494,7.755511253945059
2,21.0,46.925300272138124,-25.925300272138124
4,81.0,52.471425921416,28.528574078584
6,47.0,58.017551570693875,-11.017551570693875
1,69.0,44.15223744749919,24.84776255250081
4,47.0,52.471425921416,-5.4714259214159995
6,44.0,58.017551570693875,-14.017551570693875
9,78.0,66.33674004461069,11.663259955389307
2,36.0,46.925300272138124,-10.925300272138124
7,60.0,60.79061439533281,-0.7906143953328097
6,43.0,58.017551570693875,-15.017551570693875
2,30.0,46.925300272138124,-16.925300272138124
8,43.0,63.56367721997175,-20.56367721997175
7,75.0,60.79061439533281,14.20938560466719
5,46.0,55.24448874605494,-9.244488746054941
5,29.0,55.24448874605494,-26.24448874605494
7,33.0,60.79061439533281,-27.79061439533281
9,51.0,66.33674004461069,-15.336740044610693
9,58.0,66.33674004461069,-8.336740044610693
9,81.0,66.33674004461069,14.663259955389307
6,49.0,58.017551570693875,-9.017551570693875
6,84.0,58.017551570693875,25.982448429306125
3,47.0,49.69836309677706,-2.698363096777058
1,38.0,44.15223744749919,-6.152237447499189
7,78.0,60.79061439533281,17.20938560466719
4,77.0,52.471425921416,24.528574078584
1,29.0,44.15223744749919,-15.15223744749919
8,76.0,63.56367721997175,12.436322780028249
6,41.0,58.017551570693875,-17.017551570693875
6,51.0,58.017551570693875,-7.017551570693875
2,70.0,46.925300272138124,23.074699727861876
1,63.0,44.15223744749919,18.84776255250081
2,46.0,46.925300272138124,-0.9253002721381236
4,53.0,52.471425921416,0.5285740785840005
2,25.0,46.925300272138124,-21.925300272138124
1,26.0,44.15223744749919,-18.15223744749919
7,74.0,60.79061439533281,13.20938560466719
8,57.0,63.56367721997175,-6.563677219971751
6,80.0,58.017551570693875,21.982448429306125
4,45.0,52.471425921416,-7.4714259214159995
6,56.0,58.017551570693875,-2.0175515706938754
3,19.0,49.69836309677706,-30.698363096777058
8,86.0,63.56367721997175,22.43632278002825
2,70.0,46.925300272138124,23.074699727861876
5,85.0,55.24448874605494,29.75551125394506
1,16.0,44.15223744749919,-28.15223744749919
6,47.0,58.017551570693875,-11.017551570693875
2,65.0,46.925300272138124,18.074699727861876
4,23.0,52.471425921416,-29.471425921416
6,29.0,58.017551570693875,-29.017551570693875
8,36.0,63.56367721997175,-27.56367721997175
8,49.0,63.56367721997175,-14.563677219971751
6,85.0,58.017551570693875,26.982448429306125
4,56.0,52.471425921416,3.5285740785840005
8,39.0,63.56367721997175,-24.56367721997175
8,40.0,63.56367721997175,-23.56367721997175
1,33.0,44.15223744749919,-11.15223744749919
4,67.0,52.471425921416,14.528574078584
4,19.0,52.471425921416,-33.471425921416
7,74.0,60.79061439533281,13.20938560466719
7,47.0,60.79061439533281,-13.79061439533281
8,77.0,63.56367721997175,13.436322780028249
5,52.0,55.24448874605494,-3.244488746054941
7,76.0,60.79061439533281,15.20938560466719
8,42.0,63.56367721997175,-21.56367721997175
9,56.0,66.33674004461069,-10.336740044610693
3,30.0,49.69836309677706,-19.698363096777058
3,47.0,49.69836309677706,-2.698363096777058
4,34.0,52.471425921416,-18.471425921416
5,48.0,55.24448874605494,-7.244488746054941
1,42.0,44.15223744749919,-2.152237447499189
7,74.0,60.79061439533281,13.20938560466719
9,58.0,66.33674004461069,-8.336740044610693
8,75.0,63.56367721997175,11.436322780028249
5,54.0,55.24448874605494,-1.244488746054941
4,62.0,52.471425921416,9.528574078584
7,88.0,60.79061439533281,27.20938560466719
5,64.0,55.24448874605494,8.755511253945059
7,81.0,60.79061439533281,20.20938560466719
1,69.0,44.15223744749919,24.84776255250081
1,51.0,44.15223744749919,6.847762552500811
3,52.0,49.69836309677706,2.301636903222942
2,58.0,46.925300272138124,11.074699727861876
2,55.0,46.925300272138124,8.074699727861876
7,86.0,60.79061439533281,25.20938560466719
2,62.0,46.925300272138124,15.074699727861876
4,60.0,52.471425921416,7.5285740785840005
2,15.0,46.925300272138124,-31.925300272138124
6,82.0,58.017551570693875,23.982448429306125
8,52.0,63.56367721997175,-11.563677219971751
4,57.0,52.471425921416,4.5285740785840005
5,34.0,55.24448874605494,-21.24448874605494
4,55.0,52.471425921416,2.5285740785840005
3,39.0,49.69836309677706,-10.698363096777058
5,73.0,55.24448874605494,17.75551125394506
9,64.0,66.33674004461069,-2.3367400446106927
8,67.0,63.56367721997175,3.4363227800282488
8,67.0,63.56367721997175,3.4363227800282488
8,36.0,63.56367721997175,-27.56367721997175
8,52.0,63.56367721997175,-11.563677219971751
7,85.0,60.79061439533281,24.20938560466719
8,91.0,63.56367721997175,27.43632278002825
8,42.0,63.56367721997175,-21.56367721997175
8,74.0,63.56367721997175,10.436322780028249
7,65.0,60.79061439533281,4.20938560466719
1,36.0,44.15223744749919,-8.15223744749919
4,63.0,52.471425921416,10.528574078584
4,29.0,52.471425921416,-23.471425921416
5,60.0,55.24448874605494,4.755511253945059
6,50.0,58.017551570693875,-8.017551570693875
4,40.0,52.471425921416,-12.471425921416
2,48.0,46.925300272138124,1.0746997278618764
6,33.0,58.017551570693875,-25.017551570693875
8,51.0,63.56367721997175,-12.563677219971751
8,64.0,63.56367721997175,0.43632278002824876
7,70.0,60.79061439533281,9.20938560466719
6,49.0,58.017551570693875,-9.017551570693875
2,33.0,46.925300272138124,-13.925300272138124
7,69.0,60.79061439533281,8.20938560466719
5,41.0,55.24448874605494,-14.244488746054941
6,79.0,58.017551570693875,20.982448429306125
8,81.0,63.56367721997175,17.43632278002825
8,57.0,63.56367721997175,-6.563677219971751
3,73.0,49.69836309677706,23.301636903222942
7,49.0,60.79061439533281,-11.79061439533281
1,64.0,44.15223744749919,19.84776255250081
1,49.0,44.15223744749919,4.847762552500811
7,31.0,60.79061439533281,-29.79061439533281
9,61.0,66.33674004461069,-5.336740044610693
7,81.0,60.79061439533281,20.20938560466719
5,59.0,55.24448874605494,3.755511253945059
8,54.0,63.56367721997175,-9.563677219971751
2,18.0,46.925300272138124,-28.925300272138124
9,80.0,66.33674004461069,13.663259955389307
6,43.0,58.017551570693875,-15.017551570693875
9,39.0,66.33674004461069,-27.336740044610693
2,39.0,46.925300272138124,-7.925300272138124
3,51.0,49.69836309677706,1.301636903222942
8,49.0,63.56367721997175,-14.563677219971751
1,27.0,44.15223744749919,-17.15223744749919
7,51.0,60.79061439533281,-9.79061439533281
7,64.0,60.79061439533281,3.2093856046671903
1,51.0,44.15223744749919,6.847762552500811
9,56.0,66.33674004461069,-10.336740044610693
8,46.0,63.56367721997175,-17.56367721997175
4,28.0,52.471425921416,-24.471425921416
5,57.0,55.24448874605494,1.755511253945059
2,28.0,46.925300272138124,-18.925300272138124
9,65.0,66.33674004461069,-1.3367400446106927
6,71.0,58.017551570693875,12.982448429306125
3,54.0,49.69836309677706,4.301636903222942
7,44.0,60.79061439533281,-16.79061439533281
9,52.0,66.33674004461069,-14.336740044610693
3,71.0,49.69836309677706,21.301636903222942
2,74.0,46.925300272138124,27.074699727861876
7,38.0,60.79061439533281,-22.79061439533281
7,75.0,60.79061439533281,14.20938560466719
4,43.0,52.471425921416,-9.471425921416
9,90.0,66.33674004461069,23.663259955389307
8,69.0,63.56367721997175,5.436322780028249
1,67.0,44.15223744749919,22.84776255250081
1,52.0,44.15223744749919,7.847762552500811
5,27.0,55.24448874605494,-28.24448874605494
6,63.0,58.017551570693875,4.982448429306125
3,41.0,49.69836309677706,-8.698363096777058
9,67.0,66.33674004461069,0.6632599553893073
6,47.0,58.017551570693875,-11.017551570693875
4,61.0,52.471425921416,8.528574078584
7,82.0,60.79061439533281,21.20938560466719
8,75.0,63.56367721997175,11.436322780028249
9,37.0,66.33674004461069,-29.336740044610693
6,68.0,58.017551570693875,9.982448429306125
6,37.0,58.017551570693875,-21.017551570693875
8,49.0,63.56367721997175,-14.563677219971751
5,73.0,55.24448874605494,17.75551125394506
3,32.0,49.69836309677706,-17.698363096777058
3,23.0,49.69836309677706,-26.698363096777058
6,43.0,58.017551570693875,-15.017551570693875
2,70.0,46.925300272138124,23.074699727861876
6,53.0,58.017551570693875,-5.017551570693875
6,81.0,58.017551570693875,22.982448429306125
8,84.0,63.56367721997175,20.43632278002825
7,38.0,60.79061439533281,-22.79061439533281
8,40.0,63.56367721997175,-23.56367721997175
9,88.0,66.33674004461069,21.663259955389307
6,32.0,58.017551570693875,-26.017551570693875
3,31.0,49.69836309677706,-18.698363096777058
3,35.0,49.69836309677706,-14.698363096777058
1,34.0,44.15223744749919,-10.15223744749919
5,49.0,55.24448874605494,-6.244488746054941
4,28.0,52.471425921416,-24.471425921416
9,91.0,66.33674004461069,24.663259955389307
9,90.0,66.33674004461069,23.663259955389307
5,55.0,55.24448874605494,-0.24448874605494098
4,27.0,52.471425921416,-25.471425921416
7,67.0,60.79061439533281,6.20938560466719
6,41.0,58.017551570693875,-17.017551570693875
4,53.0,52.471425921416,0.5285740785840005
2,15.0,46.925300272138124,-31.925300272138124
1,26.0,44.15223744749919,-18.15223744749919
4,22.0,52.471425921416,-30.471425921416
4,48.0,52.471425921416,-4.4714259214159995
1,19.0,44.15223744749919,-25.15223744749919
6,78.0,58.017551570693875,19.982448429306125
4,53.0,52.471425921416,0.5285740785840005
1,61.0,44.15223744749919,16.84776255250081
1,30.0,44.15223744749919,-14.15223744749919
1,70.0,44.15223744749919,25.84776255250081
8,42.0,63.56367721997175,-21.56367721997175
8,67.0,63.56367721997175,3.4363227800282488
2,51.0,46.925300272138124,4.074699727861876
7,35.0,60.79061439533281,-25.79061439533281
8,38.0,63.56367721997175,-25.56367721997175
8,44.0,63.56367721997175,-19.56367721997175
7,86.0,60.79061439533281,25.20938560466719
5,68.0,55.24448874605494,12.755511253945059
1,25.0,44.15223744749919,-19.15223744749919
9,59.0,66.33674004461069,-7.336740044610693
7,74.0,60.79061439533281,13.20938560466719
2,73.0,46.925300272138124,26.074699727861876
6,61.0,58.017551570693875,2.9824484293061246
2,32.0,46.925300272138124,-14.925300272138124
1,41.0,44.15223744749919,-3.152237447499189
7,72.0,60.79061439533281,11.20938560466719
2,51.0,46.925300272138124,4.074699727861876
2,72.0,46.925300272138124,25.074699727861876
5,60.0,55.24448874605494,4.755511253945059
5,46.0,55.24448874605494,-9.244488746054941
7,77.0,60.79061439533281,16.20938560466719
1,23.0,44.15223744749919,-21.15223744749919
8,82.0,63.56367721997175,18.43632278002825
3,37.0,49.69836309677706,-12.698363096777058
4,80.0,52.471425921416,27.528574078584
9,87.0,66.33674004461069,20.663259955389307
4,41.0,52.471425921416,-11.471425921416
5,67.0,55.24448874605494,11.755511253945059
7,81.0,60.79061439533281,20.20938560466719
4,30.0,52.471425921416,-22.471425921416
1,19.0,44.15223744749919,-25.15223744749919
9,39.0,66.33674004461069,-27.336740044610693
4,34.0,52.471425921416,-18.471425921416
9,93.0,66.33674004461069,26.663259955389307
6,43.0,58.017551570693875,-15.017551570693875
1,21.0,44.15223744749919,-23.15223744749919
3,17.0,49.69836309677706,-32.69836309677706
2,40.0,46.925300272138124,-6.925300272138124
9,68.0,66.33674004461069,1.6632599553893073
1,74.0,44.15223744749919,29.84776255250081
9,45.0,66.33674004461069,-21.336740044610693
9,38.0,66.33674004461069,-28.336740044610693
8,76.0,63.56367721997175,12.436322780028249
8,38.0,63.56367721997175,-25.56367721997175
1,18.0,44.15223744749919,-26.15223744749919
8,54.0,63.56367721997175,-9.563677219971751
3,42.0,49.69836309677706,-7.698363096777058
7,31.0,60.79061439533281,-29.79061439533281
1,42.0,44.15223744749919,-2.152237447499189
1,44.0,44.15223744749919,-0.15223744749918922
5,54.0,55.24448874605494,-1.244488746054941
5,83.0,55.24448874605494,27.75551125394506
8,64.0,63.56367721997175,0.43632278002824876
7,38.0,60.79061439533281,-22.79061439533281
8,57.0,63.56367721997175,-6.563677219971751
6,83.0,58.017551570693875,24.982448429306125
6,34.0,58.017551570693875,-24.017551570693875
2,39.0,46.925300272138124,-7.925300272138124
6,56.0,58.017551570693875,-2.0175515706938754
5,76.0,55.24448874605494,20.75551125394506
3,49.0,49.69836309677706,-0.698363096777058
6,41.0,58.017551570693875,-17.017551570693875
8,69.0,63.56367721997175,5.436322780028249
9,93.0,66.33674004461069,26.663259955389307
1,44.0,44.15223744749919,-0.15223744749918922
3,73.0,49.69836309677706,23.301636903222942
3,56.0,49.69836309677706,6.301636903222942
8,70.0,63.56367721997175,6.436322780028249
1,56.0,44.15223744749919,11.84776255250081
5,77.0,55.24448874605494,21.75551125394506
3,40.0,49.69836309677706,-9.698363096777058
2,47.0,46.925300272138124,0.0746997278618764
8,40.0,63.56367721997175,-23.56367721997175
3,62.0,49.69836309677706,12.301636903222942
7,57.0,60.79061439533281,-3.7906143953328097
1,26.0,44.15223744749919,-18.15223744749919
6,47.0,58.017551570693875,-11.017551570693875
3,59.0,49.69836309677706,9.301636903222942
8,78.0,63.56367721997175,14.436322780028249
6,77.0,58.017551570693875,18.982448429306125
2,67.0,46.925300272138124,20.074699727861876
6,49.0,58.017551570693875,-9.017551570693875
7,80.0,60.79061439533281,19.20938560466719
5,54.0,55.24448874605494,-1.244488746054941
3,30.0,49.69836309677706,-19.698363096777058
4,29.0,52.471425921416,-23.471425921416
4,31.0,52.471425921416,-21.471425921416
6,42.0,58.017551570693875,-16.017551570693875
1,39.0,44.15223744749919,-5.152237447499189
4,70.0,52.471425921416,17.528574078584
4,69.0,52.471425921416,16.528574078584
1,18.0,44.15223744749919,-26.15223744749919
9,89.0,66.33674004461069,22.663259955389307
4,56.0,52.471425921416,3.5285740785840005
7,78.0,60.79061439533281,17.20938560466719
3,44.0,49.69836309677706,-5.698363096777058
3,36.0,49.69836309677706,-13.698363096777058
8,76.0,63.56367721997175,12.436322780028249
8,79.0,63.56367721997175,15.436322780028249
1,12.0,44.15223744749919,-32.15223744749919
2,48.0,46.925300272138124,1.0746997278618764
8,46.0,63.56367721997175,-17.56367721997175
1,54.0,44.15223744749919,9.84776255250081
8,69.0,63.56367721997175,5.436322780028249
8,56.0,63.56367721997175,-7.563677219971751
2,26.0,46.925300272138124,-20.925300272138124
4,39.0,52.471425921416,-13.471425921416
6,48.0,58.017551570693875,-10.017551570693875
9,92.0,66.33674004461069,25.663259955389307
8,81.0,63.56367721997175,17.43632278002825
8,46.0,63.56367721997175,-17.56367721997175
7,89.0,60.79061439533281,28.20938560466719
9,51.0,66.33674004461069,-15.336740044610693
2,16.0,46.925300272138124,-30.925300272138124
3,40.0,49.69836309677706,-9.698363096777058
8,90.0,63.56367721997175,26.43632278002825
6,83.0,58.017551570693875,24.982448429306125
9,46.0,66.33674004461069,-20.336740044610693
4,32.0,52.471425921416,-20.471425921416
8,82.0,63.56367721997175,18.43632278002825
3,63.0,49.69836309677706,13.301636903222942
3,59.0,49.69836309677706,9.301636903222942
8,89.0,63.56367721997175,25.43632278002825
5,55.0,55.24448874605494,-0.24448874605494098
3,29.0,49.69836309677706,-20.698363096777058
1,68.0,44.15223744749919,23.84776255250081
3,32.0,49.69836309677706,-17.698363096777058
9,44.0,66.33674004461069,-22.336740044610693
5,75.0,55.24448874605494,19.75551125394506
2,33.0,46.925300272138124,-13.925300272138124
7,49.0,60.79061439533281,-11.79061439533281
2,47.0,46.925300272138124,0.0746997278618764
4,35.0,52.471425921416,-17.471425921416
7,67.0,60.79061439533281,6.20938560466719
4,77.0,52.471425921416,24.528574078584
7,65.0,60.79061439533281,4.20938560466719
7,86.0,60.79061439533281,25.20938560466719
1,40.0,44.15223744749919,-4.152237447499189
6,37.0,58.017551570693875,-21.017551570693875
9,57.0,66.33674004461069,-9.336740044610693
2,23.0,46.925300272138124,-23.925300272138124
3,42.0,49.69836309677706,-7.698363096777058
5,73.0,55.24448874605494,17.75551125394506
9,88.0,66.33674004461069,21.663259955389307
4,53.0,52.471425921416,0.5285740785840005
1,72.0,44.15223744749919,27.84776255250081
4,47.0,52.471425921416,-5.4714259214159995
6,81.0,58.017551570693875,22.982448429306125
5,30.0,55.24448874605494,-25.24448874605494
1,68.0,44.15223744749919,23.84776255250081
4,83.0,52.471425921416,30.528574078584
6,73.0,58.017551570693875,14.982448429306125
4,67.0,52.471425921416,14.528574078584
9,45.0,66.33674004461069,-21.336740044610693
5,61.0,55.24448874605494,5.755511253945059
8,43.0,63.56367721997175,-20.56367721997175
9,37.0,66.33674004461069,-29.336740044610693
5,54.0,55.24448874605494,-1.244488746054941
6,29.0,58.017551570693875,-29.017551570693875
1,59.0,44.15223744749919,14.84776255250081
7,67.0,60.79061439533281,6.20938560466719
4,73.0,52.471425921416,20.528574078584
2,29.0,46.925300272138124,-17.925300272138124
5,29.0,55.24448874605494,-26.24448874605494
3,67.0,49.69836309677706,17.301636903222942
6,51.0,58.017551570693875,-7.017551570693875
8,80.0,63.56367721997175,16.43632278002825
7,48.0,60.79061439533281,-12.79061439533281
3,42.0,49.69836309677706,-7.698363096777058
8,57.0,63.56367721997175,-6.563677219971751
2,31.0,46.925300272138124,-15.925300272138124
9,38.0,66.33674004461069,-28.336740044610693
4,55.0,52.471425921416,2.5285740785840005
1,16.0,44.15223744749919,-28.15223744749919
8,53.0,63.56367721997175,-10.563677219971751
7,51.0,60.79061439533281,-9.79061439533281
5,72.0,55.24448874605494,16.75551125394506
5,33.0,55.24448874605494,-22.24448874605494
7,62.0,60.79061439533281,1.2093856046671903
5,30.0,55.24448874605494,-25.24448874605494
8,63.0,63.56367721997175,-0.5636772199717512
6,84.0,58.017551570693875,25.982448429306125
5,49.0,55.24448874605494,-6.244488746054941
9,66.0,66.33674004461069,-0.33674004461069273
2,44.0,46.925300272138124,-2.9253002721381236
1,30.0,44.15223744749919,-14.15223744749919
8,88.0,63.56367721997175,24.43632278002825
3,79.0,49.69836309677706,29.301636903222942
7,41.0,60.79061439533281,-19.79061439533281
8,55.0,63.56367721997175,-8.563677219971751
6,47.0,58.017551570693875,-11.017551570693875
9,72.0,66.33674004461069,5.663259955389307
7,83.0,60.79061439533281,22.20938560466719
5,79.0,55.24448874605494,23.75551125394506
8,56.0,63.56367721997175,-7.563677219971751
2,65.0,46.925300272138124,18.074699727861876
7,53.0,60.79061439533281,-7.79061439533281
4,73.0,52.471425921416,20.528574078584
9,57.0,66.33674004461069,-9.336740044610693
1,66.0,44.15223744749919,21.84776255250081
7,52.0,60.79061439533281,-8.79061439533281
6,80.0,58.017551570693875,21.982448429306125
8,75.0,63.56367721997175,11.436322780028249
5,57.0,55.24448874605494,1.755511253945059
1,13.0,44.15223744749919,-31.15223744749919
1,28.0,44.15223744749919,-16.15223744749919
9,85.0,66.33674004461069,18.663259955389307
6,86.0,58.017551570693875,27.982448429306125
5,54.0,55.24448874605494,-1.244488746054941
1,36.0,44.15223744749919,-8.15223744749919
6,37.0,58.017551570693875,-21.017551570693875
6,57.0,58.017551570693875,-1.0175515706938754
3,25.0,49.69836309677706,-24.698363096777058
8,89.0,63.56367721997175,25.43632278002825
1,71.0,44.15223744749919,26.84776255250081
1,56.0,44.15223744749919,11.84776255250081
6,36.0,58.017551570693875,-22.017551570693875
1,28.0,44.15223744749919,-16.15223744749919
6,66.0,58.017551570693875,7.982448429306125
1,41.0,44.15223744749919,-3.152237447499189
6,49.0,58.017551570693875,-9.017551570693875
3,71.0,49.69836309677706,21.301636903222942
8,65.0,63.56367721997175,1.4363227800282488
6,37.0,58.017551570693875,-21.017551570693875
1,41.0,44.15223744749919,-3.152237447499189
5,74.0,55.24448874605494,18.75551125394506
8,31.0,63.56367721997175,-32.56367721997175
3,57.0,49.69836309677706,7.301636903222942
6,58.0,58.017551570693875,-0.017551570693875362
5,82.0,55.24448874605494,26.75551125394506
6,74.0,58.017551570693875,15.982448429306125
1,21.0,44.15223744749919,-23.15223744749919
7,81.0,60.79061439533281,20.20938560466719
9,87.0,66.33674004461069,20.663259955389307
2,53.0,46.925300272138124,6.074699727861876
5,56.0,55.24448874605494,0.755511253945059
4,35.0,52.471425921416,-17.471425921416
6,47.0,58.017551570693875,-11.017551570693875
6,48.0,58.017551570693875,-10.017551570693875
2,52.0,46.925300272138124,5.074699727861876
2,19.0,46.925300272138124,-27.925300272138124
4,27.0,52.471425921416,-25.471425921416
1,22.0,44.15223744749919,-22.15223744749919
9,41.0,66.33674004461069,-25.336740044610693
7,58.0,60.79061439533281,-2.7906143953328097
7,49.0,60.79061439533281,-11.79061439533281
3,43.0,49.69836309677706,-6.698363096777058
3,43.0,49.69836309677706,-6.698363096777058
1,27.0,44.15223744749919,-17.15223744749919
3,61.0,49.69836309677706,11.301636903222942
3,63.0,49.69836309677706,13.301636903222942
4,77.0,52.471425921416,24.528574078584
4,39.0,52.471425921416,-13.471425921416
3,45.0,49.69836309677706,-4.698363096777058
8,77.0,63.56367721997175,13.436322780028249
8,34.0,63.56367721997175,-29.56367721997175
1,51.0,44.15223744749919,6.847762552500811
7,82.0,60.79061439533281,21.20938560466719
2,23.0,46.925300272138124,-23.925300272138124
1,62.0,44.15223744749919,17.84776255250081
3,60.0,49.69836309677706,10.301636903222942
4,75.0,52.471425921416,22.528574078584
6,43.0,58.017551570693875,-15.017551570693875
5,82.0,55.24448874605494,26.75551125394506
4,65.0,52.471425921416,12.528574078584
8,39.0,63.56367721997175,-24.56367721997175
4,50.0,52.471425921416,-2.4714259214159995
2,43.0,46.925300272138124,-3.9253002721381236
3,19.0,49.69836309677706,-30.698363096777058
6,49.0,58.017551570693875,-9.017551570693875
8,64.0,63.56367721997175,0.43632278002824876
8,92.0,63.56367721997175,28.43632278002825
9,93.0,66.33674004461069,26.663259955389307
7,39.0,60.79061439533281,-21.79061439533281
2,20.0,46.925300272138124,-26.925300272138124
8,61.0,63.56367721997175,-2.5636772199717512
7,77.0,60.79061439533281,16.20938560466719
8,42.0,63.56367721997175,-21.56367721997175
3,72.0,49.69836309677706,22.301636903222942
7,46.0,60.79061439533281,-14.79061439533281
9,83.0,66.33674004461069,16.663259955389307
3,84.0,49.69836309677706,34.30163690322294
6,83.0,58.017551570693875,24.982448429306125
2,45.0,46.925300272138124,-1.9253002721381236
2,31.0,46.925300272138124,-15.925300272138124
5,62.0,55.24448874605494,6.755511253945059
5,84.0,55.24448874605494,28.75551125394506
7,76.0,60.79061439533281,15.20938560466719
2,42.0,46.925300272138124,-4.925300272138124
7,46.0,60.79061439533281,-14.79061439533281
5,38.0,55.24448874605494,-17.24448874605494
6,69.0,58.017551570693875,10.982448429306125
8,88.0,63.56367721997175,24.43632278002825
4,70.0,52.471425921416,17.528574078584
7,61.0,60.79061439533281,0.20938560466719025
6,66.0,58.017551570693875,7.982448429306125
2,63.0,46.925300272138124,16.074699727861876
8,46.0,63.56367721997175,-17.56367721997175
9,95.0,66.33674004461069,28.663259955389307
5,41.0,55.24448874605494,-14.244488746054941
4,62.0,52.471425921416,9.528574078584
6,31.0,58.017551570693875,-27.017551570693875
8,81.0,63.56367721997175,17.43632278002825
3,76.0,49.69836309677706,26.301636903222942
1,70.0,44.15223744749919,25.84776255250081
4,51.0,52.471425921416,-1.4714259214159995
4,69.0,52.471425921416,16.528574078584
1,69.0,44.15223744749919,24.84776255250081
9,71.0,66.33674004461069,4.663259955389307
3,34.0,49.69836309677706,-15.698363096777058
5,51.0,55.24448874605494,-4.244488746054941
6,60.0,58.017551570693875,1.9824484293061246
8,43.0,63.56367721997175,-20.56367721997175
6,74.0,58.017551570693875,15.982448429306125
3,62.0,49.69836309677706,12.301636903222942
6,80.0,58.017551570693875,21.982448429306125
1,67.0,44.15223744749919,22.84776255250081
4,65.0,52.471425921416,12.528574078584
6,47.0,58.017551570693875,-11.017551570693875
7,63.0,60.79061439533281,2.2093856046671903
3,57.0,49.69836309677706,7.301636903222942
9,82.0,66.33674004461069,15.663259955389307
7,60.0,60.79061439533281,-0.7906143953328097
1,38.0,44.15223744749919,-6.152237447499189
2,78.0,46.925300272138124,31.074699727861876
1,54.0,44.15223744749919,9.84776255250081
9,59.0,66.33674004461069,-7.336740044610693
9,55.0,66.33674004461069,-11.336740044610693
7,84.0,60.79061439533281,23.20938560466719
3,32.0,49.69836309677706,-17.698363096777058
5,75.0,55.24448874605494,19.75551125394506
4,40.0,52.471425921416,-12.471425921416
7,85.0,60.79061439533281,24.20938560466719
9,56.0,66.33674004461069,-10.336740044610693
2,67.0,46.925300272138124,20.074699727861876
8,56.0,63.56367721997175,-7.563677219971751
9,38.0,66.33674004461069,-28.336740044610693
9,79.0,66.33674004461069,12.663259955389307
7,81.0,60.79061439533281,20.20938560466719
9,80.0,66.33674004461069,13.663259955389307
9,57.0,66.33674004461069,-9.336740044610693
3,38.0,49.69836309677706,-11.698363096777058
4,36.0,52.471425921416,-16.471425921416
2,58.0,46.925300272138124,11.074699727861876
3,28.0,49.69836309677706,-21.698363096777058
5,74.0,55.24448874605494,18.75551125394506
5,32.0,55.24448874605494,-23.24448874605494
6,68.0,58.017551570693875,9.982448429306125
7,83.0,60.79061439533281,22.20938560466719
7,33.0,60.79061439533281,-27.79061439533281
1,15.0,44.15223744749919,-29.15223744749919
2,16.0,46.925300272138124,-30.925300272138124
9,48.0,66.33674004461069,-18.336740044610693
2,45.0,46.925300272138124,-1.9253002721381236
6,60.0,58.017551570693875,1.9824484293061246
1,16.0,44.15223744749919,-28.15223744749919
3,61.0,49.69836309677706,11.301636903222942
2,67.0,46.925300272138124,20.074699727861876
3,70.0,49.69836309677706,20.301636903222942
5,40.0,55.24448874605494,-15.244488746054941
6,49.0,58.017551570693875,-9.017551570693875
9,63.0,66.33674004461069,-3.3367400446106927
4,63.0,52.471425921416,10.528574078584
7,82.0,60.79061439533281,21.20938560466719
6,33.0,58.017551570693875,-25.017551570693875
2,41.0,46.925300272138124,-5.925300272138124
8,83.0,63.56367721997175,19.43632278002825
7,53.0,60.79061439533281,-7.79061439533281
7,53.0,60.79061439533281,-7.79061439533281
8,66.0,63.56367721997175,2.4363227800282488
1,25.0,44.15223744749919,-19.15223744749919
1,44.0,44.15223744749919,-0.15223744749918922
8,66.0,63.56367721997175,2.4363227800282488
4,34.0,52.471425921416,-18.471425921416
5,67.0,55.24448874605494,11.755511253945059
8,74.0,63.56367721997175,10.436322780028249
5,52.0,55.24448874605494,-3.244488746054941
4,64.0,52.471425921416,11.528574078584
6,71.0,58.017551570693875,12.982448429306125
5,39.0,55.24448874605494,-16.24448874605494
7,66.0,60.79061439533281,5.20938560466719
7,78.0,60.79061439533281,17.20938560466719
4,75.0,52.471425921416,22.528574078584
5,37.0,55.24448874605494,-18.24448874605494
3,71.0,49.69836309677706,21.301636903222942
4,47.0,52.471425921416,-5.4714259214159995
4,37.0,52.471425921416,-15.471425921416
3,63.0,49.69836309677706,13.301636903222942
5,26.0,55.24448874605494,-29.24448874605494
5,71.0,55.24448874605494,15.755511253945059
7,80.0,60.79061439533281,19.20938560466719
4,54.0,52.471425921416,1.5285740785840005
4,57.0,52.471425921416,4.5285740785840005
9,75.0,66.33674004461069,8.663259955389307
6,67.0,58.017551570693875,8.982448429306125
4,57.0,52.471425921416,4.5285740785840005
2,52.0,46.925300272138124,5.074699727861876
6,78.0,58.017551570693875,19.982448429306125
2,72.0,46.925300272138124,25.074699727861876
5,78.0,55.24448874605494,22.75551125394506
6,30.0,58.017551570693875,-28.017551570693875
4,40.0,52.471425921416,-12.471425921416
3,35.0,49.69836309677706,-14.698363096777058
7,41.0,60.79061439533281,-19.79061439533281
2,61.0,46.925300272138124,14.074699727861876
6,69.0,58.017551570693875,10.982448429306125
4,55.0,52.471425921416,2.5285740785840005
6,24.0,58.017551570693875,-34.017551570693875
4,72.0,52.471425921416,19.528574078584
4,52.0,52.471425921416,-0.4714259214159995
4,26.0,52.471425921416,-26.471425921416
9,66.0,66.33674004461069,-0.33674004461069273
7,45.0,60.79061439533281,-15.79061439533281
3,47.0,49.69836309677706,-2.698363096777058
3,68.0,49.69836309677706,18.301636903222942
6,49.0,58.017551570693875,-9.017551570693875
6,37.0,58.017551570693875,-21.017551570693875
4,61.0,52.471425921416,8.528574078584
9,97.0,66.33674004461069,30.663259955389307
4,38.0,52.471425921416,-14.471425921416
9,69.0,66.33674004461069,2.6632599553893073
4,79.0,52.471425921416,26.528574078584
2,45.0,46.925300272138124,-1.9253002721381236
2,29.0,46.925300272138124,-17.925300272138124
5,86.0,55.24448874605494,30.75551125394506
4,29.0,52.471425921416,-23.471425921416
7,72.0,60.79061439533281,11.20938560466719
5,37.0,55.24448874605494,-18.24448874605494
6,51.0,58.017551570693875,-7.017551570693875
4,39.0,52.471425921416,-13.471425921416
2,24.0,46.925300272138124,-22.925300272138124
9,47.0,66.33674004461069,-19.336740044610693
7,52.0,60.79061439533281,-8.79061439533281
4,75.0,52.471425921416,22.528574078584
3,18.0,49.69836309677706,-31.698363096777058
3,44.0,49.69836309677706,-5.698363096777058
9,37.0,66.33674004461069,-29.336740044610693
5,37.0,55.24448874605494,-18.24448874605494
3,50.0,49.69836309677706,0.301636903222942
5,34.0,55.24448874605494,-21.24448874605494
2,68.0,46.925300272138124,21.074699727861876
4,76.0,52.471425921416,23.528574078584
2,53.0,46.925300272138124,6.074699727861876
2,16.0,46.925300272138124,-30.925300272138124
8,70.0,63.56367721997175,6.436322780028249
1,62.0,44.15223744749919,17.84776255250081
7,33.0,60.79061439533281,-27.79061439533281
5,40.0,55.24448874605494,-15.244488746054941
8,85.0,63.56367721997175,21.43632278002825
1,43.0,44.15223744749919,-1.1522374474991892
7,40.0,60.79061439533281,-20.79061439533281
5,83.0,55.24448874605494,27.75551125394506
4,86.0,52.471425921416,33.528574078584
7,54.0,60.79061439533281,-6.79061439533281
2,32.0,46.925300272138124,-14.925300272138124
1,40.0,44.15223744749919,-4.152237447499189
1,45.0,44.15223744749919,0.8477625525008108
1,56.0,44.15223744749919,11.84776255250081
5,71.0,55.24448874605494,15.755511253945059
7,38.0,60.79061439533281,-22.79061439533281
2,45.0,46.925300272138124,-1.9253002721381236
8,93.0,63.56367721997175,29.43632278002825
4,73.0,52.471425921416,20.528574078584
3,63.0,49.69836309677706,13.301636903222942
8,54.0,63.56367721997175,-9.563677219971751
2,18.0,46.925300272138124,-28.925300272138124
3,65.0,49.69836309677706,15.301636903222942
3,64.0,49.69836309677706,14.301636903222942
1,35.0,44.15223744749919,-9.15223744749919
6,31.0,58.017551570693875,-27.017551570693875
2,26.0,46.925300272138124,-20.925300272138124
1,46.0,44.15223744749919,1.8477625525008108
2,65.0,46.925300272138124,18.074699727861876
6,72.0,58.017551570693875,13.982448429306125
4,59.0,52.471425921416,6.5285740785840005
6,39.0,58.017551570693875,-19.017551570693875
9,85.0,66.33674004461069,18.663259955389307
8,35.0,63.56367721997175,-28.56367721997175
1,67.0,44.15223744749919,22.84776255250081
8,78.0,63.56367721997175,14.436322780028249
9,64.0,66.33674004461069,-2.3367400446106927
6,34.0,58.017551570693875,-24.017551570693875
5,70.0,55.24448874605494,14.755511253945059
6,42.0,58.017551570693875,-16.017551570693875
6,61.0,58.017551570693875,2.9824484293061246
9,45.0,66.33674004461069,-21.336740044610693
4,66.0,52.471425921416,13.528574078584
2,56.0,46.925300272138124,9.074699727861876
9,63.0,66.33674004461069,-3.3367400446106927
2,44.0,46.925300272138124,-2.9253002721381236
9,46.0,66.33674004461069,-20.336740044610693
2,34.0,46.925300272138124,-12.925300272138124
8,85.0,63.56367721997175,21.43632278002825
9,46.0,66.33674004461069,-20.336740044610693
9,84.0,66.33674004461069,17.663259955389307
9,74.0,66.33674004461069,7.663259955389307
2,41.0,46.925300272138124,-5.925300272138124
4,30.0,52.471425921416,-22.471425921416
7,82.0,60.79061439533281,21.20938560466719
2,30.0,46.925300272138124,-16.925300272138124
1,59.0,44.15223744749919,14.84776255250081
3,17.0,49.69836309677706,-32.69836309677706
4,26.0,52.471425921416,-26.471425921416
8,94.0,63.56367721997175,30.43632278002825
6,46.0,58.017551570693875,-12.017551570693875
2,26.0,46.925300272138124,-20.925300272138124
9,54.0,66.33674004461069,-12.336740044610693
2,42.0,46.925300272138124,-4.925300272138124
5,42.0,55.24448874605494,-13.244488746054941
4,80.0,52.471425921416,27.528574078584
7,85.0,60.79061439533281,24.20938560466719
8,26.0,63.56367721997175,-37.56367721997175
5,52.0,55.24448874605494,-3.244488746054941
5,60.0,55.24448874605494,4.755511253945059
2,40.0,46.925300272138124,-6.925300272138124
8,68.0,63.56367721997175,4.436322780028249
2,49.0,46.925300272138124,2.0746997278618764
6,59.0,58.017551570693875,0.9824484293061246
8,32.0,63.56367721997175,-31.56367721997175
6,47.0,58.017551570693875,-11.017551570693875
4,77.0,52.471425921416,24.528574078584
4,36.0,52.471425921416,-16.471425921416
6,38.0,58.017551570693875,-20.017551570693875
4,50.0,52.471425921416,-2.4714259214159995
8,77.0,63.56367721997175,13.436322780028249
9,59.0,66.33674004461069,-7.336740044610693
1,37.0,44.15223744749919,-7.152237447499189
4,72.0,52.471425921416,19.528574078584
4,41.0,52.471425921416,-11.471425921416
2,34.0,46.925300272138124,-12.925300272138124
6,54.0,58.017551570693875,-4.017551570693875
3,21.0,49.69836309677706,-28.698363096777058
7,50.0,60.79061439533281,-10.79061439533281
5,49.0,55.24448874605494,-6.244488746054941
4,71.0,52.471425921416,18.528574078584
5,64.0,55.24448874605494,8.755511253945059
8,90.0,63.56367721997175,26.43632278002825
3,57.0,49.69836309677706,7.301636903222942
7,84.0,60.79061439533281,23.20938560466719
6,36.0,58.017551570693875,-22.017551570693875
1,34.0,44.15223744749919,-10.15223744749919
7,70.0,60.79061439533281,9.20938560466719
7,39.0,60.79061439533281,-21.79061439533281
1,42.0,44.15223744749919,-2.152237447499189
9,69.0,66.33674004461069,2.6632599553893073
6,44.0,58.017551570693875,-14.017551570693875
2,54.0,46.925300272138124,7.074699727861876
5,87.0,55.24448874605494,31.75551125394506
4,28.0,52.471425921416,-24.471425921416
7,70.0,60.79061439533281,9.20938560466719
8,44.0,63.56367721997175,-19.56367721997175
1,23.0,44.15223744749919,-21.15223744749919
5,61.0,55.24448874605494,5.755511253945059
3,43.0,49.69836309677706,-6.698363096777058
1,22.0,44.15223744749919,-22.15223744749919
3,47.0,49.69836309677706,-2.698363096777058
6,31.0,58.017551570693875,-27.017551570693875
7,71.0,60.79061439533281,10.20938560466719
8,59.0,63.56367721997175,-4.563677219971751
4,37.0,52.471425921416,-15.471425921416
3,58.0,49.69836309677706,8.301636903222942
5,24.0,55.24448874605494,-31.24448874605494
9,52.0,66.33674004461069,-14.336740044610693
6,74.0,58.017551570693875,15.982448429306125
9,60.0,66.33674004461069,-6.336740044610693
6,59.0,58.017551570693875,0.9824484293061246
2,20.0,46.925300272138124,-26.925300272138124
5,33.0,55.24448874605494,-22.24448874605494
9,80.0,66.33674004461069,13.663259955389307
8,67.0,63.56367721997175,3.4363227800282488
7,90.0,60.79061439533281,29.20938560466719
1,29.0,44.15223744749919,-15.15223744749919
4,44.0,52.471425921416,-8.471425921416
7,37.0,60.79061439533281,-23.79061439533281
7,45.0,60.79061439533281,-15.79061439533281
6,50.0,58.017551570693875,-8.017551570693875
8,44.0,63.56367721997175,-19.56367721997175
6,59.0,58.017551570693875,0.9824484293061246
3,60.0,49.69836309677706,10.301636903222942
4,78.0,52.471425921416,25.528574078584
3,73.0,49.69836309677706,23.301636903222942
1,20.0,44.15223744749919,-24.15223744749919
5,26.0,55.24448874605494,-29.24448874605494
1,42.0,44.15223744749919,-2.152237447499189
1,71.0,44.15223744749919,26.84776255250081
2,57.0,46.925300272138124,10.074699727861876
4,55.0,52.471425921416,2.5285740785840005
6,29.0,58.017551570693875,-29.017551570693875
8,96.0,63.56367721997175,32.43632278002825
3,23.0,49.69836309677706,-26.698363096777058
1,42.0,44.15223744749919,-2.152237447499189
3,54.0,49.69836309677706,4.301636903222942
3,83.0,49.69836309677706,33.30163690322294
5,91.0,55.24448874605494,35.75551125394506
4,42.0,52.471425921416,-10.471425921416
4,65.0,52.471425921416,12.528574078584
9,60.0,66.33674004461069,-6.336740044610693
7,77.0,60.79061439533281,16.20938560466719
4,41.0,52.471425921416,-11.471425921416
3,67.0,49.69836309677706,17.301636903222942
6,53.0,58.017551570693875,-5.017551570693875
3,21.0,49.69836309677706,-28.698363096777058
6,82.0,58.017551570693875,23.982448429306125
9,52.0,66.33674004461069,-14.336740044610693
6,60.0,58.017551570693875,1.9824484293061246
4,71.0,52.471425921416,18.528574078584
5,45.0,55.24448874605494,-10.244488746054941
6,82.0,58.017551570693875,23.982448429306125
3,57.0,49.69836309677706,7.301636903222942
8,63.0,63.56367721997175,-0.5636772199717512
4,41.0,52.471425921416,-11.471425921416
8,84.0,63.56367721997175,20.43632278002825
3,24.0,49.69836309677706,-25.698363096777058
7,63.0,60.79061439533281,2.2093856046671903
9,79.0,66.33674004461069,12.663259955389307
4,20.0,52.471425921416,-32.471425921416
8,50.0,63.56367721997175,-13.563677219971751
3,43.0,49.69836309677706,-6.698363096777058
7,56.0,60.79061439533281,-4.79061439533281
3,21.0,49.69836309677706,-28.698363096777058
7,76.0,60.79061439533281,15.20938560466719
6,34.0,58.017551570693875,-24.017551570693875
2,42.0,46.925300272138124,-4.925300272138124
3,78.0,49.69836309677706,28.301636903222942
6,28.0,58.017551570693875,-30.017551570693875
4,39.0,52.471425921416,-13.471425921416
6,56.0,58.017551570693875,-2.0175515706938754
1,63.0,44.15223744749919,18.84776255250081
1,38.0,44.15223744749919,-6.152237447499189
3,29.0,49.69836309677706,-20.698363096777058
8,67.0,63.56367721997175,3.4363227800282488
8,57.0,63.56367721997175,-6.563677219971751
4,63.0,52.471425921416,10.528574078584
6,38.0,58.017551570693875,-20.017551570693875
8,68.0,63.56367721997175,4.436322780028249
7,82.0,60.79061439533281,21.20938560466719
7,70.0,60.79061439533281,9.20938560466719
4,32.0,52.471425921416,-20.471425921416
9,43.0,66.33674004461069,-23.336740044610693
6,49.0,58.017551570693875,-9.017551570693875
3,49.0,49.69836309677706,-0.698363096777058
5,36.0,55.24448874605494,-19.24448874605494
5,69.0,55.24448874605494,13.755511253945059
5,57.0,55.24448874605494,1.755511253945059
8,47.0,63.56367721997175,-16.56367721997175
9,69.0,66.33674004461069,2.6632599553893073
9,65.0,66.33674004461069,-1.3367400446106927
6,84.0,58.017551570693875,25.982448429306125
6,66.0,58.017551570693875,7.982448429306125
9,60.0,66.33674004461069,-6.336740044610693
4,44.0,52.471425921416,-8.471425921416
6,61.0,58.017551570693875,2.9824484293061246
4,30.0,52.471425921416,-22.471425921416
1,39.0,44.15223744749919,-5.152237447499189
7,85.0,60.79061439533281,24.20938560466719
6,58.0,58.017551570693875,-0.017551570693875362
9,53.0,66.33674004461069,-13.336740044610693
7,86.0,60.79061439533281,25.20938560466719
7,55.0,60.79061439533281,-5.79061439533281
2,32.0,46.925300272138124,-14.925300272138124
9,94.0,66.33674004461069,27.663259955389307
9,41.0,66.33674004461069,-25.336740044610693
6,43.0,58.017551570693875,-15.017551570693875
3,25.0,49.69836309677706,-24.698363096777058
1,64.0,44.15223744749919,19.84776255250081
4,37.0,52.471425921416,-15.471425921416
3,79.0,49.69836309677706,29.301636903222942
1,62.0,44.15223744749919,17.84776255250081
3,21.0,49.69836309677706,-28.698363096777058
4,49.0,52.471425921416,-3.4714259214159995
8,77.0,63.56367721997175,13.436322780028249
9,50.0,66.33674004461069,-16.336740044610693
3,79.0,49.69836309677706,29.301636903222942
6,35.0,58.017551570693875,-23.017551570693875
5,66.0,55.24448874605494,10.755511253945059
6,74.0,58.017551570693875,15.982448429306125
4,77.0,52.471425921416,24.528574078584
6,72.0,58.017551570693875,13.982448429306125
7,48.0,60.79061439533281,-12.79061439533281
9,42.0,66.33674004461069,-24.336740044610693
7,59.0,60.79061439533281,-1.7906143953328097
6,66.0,58.017551570693875,7.982448429306125
1,27.0,44.15223744749919,-17.15223744749919
2,75.0,46.925300272138124,28.074699727861876
1,31.0,44.15223744749919,-13.15223744749919
9,51.0,66.33674004461069,-15.336740044610693
9,74.0,66.33674004461069,7.663259955389307
7,63.0,60.79061439533281,2.2093856046671903
2,31.0,46.925300272138124,-15.925300272138124
6,79.0,58.017551570693875,20.982448429306125
4,77.0,52.471425921416,24.528574078584
1,26.0,44.15223744749919,-18.15223744749919
1,69.0,44.15223744749919,24.84776255250081
5,56.0,55.24448874605494,0.755511253945059
2,18.0,46.925300272138124,-28.925300272138124
4,55.0,52.471425921416,2.5285740785840005
1,45.0,44.15223744749919,0.8477625525008108
4,74.0,52.471425921416,21.528574078584
6,56.0,58.017551570693875,-2.0175515706938754
4,34.0,52.471425921416,-18.471425921416
1,44.0,44.15223744749919,-0.15223744749918922
7,73.0,60.79061439533281,12.20938560466719
2,38.0,46.925300272138124,-8.925300272138124
9,64.0,66.33674004461069,-2.3367400446106927
3,75.0,49.69836309677706,25.301636903222942
8,84.0,63.56367721997175,20.43632278002825
8,62.0,63.56367721997175,-1.5636772199717512
3,41.0,49.69836309677706,-8.698363096777058
4,81.0,52.471425921416,28.528574078584
2,66.0,46.925300272138124,19.074699727861876
4,45.0,52.471425921416,-7.4714259214159995
9,84.0,66.33674004461069,17.663259955389307
2,60.0,46.925300272138124,13.074699727861876
3,26.0,49.69836309677706,-23.698363096777058
4,64.0,52.471425921416,11.528574078584
5,32.0,55.24448874605494,-23.24448874605494
1,48.0,44.15223744749919,3.847762552500811
7,83.0,60.79061439533281,22.20938560466719
7,62.0,60.79061439533281,1.2093856046671903
9,55.0,66.33674004461069,-11.336740044610693
4,36.0,52.471425921416,-16.471425921416
6,52.0,58.017551570693875,-6.017551570693875
2,35.0,46.925300272138124,-11.925300272138124
4,21.0,52.471425921416,-31.471425921416
2,67.0,46.925300272138124,20.074699727861876
5,71.0,55.24448874605494,15.755511253945059
7,87.0,60.79061439533281,26.20938560466719
1,70.0,44.15223744749919,25.84776255250081
7,43.0,60.79061439533281,-17.79061439533281
6,69.0,58.017551570693875,10.982448429306125
6,75.0,58.017551570693875,16.982448429306125
8,85.0,63.56367721997175,21.43632278002825
8,56.0,63.56367721997175,-7.563677219971751
6,55.0,58.017551570693875,-3.0175515706938754
3,78.0,49.69836309677706,28.301636903222942
5,71.0,55.24448874605494,15.755511253945059
2,68.0,46.925300272138124,21.074699727861876
5,60.0,55.24448874605494,4.755511253945059
9,95.0,66.33674004461069,28.663259955389307
1,51.0,44.15223744749919,6.847762552500811
5,84.0,55.24448874605494,28.75551125394506
6,68.0,58.017551570693875,9.982448429306125
7,54.0,60.79061439533281,-6.79061439533281
9,79.0,66.33674004461069,12.663259955389307
6,83.0,58.017551570693875,24.982448429306125
5,28.0,55.24448874605494,-27.24448874605494
7,31.0,60.79061439533281,-29.79061439533281
1,50.0,44.15223744749919,5.847762552500811
5,79.0,55.24448874605494,23.75551125394506
2,64.0,46.925300272138124,17.074699727861876
4,53.0,52.471425921416,0.5285740785840005
7,81.0,60.79061439533281,20.20938560466719
5,70.0,55.24448874605494,14.755511253945059
6,85.0,58.017551570693875,26.982448429306125
2,20.0,46.925300272138124,-26.925300272138124
3,60.0,49.69836309677706,10.301636903222942
7,36.0,60.79061439533281,-24.79061439533281
2,49.0,46.925300272138124,2.0746997278618764
6,56.0,58.017551570693875,-2.0175515706938754
5,79.0,55.24448874605494,23.75551125394506
1,53.0,44.15223744749919,8.84776255250081
4,70.0,52.471425921416,17.528574078584
2,74.0,46.925300272138124,27.074699727861876
4,60.0,52.471425921416,7.5285740785840005
1,32.0,44.15223744749919,-12.15223744749919
2,59.0,46.925300272138124,12.074699727861876
8,48.0,63.56367721997175,-15.563677219971751
6,74.0,58.017551570693875,15.982448429306125
2,46.0,46.925300272138124,-0.9253002721381236
6,63.0,58.017551570693875,4.982448429306125
9,87.0,66.33674004461069,20.663259955389307
7,29.0,60.79061439533281,-31.79061439533281
9,51.0,66.33674004461069,-15.336740044610693
5,81.0,55.24448874605494,25.75551125394506
7,70.0,60.79061439533281,9.20938560466719
7,75.0,60.79061439533281,14.20938560466719
3,75.0,49.69836309677706,25.301636903222942
7,85.0,60.79061439533281,24.20938560466719
1,28.0,44.15223744749919,-16.15223744749919
9,84.0,66.33674004461069,17.663259955389307
6,76.0,58.017551570693875,17.982448429306125
5,43.0,55.24448874605494,-12.244488746054941
7,73.0,60.79061439533281,12.20938560466719
5,33.0,55.24448874605494,-22.24448874605494
5,45.0,55.24448874605494,-10.244488746054941
7,38.0,60.79061439533281,-22.79061439533281
7,39.0,60.79061439533281,-21.79061439533281
3,67.0,49.69836309677706,17.301636903222942
3,53.0,49.69836309677706,3.301636903222942
3,50.0,49.69836309677706,0.301636903222942
6,80.0,58.017551570693875,21.982448429306125
6,80.0,58.017551570693875,21.982448429306125
3,60.0,49.69836309677706,10.301636903222942
3,23.0,49.69836309677706,-26.698363096777058
8,80.0,63.56367721997175,16.43632278002825
8,83.0,63.56367721997175,19.43632278002825
7,72.0,60.79061439533281,11.20938560466719
4,46.0,52.471425921416,-6.4714259214159995
4,45.0,52.471425921416,-7.4714259214159995
3,42.0,49.69836309677706,-7.698363096777058
5,78.0,55.24448874605494,22.75551125394506
3,43.0,49.69836309677706,-6.698363096777058
8,55.0,63.56367721997175,-8.563677219971751
7,67.0,60.79061439533281,6.20938560466719
3,28.0,49.69836309677706,-21.698363096777058
9,48.0,66.33674004461069,-18.336740044610693
5,81.0,55.24448874605494,25.75551125394506
9,84.0,66.33674004461069,17.663259955389307
7,41.0,60.79061439533281,-19.79061439533281
7,31.0,60.79061439533281,-29.79061439533281
6,83.0,58.017551570693875,24.982448429306125
2,70.0,46.925300272138124,23.074699727861876
9,57.0,66.33674004461069,-9.336740044610693
6,45.0,58.017551570693875,-13.017551570693875
8,37.0,63.56367721997175,-26.56367721997175
1,33.0,44.15223744749919,-11.15223744749919
5,28.0,55.24448874605494,-27.24448874605494
1,16.0,44.15223744749919,-28.15223744749919
8,60.0,63.56367721997175,-3.5636772199717512
8,81.0,63.56367721997175,17.43632278002825
1,54.0,44.15223744749919,9.84776255250081
9,94.0,66.33674004461069,27.663259955389307
2,74.0,46.925300272138124,27.074699727861876
9,76.0,66.33674004461069,9.663259955389307
1,19.0,44.15223744749919,-25.15223744749919
9,83.0,66.33674004461069,16.663259955389307
4,73.0,52.471425921416,20.528574078584
9,52.0,66.33674004461069,-14.336740044610693
7,81.0,60.79061439533281,20.20938560466719
6,84.0,58.017551570693875,25.982448429306125
5,35.0,55.24448874605494,-20.24448874605494
9,53.0,66.33674004461069,-13.336740044610693
2,55.0,46.925300272138124,8.074699727861876
2,66.0,46.925300272138124,19.074699727861876
9,87.0,66.33674004461069,20.663259955389307
3,43.0,49.69836309677706,-6.698363096777058
8,39.0,63.56367721997175,-24.56367721997175
9,68.0,66.33674004461069,1.6632599553893073
8,81.0,63.56367721997175,17.43632278002825
4,45.0,52.471425921416,-7.4714259214159995
1,75.0,44.15223744749919,30.84776255250081
4,64.0,52.471425921416,11.528574078584
9,54.0,66.33674004461069,-12.336740044610693
2,45.0,46.925300272138124,-1.9253002721381236
3,75.0,49.69836309677706,25.301636903222942
8,64.0,63.56367721997175,0.43632278002824876
6,81.0,58.017551570693875,22.982448429306125
8,39.0,63.56367721997175,-24.56367721997175
7,38.0,60.79061439533281,-22.79061439533281
5,72.0,55.24448874605494,16.75551125394506
9,67.0,66.33674004461069,0.6632599553893073
4,66.0,52.471425921416,13.528574078584
6,32.0,58.017551570693875,-26.017551570693875
2,17.0,46.925300272138124,-29.925300272138124
2,59.0,46.925300272138124,12.074699727861876
2,70.0,46.925300272138124,23.074699727861876
7,41.0,60.79061439533281,-19.79061439533281
2,62.0,46.925300272138124,15.074699727861876
2,38.0,46.925300272138124,-8.925300272138124
9,81.0,66.33674004461069,14.663259955389307
7,88.0,60.79061439533281,27.20938560466719
3,46.0,49.69836309677706,-3.698363096777058
3,25.0,49.69836309677706,-24.698363096777058
7,48.0,60.79061439533281,-12.79061439533281
5,81.0,55.24448874605494,25.75551125394506
6,49.0,58.017551570693875,-9.017551570693875
8,72.0,63.56367721997175,8.436322780028249
9,96.0,66.33674004461069,29.663259955389307
1,17.0,44.15223744749919,-27.15223744749919
3,48.0,49.69836309677706,-1.698363096777058
7,69.0,60.79061439533281,8.20938560466719
6,85.0,58.017551570693875,26.982448429306125
7,85.0,60.79061439533281,24.20938560466719
8,64.0,63.56367721997175,0.43632278002824876
6,79.0,58.017551570693875,20.982448429306125
3,74.0,49.69836309677706,24.301636903222942
2,69.0,46.925300272138124,22.074699727861876
7,44.0,60.79061439533281,-16.79061439533281
1,50.0,44.15223744749919,5.847762552500811
3,48.0,49.69836309677706,-1.698363096777058
4,77.0,52.471425921416,24.528574078584
1,46.0,44.15223744749919,1.8477625525008108
5,51.0,55.24448874605494,-4.244488746054941
3,23.0,49.69836309677706,-26.698363096777058
2,56.0,46.925300272138124,9.074699727861876
3,47.0,49.69836309677706,-2.698363096777058
8,42.0,63.56367721997175,-21.56367721997175
6,64.0,58.017551570693875,5.982448429306125
7,80.0,60.79061439533281,19.20938560466719
6,73.0,58.017551570693875,14.982448429306125
6,80.0,58.017551570693875,21.982448429306125
3,34.0,49.69836309677706,-15.698363096777058
8,69.0,63.56367721997175,5.436322780028249
7,54.0,60.79061439533281,-6.79061439533281
7,56.0,60.79061439533281,-4.79061439533281
6,66.0,58.017551570693875,7.982448429306125
5,53.0,55.24448874605494,-2.244488746054941
8,89.0,63.56367721997175,25.43632278002825
5,70.0,55.24448874605494,14.755511253945059
9,59.0,66.33674004461069,-7.336740044610693
9,41.0,66.33674004461069,-25.336740044610693
1,28.0,44.15223744749919,-16.15223744749919
6,75.0,58.017551570693875,16.982448429306125
7,34.0,60.79061439533281,-26.79061439533281
3,68.0,49.69836309677706,18.301636903222942
7,32.0,60.79061439533281,-28.79061439533281
7,44.0,60.79061439533281,-16.79061439533281
2,35.0,46.925300272138124,-11.925300272138124
7,74.0,60.79061439533281,13.20938560466719
1,64.0,44.15223744749919,19.84776255250081
5,57.0,55.24448874605494,1.755511253945059
9,46.0,66.33674004461069,-20.336740044610693
7,36.0,60.79061439533281,-24.79061439533281
7,85.0,60.79061439533281,24.20938560466719
2,71.0,46.925300272138124,24.074699727861876
8,49.0,63.56367721997175,-14.563677219971751
3,71.0,49.69836309677706,21.301636903222942
8,76.0,63.56367721997175,12.436322780028249
3,26.0,49.69836309677706,-23.698363096777058
7,74.0,60.79061439533281,13.20938560466719
2,78.0,46.925300272138124,31.074699727861876
4,59.0,52.471425921416,6.5285740785840005
6,55.0,58.017551570693875,-3.0175515706938754
9,51.0,66.33674004461069,-15.336740044610693
5,57.0,55.24448874605494,1.755511253945059
9,63.0,66.33674004461069,-3.3367400446106927
5,37.0,55.24448874605494,-18.24448874605494
8,41.0,63.56367721997175,-22.56367721997175
1,67.0,44.15223744749919,22.84776255250081
7,56.0,60.79061439533281,-4.79061439533281
4,51.0,52.471425921416,-1.4714259214159995
5,26.0,55.24448874605494,-29.24448874605494
6,56.0,58.017551570693875,-2.0175515706938754
5,48.0,55.24448874605494,-7.244488746054941
1,52.0,44.15223744749919,7.847762552500811
9,42.0,66.33674004461069,-24.336740044610693
2,41.0,46.925300272138124,-5.925300272138124
9,64.0,66.33674004461069,-2.3367400446106927
2,57.0,46.925300272138124,10.074699727861876
9,72.0,66.33674004461069,5.663259955389307
6,52.0,58.017551570693875,-6.017551570693875
9,67.0,66.33674004461069,0.6632599553893073
6,61.0,58.017551570693875,2.9824484293061246
6,51.0,58.017551570693875,-7.017551570693875
2,42.0,46.925300272138124,-4.925300272138124
8,71.0,63.56367721997175,7.436322780028249
3,74.0,49.69836309677706,24.301636903222942
7,62.0,60.79061439533281,1.2093856046671903
5,76.0,55.24448874605494,20.75551125394506
3,50.0,49.69836309677706,0.301636903222942
1,42.0,44.15223744749919,-2.152237447499189
8,55.0,63.56367721997175,-8.563677219971751
3,60.0,49.69836309677706,10.301636903222942
2,52.0,46.925300272138124,5.074699727861876
1,36.0,44.15223744749919,-8.15223744749919
4,53.0,52.471425921416,0.5285740785840005
8,54.0,63.56367721997175,-9.563677219971751
3,47.0,49.69836309677706,-2.698363096777058
1,70.0,44.15223744749919,25.84776255250081
4,62.0,52.471425921416,9.528574078584
9,82.0,66.33674004461069,15.663259955389307
1,26.0,44.15223744749919,-18.15223744749919
2,25.0,46.925300272138124,-21.925300272138124
9,55.0,66.33674004461069,-11.336740044610693
2,34.0,46.925300272138124,-12.925300272138124
3,51.0,49.69836309677706,1.301636903222942
7,63.0,60.79061439533281,2.2093856046671903
3,54.0,49.69836309677706,4.301636903222942
9,62.0,66.33674004461069,-4.336740044610693
6,43.0,58.017551570693875,-15.017551570693875
3,34.0,49.69836309677706,-15.698363096777058
9,56.0,66.33674004461069,-10.336740044610693
1,24.0,44.15223744749919,-20.15223744749919
3,65.0,49.69836309677706,15.301636903222942
1,31.0,44.15223744749919,-13.15223744749919
2,72.0,46.925300272138124,25.074699727861876
8,90.0,63.56367721997175,26.43632278002825
7,43.0,60.79061439533281,-17.79061439533281
2,23.0,46.925300272138124,-23.925300272138124
2,18.0,46.925300272138124,-28.925300272138124
9,44.0,66.33674004461069,-22.336740044610693
6,84.0,58.017551570693875,25.982448429306125
5,62.0,55.24448874605494,6.755511253945059
6,56.0,58.017551570693875,-2.0175515706938754
9,87.0,66.33674004461069,20.663259955389307
7,89.0,60.79061439533281,28.20938560466719
9,55.0,66.33674004461069,-11.336740044610693
4,18.0,52.471425921416,-34.471425921416
2,46.0,46.925300272138124,-0.9253002721381236
8,42.0,63.56367721997175,-21.56367721997175
4,72.0,52.471425921416,19.528574078584
9,75.0,66.33674004461069,8.663259955389307
4,79.0,52.471425921416,26.528574078584
8,78.0,63.56367721997175,14.436322780028249
9,81.0,66.33674004461069,14.663259955389307
9,63.0,66.33674004461069,-3.3367400446106927
4,35.0,52.471425921416,-17.471425921416
1,63.0,44.15223744749919,18.84776255250081
3,59.0,49.69836309677706,9.301636903222942
9,76.0,66.33674004461069,9.663259955389307
4,33.0,52.471425921416,-19.471425921416
5,62.0,55.24448874605494,6.755511253945059
7,58.0,60.79061439533281,-2.7906143953328097
5,82.0,55.24448874605494,26.75551125394506
4,73.0,52.471425921416,20.528574078584
2,75.0,46.925300272138124,28.074699727861876
2,71.0,46.925300272138124,24.074699727861876
4,30.0,52.471425921416,-22.471425921416
9,58.0,66.33674004461069,-8.336740044610693
8,80.0,63.56367721997175,16.43632278002825
3,65.0,49.69836309677706,15.301636903222942
9,51.0,66.33674004461069,-15.336740044610693
5,44.0,55.24448874605494,-11.244488746054941
3,23.0,49.69836309677706,-26.698363096777058
5,56.0,55.24448874605494,0.755511253945059
4,25.0,52.471425921416,-27.471425921416
8,89.0,63.56367721997175,25.43632278002825
5,75.0,55.24448874605494,19.75551125394506
8,60.0,63.56367721997175,-3.5636772199717512
9,64.0,66.33674004461069,-2.3367400446106927
4,40.0,52.471425921416,-12.471425921416
7,37.0,60.79061439533281,-23.79061439533281
2,42.0,46.925300272138124,-4.925300272138124
6,78.0,58.017551570693875,19.982448429306125
8,72.0,63.56367721997175,8.436322780028249
7,44.0,60.79061439533281,-16.79061439533281
7,89.0,60.79061439533281,28.20938560466719
8,77.0,63.56367721997175,13.436322780028249
7,62.0,60.79061439533281,1.2093856046671903
5,46.0,55.24448874605494,-9.244488746054941
7,94.0,60.79061439533281,33.20938560466719
3,80.0,49.69836309677706,30.301636903222942
5,83.0,55.24448874605494,27.75551125394506
7,74.0,60.79061439533281,13.20938560466719
9,85.0,66.33674004461069,18.663259955389307
2,61.0,46.925300272138124,14.074699727861876
4,85.0,52.471425921416,32.528574078584
7,58.0,60.79061439533281,-2.7906143953328097
1,52.0,44.15223744749919,7.847762552500811
2,69.0,46.925300272138124,22.074699727861876
9,78.0,66.33674004461069,11.663259955389307
7,82.0,60.79061439533281,21.20938560466719
7,47.0,60.79061439533281,-13.79061439533281
6,79.0,58.017551570693875,20.982448429306125
3,21.0,49.69836309677706,-28.698363096777058
3,33.0,49.69836309677706,-16.698363096777058
2,65.0,46.925300272138124,18.074699727861876
6,35.0,58.017551570693875,-23.017551570693875
4,63.0,52.471425921416,10.528574078584
5,50.0,55.24448874605494,-5.244488746054941
3,18.0,49.69836309677706,-31.698363096777058
6,88.0,58.017551570693875,29.982448429306125
3,35.0,49.69836309677706,-14.698363096777058
8,82.0,63.56367721997175,18.43632278002825
9,87.0,66.33674004461069,20.663259955389307
4,59.0,52.471425921416,6.5285740785840005
9,56.0,66.33674004461069,-10.336740044610693
7,86.0,60.79061439533281,25.20938560466719
3,70.0,49.69836309677706,20.301636903222942
7,90.0,60.79061439533281,29.20938560466719
1,28.0,44.15223744749919,-16.15223744749919
3,21.0,49.69836309677706,-28.698363096777058
6,64.0,58.017551570693875,5.982448429306125
4,61.0,52.471425921416,8.528574078584
7,54.0,60.79061439533281,-6.79061439533281
3,20.0,49.69836309677706,-29.698363096777058
1,49.0,44.15223744749919,4.847762552500811
9,65.0,66.33674004461069,-1.3367400446106927
6,61.0,58.017551570693875,2.9824484293061246
8,40.0,63.56367721997175,-23.56367721997175
3,49.0,49.69836309677706,-0.698363096777058
8,52.0,63.56367721997175,-11.563677219971751
2,38.0,46.925300272138124,-8.925300272138124
4,51.0,52.471425921416,-1.4714259214159995
3,76.0,49.69836309677706,26.301636903222942
1,42.0,44.15223744749919,-2.152237447499189
7,68.0,60.79061439533281,7.20938560466719
2,77.0,46.925300272138124,30.074699727861876
4,65.0,52.471425921416,12.528574078584
9,63.0,66.33674004461069,-3.3367400446106927
6,35.0,58.017551570693875,-23.017551570693875
8,71.0,63.56367721997175,7.436322780028249
2,64.0,46.925300272138124,17.074699727861876
7,53.0,60.79061439533281,-7.79061439533281
6,87.0,58.017551570693875,28.982448429306125
9,71.0,66.33674004461069,4.663259955389307
7,43.0,60.79061439533281,-17.79061439533281
1,54.0,44.15223744749919,9.84776255250081
8,44.0,63.56367721997175,-19.56367721997175
3,45.0,49.69836309677706,-4.698363096777058
2,42.0,46.925300272138124,-4.925300272138124
3,38.0,49.69836309677706,-11.698363096777058
6,36.0,58.017551570693875,-22.017551570693875
3,43.0,49.69836309677706,-6.698363096777058
5,67.0,55.24448874605494,11.755511253945059
6,58.0,58.017551570693875,-0.017551570693875362
8,64.0,63.56367721997175,0.43632278002824876
7,51.0,60.79061439533281,-9.79061439533281
8,57.0,63.56367721997175,-6.563677219971751
3,40.0,49.69836309677706,-9.698363096777058
4,68.0,52.471425921416,15.528574078584
6,58.0,58.017551570693875,-0.017551570693875362
7,63.0,60.79061439533281,2.2093856046671903
9,56.0,66.33674004461069,-10.336740044610693
1,60.0,44.15223744749919,15.84776255250081
8,68.0,63.56367721997175,4.436322780028249
8,82.0,63.56367721997175,18.43632278002825
6,33.0,58.017551570693875,-25.017551570693875
4,47.0,52.471425921416,-5.4714259214159995
3,32.0,49.69836309677706,-17.698363096777058
3,39.0,49.69836309677706,-10.698363096777058
6,41.0,58.017551570693875,-17.017551570693875
8,61.0,63.56367721997175,-2.5636772199717512
7,63.0,60.79061439533281,2.2093856046671903
1,27.0,44.15223744749919,-17.15223744749919
6,88.0,58.017551570693875,29.982448429306125
7,35.0,60.79061439533281,-25.79061439533281
7,48.0,60.79061439533281,-12.79061439533281
9,95.0,66.33674004461069,28.663259955389307
5,48.0,55.24448874605494,-7.244488746054941
1,45.0,44.15223744749919,0.8477625525008108
2,49.0,46.925300272138124,2.0746997278618764
4,57.0,52.471425921416,4.5285740785840005
5,61.0,55.24448874605494,5.755511253945059
9,75.0,66.33674004461069,8.663259955389307
1,26.0,44.15223744749919,-18.15223744749919
3,47.0,49.69836309677706,-2.698363096777058
5,37.0,55.24448874605494,-18.24448874605494
3,55.0,49.69836309677706,5.301636903222942
4,73.0,52.471425921416,20.528574078584
3,30.0,49.69836309677706,-19.698363096777058
4,80.0,52.471425921416,27.528574078584
1,24.0,44.15223744749919,-20.15223744749919
8,66.0,63.56367721997175,2.4363227800282488
4,77.0,52.471425921416,24.528574078584
7,86.0,60.79061439533281,25.20938560466719
2,13.0,46.925300272138124,-33.925300272138124
2,52.0,46.925300272138124,5.074699727861876
6,80.0,58.017551570693875,21.982448429306125
2,44.0,46.925300272138124,-2.9253002721381236
6,68.0,58.017551570693875,9.982448429306125
2,23.0,46.925300272138124,-23.925300272138124
4,36.0,52.471425921416,-16.471425921416
7,58.0,60.79061439533281,-2.7906143953328097
8,91.0,63.56367721997175,27.43632278002825
3,48.0,49.69836309677706,-1.698363096777058
9,40.0,66.33674004461069,-26.336740044610693
2,33.0,46.925300272138124,-13.925300272138124
8,46.0,63.56367721997175,-17.56367721997175
8,87.0,63.56367721997175,23.43632278002825
4,39.0,52.471425921416,-13.471425921416
1,70.0,44.15223744749919,25.84776255250081
1,67.0,44.15223744749919,22.84776255250081
2,68.0,46.925300272138124,21.074699727861876
9,61.0,66.33674004461069,-5.336740044610693
2,51.0,46.925300272138124,4.074699727861876
2,43.0,46.925300272138124,-3.9253002721381236
6,70.0,58.017551570693875,11.982448429306125
7,34.0,60.79061439533281,-26.79061439533281
7,33.0,60.79061439533281,-27.79061439533281
9,46.0,66.33674004461069,-20.336740044610693
6,60.0,58.017551570693875,1.9824484293061246
8,73.0,63.56367721997175,9.436322780028249
6,47.0,58.017551570693875,-11.017551570693875
2,67.0,46.925300272138124,20.074699727861876
1,37.0,44.15223744749919,-7.152237447499189
5,44.0,55.24448874605494,-11.244488746054941
9,55.0,66.33674004461069,-11.336740044610693
8,52.0,63.56367721997175,-11.563677219971751
4,42.0,52.471425921416,-10.471425921416
5,28.0,55.24448874605494,-27.24448874605494
5,31.0,55.24448874605494,-24.24448874605494
6,42.0,58.017551570693875,-16.017551570693875
3,71.0,49.69836309677706,21.301636903222942
5,54.0,55.24448874605494,-1.244488746054941
2,42.0,46.925300272138124,-4.925300272138124
1,68.0,44.15223744749919,23.84776255250081
1,27.0,44.15223744749919,-17.15223744749919
7,59.0,60.79061439533281,-1.7906143953328097
2,77.0,46.925300272138124,30.074699727861876
4,43.0,52.471425921416,-9.471425921416
5,73.0,55.24448874605494,17.75551125394506
7,31.0,60.79061439533281,-29.79061439533281
2,55.0,46.925300272138124,8.074699727861876
6,49.0,58.017551570693875,-9.017551570693875
1,65.0,44.15223744749919,20.84776255250081
7,30.0,60.79061439533281,-30.79061439533281
9,75.0,66.33674004461069,8.663259955389307
5,43.0,55.24448874605494,-12.244488746054941
5,49.0,55.24448874605494,-6.244488746054941
4,44.0,52.471425921416,-8.471425921416
3,35.0,49.69836309677706,-14.698363096777058
9,88.0,66.33674004461069,21.663259955389307
5,65.0,55.24448874605494,9.755511253945059
8,82.0,63.56367721997175,18.43632278002825
9,76.0,66.33674004461069,9.663259955389307
5,54.0,55.24448874605494,-1.244488746054941
9,90.0,66.33674004461069,23.663259955389307
2,23.0,46.925300272138124,-23.925300272138124
9,79.0,66.33674004461069,12.663259955389307
4,65.0,52.471425921416,12.528574078584
6,59.0,58.017551570693875,0.9824484293061246
6,28.0,58.017551570693875,-30.017551570693875
6,79.0,58.017551570693875,20.982448429306125
2,11.0,46.925300272138124,-35.925300272138124
7,61.0,60.79061439533281,0.20938560466719025
6,36.0,58.017551570693875,-22.017551570693875
1,22.0,44.15223744749919,-22.15223744749919
2,20.0,46.925300272138124,-26.925300272138124
7,45.0,60.79061439533281,-15.79061439533281
1,32.0,44.15223744749919,-12.15223744749919
1,68.0,44.15223744749919,23.84776255250081
1,55.0,44.15223744749919,10.84776255250081
8,38.0,63.56367721997175,-25.56367721997175
4,23.0,52.471425921416,-29.471425921416
4,33.0,52.471425921416,-19.471425921416
2,22.0,46.925300272138124,-24.925300272138124
1,60.0,44.15223744749919,15.84776255250081
9,58.0,66.33674004461069,-8.336740044610693
7,84.0,60.79061439533281,23.20938560466719
4,67.0,52.471425921416,14.528574078584
6,79.0,58.017551570693875,20.982448429306125
2,61.0,46.925300272138124,14.074699727861876
7,80.0,60.79061439533281,19.20938560466719
2,27.0,46.925300272138124,-19.925300272138124
8,72.0,63.56367721997175,8.436322780028249
8,61.0,63.56367721997175,-2.5636772199717512
1,25.0,44.15223744749919,-19.15223744749919
8,67.0,63.56367721997175,3.4363227800282488
2,33.0,46.925300272138124,-13.925300272138124
6,46.0,58.017551570693875,-12.017551570693875
1,73.0,44.15223744749919,28.84776255250081
5,54.0,55.24448874605494,-1.244488746054941
7,44.0,60.79061439533281,-16.79061439533281
1,74.0,44.15223744749919,29.84776255250081
2,31.0,46.925300272138124,-15.925300272138124
7,73.0,60.79061439533281,12.20938560466719
6,34.0,58.017551570693875,-24.017551570693875
3,36.0,49.69836309677706,-13.698363096777058
2,27.0,46.925300272138124,-19.925300272138124
4,66.0,52.471425921416,13.528574078584
3,66.0,49.69836309677706,16.301636903222942
7,64.0,60.79061439533281,3.2093856046671903
8,82.0,63.56367721997175,18.43632278002825
2,34.0,46.925300272138124,-12.925300272138124
7,38.0,60.79061439533281,-22.79061439533281
8,79.0,63.56367721997175,15.436322780028249
6,35.0,58.017551570693875,-23.017551570693875
6,33.0,58.017551570693875,-25.017551570693875
1,65.0,44.15223744749919,20.84776255250081
4,69.0,52.471425921416,16.528574078584
1,66.0,44.15223744749919,21.84776255250081
4,45.0,52.471425921416,-7.4714259214159995
2,37.0,46.925300272138124,-9.925300272138124
5,71.0,55.24448874605494,15.755511253945059
9,59.0,66.33674004461069,-7.336740044610693
3,32.0,49.69836309677706,-17.698363096777058
8,40.0,63.56367721997175,-23.56367721997175
3,73.0,49.69836309677706,23.301636903222942
6,48.0,58.017551570693875,-10.017551570693875
4,52.0,52.471425921416,-0.4714259214159995
8,79.0,63.56367721997175,15.436322780028249
6,85.0,58.017551570693875,26.982448429306125
8,72.0,63.56367721997175,8.436322780028249
1,39.0,44.15223744749919,-5.152237447499189
6,72.0,58.017551570693875,13.982448429306125
1,51.0,44.15223744749919,6.847762552500811
1,36.0,44.15223744749919,-8.15223744749919
8,89.0,63.56367721997175,25.43632278002825
7,82.0,60.79061439533281,21.20938560466719
3,51.0,49.69836309677706,1.301636903222942
6,75.0,58.017551570693875,16.982448429306125
9,44.0,66.33674004461069,-22.336740044610693
7,72.0,60.79061439533281,11.20938560466719
3,66.0,49.69836309677706,16.301636903222942
6,41.0,58.017551570693875,-17.017551570693875
4,59.0,52.471425921416,6.5285740785840005
3,31.0,49.69836309677706,-18.698363096777058
9,54.0,66.33674004461069,-12.336740044610693
2,23.0,46.925300272138124,-23.925300272138124
1,75.0,44.15223744749919,30.84776255250081
2,21.0,46.925300272138124,-25.925300272138124
7,69.0,60.79061439533281,8.20938560466719
1,56.0,44.15223744749919,11.84776255250081
6,60.0,58.017551570693875,1.9824484293061246
7,79.0,60.79061439533281,18.20938560466719
9,47.0,66.33674004461069,-19.336740044610693
8,72.0,63.56367721997175,8.436322780028249
6,31.0,58.017551570693875,-27.017551570693875
3,45.0,49.69836309677706,-4.698363096777058
8,40.0,63.56367721997175,-23.56367721997175
7,46.0,60.79061439533281,-14.79061439533281
3,38.0,49.69836309677706,-11.698363096777058
9,64.0,66.33674004461069,-2.3367400446106927
2,46.0,46.925300272138124,-0.9253002721381236
3,58.0,49.69836309677706,8.301636903222942
2,37.0,46.925300272138124,-9.925300272138124
1,62.0,44.15223744749919,17.84776255250081
4,49.0,52.471425921416,-3.4714259214159995
5,53.0,55.24448874605494,-2.244488746054941
6,30.0,58.017551570693875,-28.017551570693875
5,59.0,55.24448874605494,3.755511253945059
1,40.0,44.15223744749919,-4.152237447499189
3,37.0,49.69836309677706,-12.698363096777058
1,41.0,44.15223744749919,-3.152237447499189
5,56.0,55.24448874605494,0.755511253945059
5,81.0,55.24448874605494,25.75551125394506
6,66.0,58.017551570693875,7.982448429306125
8,71.0,63.56367721997175,7.436322780028249
1,64.0,44.15223744749919,19.84776255250081
4,31.0,52.471425921416,-21.471425921416
1,72.0,44.15223744749919,27.84776255250081
9,57.0,66.33674004461069,-9.336740044610693
7,67.0,60.79061439533281,6.20938560466719
7,76.0,60.79061439533281,15.20938560466719
5,68.0,55.24448874605494,12.755511253945059
7,78.0,60.79061439533281,17.20938560466719
2,68.0,46.925300272138124,21.074699727861876
4,25.0,52.471425921416,-27.471425921416
7,86.0,60.79061439533281,25.20938560466719
3,15.0,49.69836309677706,-34.69836309677706
2,28.0,46.925300272138124,-18.925300272138124
2,58.0,46.925300272138124,11.074699727861876
1,72.0,44.15223744749919,27.84776255250081
5,45.0,55.24448874605494,-10.244488746054941
6,59.0,58.017551570693875,0.9824484293061246
6,78.0,58.017551570693875,19.982448429306125
9,84.0,66.33674004461069,17.663259955389307
4,56.0,52.471425921416,3.5285740785840005
1,62.0,44.15223744749919,17.84776255250081
6,78.0,58.017551570693875,19.982448429306125
5,62.0,55.24448874605494,6.755511253945059
6,54.0,58.017551570693875,-4.017551570693875
3,57.0,49.69836309677706,7.301636903222942
2,61.0,46.925300272138124,14.074699727861876
6,49.0,58.017551570693875,-9.017551570693875
1,71.0,44.15223744749919,26.84776255250081
7,55.0,60.79061439533281,-5.79061439533281
7,44.0,60.79061439533281,-16.79061439533281
7,68.0,60.79061439533281,7.20938560466719
1,60.0,44.15223744749919,15.84776255250081
4,45.0,52.471425921416,-7.4714259214159995
7,72.0,60.79061439533281,11.20938560466719
9,41.0,66.33674004461069,-25.336740044610693
5,73.0,55.24448874605494,17.75551125394506
2,57.0,46.925300272138124,10.074699727861876
7,55.0,60.79061439533281,-5.79061439533281
1,53.0,44.15223744749919,8.84776255250081
7,53.0,60.79061439533281,-7.79061439533281
6,87.0,58.017551570693875,28.982448429306125
7,61.0,60.79061439533281,0.20938560466719025
3,38.0,49.69836309677706,-11.698363096777058
3,60.0,49.69836309677706,10.301636903222942
7,49.0,60.79061439533281,-11.79061439533281
2,64.0,46.925300272138124,17.074699727861876
1,23.0,44.15223744749919,-21.15223744749919
9,72.0,66.33674004461069,5.663259955389307
9,71.0,66.33674004461069,4.663259955389307
7,59.0,60.79061439533281,-1.7906143953328097
7,38.0,60.79061439533281,-22.79061439533281
3,24.0,49.69836309677706,-25.698363096777058
2,18.0,46.925300272138124,-28.925300272138124
7,33.0,60.79061439533281,-27.79061439533281
9,81.0,66.33674004461069,14.663259955389307
1,30.0,44.15223744749919,-14.15223744749919
4,32.0,52.471425921416,-20.471425921416
6,50.0,58.017551570693875,-8.017551570693875
7,73.0,60.79061439533281,12.20938560466719
7,38.0,60.79061439533281,-22.79061439533281
2,28.0,46.925300272138124,-18.925300272138124
4,57.0,52.471425921416,4.5285740785840005
5,41.0,55.24448874605494,-14.244488746054941
1,52.0,44.15223744749919,7.847762552500811
1,26.0,44.15223744749919,-18.15223744749919
3,28.0,49.69836309677706,-21.698363096777058
3,74.0,49.69836309677706,24.301636903222942
8,81.0,63.56367721997175,17.43632278002825
9,81.0,66.33674004461069,14.663259955389307
1,61.0,44.15223744749919,16.84776255250081
2,38.0,46.925300272138124,-8.925300272138124
2,29.0,46.925300272138124,-17.925300272138124
4,57.0,52.471425921416,4.5285740785840005
2,21.0,46.925300272138124,-25.925300272138124
7,57.0,60.79061439533281,-3.7906143953328097
9,94.0,66.33674004461069,27.663259955389307
7,39.0,60.79061439533281,-21.79061439533281
6,59.0,58.017551570693875,0.9824484293061246
1,64.0,44.15223744749919,19.84776255250081
9,83.0,66.33674004461069,16.663259955389307
5,53.0,55.24448874605494,-2.244488746054941
5,70.0,55.24448874605494,14.755511253945059
6,92.0,58.017551570693875,33.982448429306125
9,92.0,66.33674004461069,25.663259955389307
8,47.0,63.56367721997175,-16.56367721997175
8,51.0,63.56367721997175,-12.563677219971751
8,45.0,63.56367721997175,-18.56367721997175
1,34.0,44.15223744749919,-10.15223744749919
1,50.0,44.15223744749919,5.847762552500811
8,45.0,63.56367721997175,-18.56367721997175
5,54.0,55.24448874605494,-1.244488746054941
9,52.0,66.33674004461069,-14.336740044610693
2,20.0,46.925300272138124,-26.925300272138124
9,93.0,66.33674004461069,26.663259955389307
8,53.0,63.56367721997175,-10.563677219971751
9,35.0,66.33674004461069,-31.336740044610693
4,48.0,52.471425921416,-4.4714259214159995
1,18.0,44.15223744749919,-26.15223744749919
1,43.0,44.15223744749919,-1.1522374474991892
5,36.0,55.24448874605494,-19.24448874605494
2,51.0,46.925300272138124,4.074699727861876
8,65.0,63.56367721997175,1.4363227800282488
5,81.0,55.24448874605494,25.75551125394506
5,45.0,55.24448874605494,-10.244488746054941
2,46.0,46.925300272138124,-0.9253002721381236
7,32.0,60.79061439533281,-28.79061439533281
8,60.0,63.56367721997175,-3.5636772199717512
1,33.0,44.15223744749919,-11.15223744749919
2,45.0,46.925300272138124,-1.9253002721381236
4,54.0,52.471425921416,1.5285740785840005
5,46.0,55.24448874605494,-9.244488746054941
2,49.0,46.925300272138124,2.0746997278618764
1,38.0,44.15223744749919,-6.152237447499189
9,53.0,66.33674004461069,-13.336740044610693
1,30.0,44.15223744749919,-14.15223744749919
4,24.0,52.471425921416,-28.471425921416
2,69.0,46.925300272138124,22.074699727861876
4,57.0,52.471425921416,4.5285740785840005
8,94.0,63.56367721997175,30.43632278002825
8,77.0,63.56367721997175,13.436322780028249
9,79.0,66.33674004461069,12.663259955389307
5,50.0,55.24448874605494,-5.244488746054941
7,52.0,60.79061439533281,-8.79061439533281
3,64.0,49.69836309677706,14.301636903222942
4,86.0,52.471425921416,33.528574078584
9,33.0,66.33674004461069,-33.33674004461069
1,47.0,44.15223744749919,2.847762552500811
2,31.0,46.925300272138124,-15.925300272138124
5,42.0,55.24448874605494,-13.244488746054941
3,54.0,49.69836309677706,4.301636903222942
2,33.0,46.925300272138124,-13.925300272138124
1,61.0,44.15223744749919,16.84776255250081
3,78.0,49.69836309677706,28.301636903222942
1,55.0,44.15223744749919,10.84776255250081
1,59.0,44.15223744749919,14.84776255250081
1,20.0,44.15223744749919,-24.15223744749919
8,43.0,63.56367721997175,-20.56367721997175
3,19.0,49.69836309677706,-30.698363096777058
1,17.0,44.15223744749919,-27.15223744749919
7,73.0,60.79061439533281,12.20938560466719
3,72.0,49.69836309677706,22.301636903222942
8,39.0,63.56367721997175,-24.56367721997175
4,44.0,52.471425921416,-8.471425921416
4,52.0,52.471425921416,-0.4714259214159995
5,58.0,55.24448874605494,2.755511253945059
6,45.0,58.017551570693875,-13.017551570693875
7,36.0,60.79061439533281,-24.79061439533281
4,22.0,52.471425921416,-30.471425921416
8,86.0,63.56367721997175,22.43632278002825
6,68.0,58.017551570693875,9.982448429306125
1,47.0,44.15223744749919,2.847762552500811
1,40.0,44.15223744749919,-4.152237447499189
9,58.0,66.33674004461069,-8.336740044610693
6,53.0,58.017551570693875,-5.017551570693875
8,46.0,63.56367721997175,-17.56367721997175
7,66.0,60.79061439533281,5.20938560466719
6,49.0,58.017551570693875,-9.017551570693875
4,77.0,52.471425921416,24.528574078584
7,36.0,60.79061439533281,-24.79061439533281
9,55.0,66.33674004461069,-11.336740044610693
7,49.0,60.79061439533281,-11.79061439533281
1,76.0,44.15223744749919,31.84776255250081
9,45.0,66.33674004461069,-21.336740044610693
4,28.0,52.471425921416,-24.471425921416
3,25.0,49.69836309677706,-24.698363096777058
4,27.0,52.471425921416,-25.471425921416
4,67.0,52.471425921416,14.528574078584
2,44.0,46.925300272138124,-2.9253002721381236
1,18.0,44.15223744749919,-26.15223744749919
1,37.0,44.15223744749919,-7.152237447499189
8,43.0,63.56367721997175,-20.56367721997175
2,43.0,46.925300272138124,-3.9253002721381236
5,66.0,55.24448874605494,10.755511253945059
4,34.0,52.471425921416,-18.471425921416
8,77.0,63.56367721997175,13.436322780028249
2,31.0,46.925300272138124,-15.925300272138124
9,80.0,66.33674004461069,13.663259955389307
7,71.0,60.79061439533281,10.20938560466719
7,69.0,60.79061439533281,8.20938560466719
1,34.0,44.15223744749919,-10.15223744749919
2,69.0,46.925300272138124,22.074699727861876
4,44.0,52.471425921416,-8.471425921416
4,30.0,52.471425921416,-22.471425921416
3,73.0,49.69836309677706,23.301636903222942
7,52.0,60.79061439533281,-8.79061439533281
8,81.0,63.56367721997175,17.43632278002825
2,52.0,46.925300272138124,5.074699727861876
4,77.0,52.471425921416,24.528574078584
3,44.0,49.69836309677706,-5.698363096777058
2,62.0,46.925300272138124,15.074699727861876
6,44.0,58.017551570693875,-14.017551570693875
4,51.0,52.471425921416,-1.4714259214159995
6,48.0,58.017551570693875,-10.017551570693875
2,30.0,46.925300272138124,-16.925300272138124
4,82.0,52.471425921416,29.528574078584
6,61.0,58.017551570693875,2.9824484293061246
5,72.0,55.24448874605494,16.75551125394506
3,78.0,49.69836309677706,28.301636903222942
8,53.0,63.56367721997175,-10.563677219971751
7,78.0,60.79061439533281,17.20938560466719
3,79.0,49.69836309677706,29.301636903222942
6,56.0,58.017551570693875,-2.0175515706938754
4,58.0,52.471425921416,5.5285740785840005
5,72.0,55.24448874605494,16.75551125394506
5,37.0,55.24448874605494,-18.24448874605494
7,56.0,60.79061439533281,-4.79061439533281
5,59.0,55.24448874605494,3.755511253945059
3,54.0,49.69836309677706,4.301636903222942
5,47.0,55.24448874605494,-8.244488746054941
7,84.0,60.79061439533281,23.20938560466719
5,50.0,55.24448874605494,-5.244488746054941
5,27.0,55.24448874605494,-28.24448874605494
9,67.0,66.33674004461069,0.6632599553893073
3,48.0,49.69836309677706,-1.698363096777058
6,42.0,58.017551570693875,-16.017551570693875
1,55.0,44.15223744749919,10.84776255250081
5,73.0,55.24448874605494,17.75551125394506
8,46.0,63.56367721997175,-17.56367721997175
5,81.0,55.24448874605494,25.75551125394506
9,82.0,66.33674004461069,15.663259955389307
6,35.0,58.017551570693875,-23.017551570693875
8,92.0,63.56367721997175,28.43632278002825
8,59.0,63.56367721997175,-4.563677219971751
3,35.0,49.69836309677706,-14.698363096777058
7,65.0,60.79061439533281,4.20938560466719
7,53.0,60.79061439533281,-7.79061439533281
6,45.0,58.017551570693875,-13.017551570693875
7,61.0,60.79061439533281,0.20938560466719025
2,74.0,46.925300272138124,27.074699727861876
9,60.0,66.33674004461069,-6.336740044610693
1,23.0,44.15223744749919,-21.15223744749919
1,25.0,44.15223744749919,-19.15223744749919
3,45.0,49.69836309677706,-4.698363096777058
3,68.0,49.69836309677706,18.301636903222942
1,21.0,44.15223744749919,-23.15223744749919
7,65.0,60.79061439533281,4.20938560466719
4,45.0,52.471425921416,-7.4714259214159995
2,58.0,46.925300272138124,11.074699727861876
5,76.0,55.24448874605494,20.75551125394506
6,57.0,58.017551570693875,-1.0175515706938754
9,46.0,66.33674004461069,-20.336740044610693
4,68.0,52.471425921416,15.528574078584
2,40.0,46.925300272138124,-6.925300272138124
5,45.0,55.24448874605494,-10.244488746054941
3,31.0,49.69836309677706,-18.698363096777058
2,50.0,46.925300272138124,3.0746997278618764
1,43.0,44.15223744749919,-1.1522374474991892
2,50.0,46.925300272138124,3.0746997278618764
6,80.0,58.017551570693875,21.982448429306125
8,90.0,63.56367721997175,26.43632278002825
3,38.0,49.69836309677706,-11.698363096777058
9,73.0,66.33674004461069,6.663259955389307
9,78.0,66.33674004461069,11.663259955389307
2,54.0,46.925300272138124,7.074699727861876
8,92.0,63.56367721997175,28.43632278002825
5,39.0,55.24448874605494,-16.24448874605494
4,41.0,52.471425921416,-11.471425921416
5,71.0,55.24448874605494,15.755511253945059
4,65.0,52.471425921416,12.528574078584
8,87.0,63.56367721997175,23.43632278002825
4,47.0,52.471425921416,-5.4714259214159995
6,42.0,58.017551570693875,-16.017551570693875
2,62.0,46.925300272138124,15.074699727861876
5,54.0,55.24448874605494,-1.244488746054941
6,71.0,58.017551570693875,12.982448429306125
5,42.0,55.24448874605494,-13.244488746054941
2,64.0,46.925300272138124,17.074699727861876
7,70.0,60.79061439533281,9.20938560466719
4,77.0,52.471425921416,24.528574078584
8,62.0,63.56367721997175,-1.5636772199717512
7,28.0,60.79061439533281,-32.79061439533281
7,36.0,60.79061439533281,-24.79061439533281
9,92.0,66.33674004461069,25.663259955389307
1,18.0,44.15223744749919,-26.15223744749919
6,37.0,58.017551570693875,-21.017551570693875
6,81.0,58.017551570693875,22.982448429306125
6,57.0,58.017551570693875,-1.0175515706938754
6,61.0,58.017551570693875,2.9824484293061246
7,62.0,60.79061439533281,1.2093856046671903
6,27.0,58.017551570693875,-31.017551570693875
1,26.0,44.15223744749919,-18.15223744749919
3,48.0,49.69836309677706,-1.698363096777058
2,18.0,46.925300272138124,-28.925300272138124
6,66.0,58.017551570693875,7.982448429306125
8,59.0,63.56367721997175,-4.563677219971751
3,41.0,49.69836309677706,-8.698363096777058
8,64.0,63.56367721997175,0.43632278002824876
8,40.0,63.56367721997175,-23.56367721997175
5,84.0,55.24448874605494,28.75551125394506
8,51.0,63.56367721997175,-12.563677219971751
6,49.0,58.017551570693875,-9.017551570693875
5,67.0,55.24448874605494,11.755511253945059
9,70.0,66.33674004461069,3.6632599553893073
7,75.0,60.79061439533281,14.20938560466719
8,80.0,63.56367721997175,16.43632278002825
1,35.0,44.15223744749919,-9.15223744749919
2,65.0,46.925300272138124,18.074699727861876
8,86.0,63.56367721997175,22.43632278002825
9,45.0,66.33674004461069,-21.336740044610693
4,69.0,52.471425921416,16.528574078584
9,86.0,66.33674004461069,19.663259955389307
4,75.0,52.471425921416,22.528574078584
9,39.0,66.33674004461069,-27.336740044610693
7,59.0,60.79061439533281,-1.7906143953328097
2,42.0,46.925300272138124,-4.925300272138124
9,42.0,66.33674004461069,-24.336740044610693
4,70.0,52.471425921416,17.528574078584
8,48.0,63.56367721997175,-15.563677219971751
7,49.0,60.79061439533281,-11.79061439533281
7,78.0,60.79061439533281,17.20938560466719
8,34.0,63.56367721997175,-29.56367721997175
1,18.0,44.15223744749919,-26.15223744749919
5,33.0,55.24448874605494,-22.24448874605494
2,20.0,46.925300272138124,-26.925300272138124
2,35.0,46.925300272138124,-11.925300272138124
1,46.0,44.15223744749919,1.8477625525008108
5,42.0,55.24448874605494,-13.244488746054941
2,23.0,46.925300272138124,-23.925300272138124
4,51.0,52.471425921416,-1.4714259214159995
3,75.0,49.69836309677706,25.301636903222942
3,27.0,49.69836309677706,-22.698363096777058
2,48.0,46.925300272138124,1.0746997278618764
6,45.0,58.017551570693875,-13.017551570693875
2,40.0,46.925300272138124,-6.925300272138124
8,42.0,63.56367721997175,-21.56367721997175
8,90.0,63.56367721997175,26.43632278002825
5,45.0,55.24448874605494,-10.244488746054941
7,55.0,60.79061439533281,-5.79061439533281
4,45.0,52.471425921416,-7.4714259214159995
1,20.0,44.15223744749919,-24.15223744749919
2,15.0,46.925300272138124,-31.925300272138124
4,28.0,52.471425921416,-24.471425921416
1,25.0,44.15223744749919,-19.15223744749919
8,39.0,63.56367721997175,-24.56367721997175
9,96.0,66.33674004461069,29.663259955389307
4,24.0,52.471425921416,-28.471425921416
3,63.0,49.69836309677706,13.301636903222942
2,19.0,46.925300272138124,-27.925300272138124
5,31.0,55.24448874605494,-24.24448874605494
3,35.0,49.69836309677706,-14.698363096777058
7,65.0,60.79061439533281,4.20938560466719
6,41.0,58.017551570693875,-17.017551570693875
1,65.0,44.15223744749919,20.84776255250081
8,83.0,63.56367721997175,19.43632278002825
2,22.0,46.925300272138124,-24.925300272138124
5,68.0,55.24448874605494,12.755511253945059
9,40.0,66.33674004461069,-26.336740044610693
8,92.0,63.56367721997175,28.43632278002825
2,54.0,46.925300272138124,7.074699727861876
9,90.0,66.33674004461069,23.663259955389307
5,57.0,55.24448874605494,1.755511253945059
6,47.0,58.017551570693875,-11.017551570693875
3,43.0,49.69836309677706,-6.698363096777058
3,50.0,49.69836309677706,0.301636903222942
8,91.0,63.56367721997175,27.43632278002825
2,34.0,46.925300272138124,-12.925300272138124
2,54.0,46.925300272138124,7.074699727861876
5,26.0,55.24448874605494,-29.24448874605494
6,34.0,58.017551570693875,-24.017551570693875
2,18.0,46.925300272138124,-28.925300272138124
5,38.0,55.24448874605494,-17.24448874605494
7,57.0,60.79061439533281,-3.7906143953328097
8,34.0,63.56367721997175,-29.56367721997175
7,68.0,60.79061439533281,7.20938560466719
8,92.0,63.56367721997175,28.43632278002825
9,77.0,66.33674004461069,10.663259955389307
5,71.0,55.24448874605494,15.755511253945059
5,67.0,55.24448874605494,11.755511253945059
4,59.0,52.471425921416,6.5285740785840005
9,91.0,66.33674004461069,24.663259955389307
5,29.0,55.24448874605494,-26.24448874605494
2,48.0,46.925300272138124,1.0746997278618764
8,90.0,63.56367721997175,26.43632278002825
7,48.0,60.79061439533281,-12.79061439533281
8,77.0,63.56367721997175,13.436322780028249
3,20.0,49.69836309677706,-29.698363096777058
4,42.0,52.471425921416,-10.471425921416
5,37.0,55.24448874605494,-18.24448874605494
6,52.0,58.017551570693875,-6.017551570693875
1,33.0,44.15223744749919,-11.15223744749919
4,72.0,52.471425921416,19.528574078584
5,34.0,55.24448874605494,-21.24448874605494
7,33.0,60.79061439533281,-27.79061439533281
5,71.0,55.24448874605494,15.755511253945059
1,25.0,44.15223744749919,-19.15223744749919
7,55.0,60.79061439533281,-5.79061439533281
8,76.0,63.56367721997175,12.436322780028249
7,76.0,60.79061439533281,15.20938560466719
4,81.0,52.471425921416,28.528574078584
8,35.0,63.56367721997175,-28.56367721997175
5,35.0,55.24448874605494,-20.24448874605494
9,74.0,66.33674004461069,7.663259955389307
5,66.0,55.24448874605494,10.755511253945059
1,31.0,44.15223744749919,-13.15223744749919
9,54.0,66.33674004461069,-12.336740044610693
5,79.0,55.24448874605494,23.75551125394506
6,58.0,58.017551570693875,-0.017551570693875362
4,66.0,52.471425921416,13.528574078584
6,36.0,58.017551570693875,-22.017551570693875
8,44.0,63.56367721997175,-19.56367721997175
3,26.0,49.69836309677706,-23.698363096777058
5,37.0,55.24448874605494,-18.24448874605494
2,82.0,46.925300272138124,35.074699727861876
2,18.0,46.925300272138124,-28.925300272138124
7,66.0,60.79061439533281,5.20938560466719
6,60.0,58.017551570693875,1.9824484293061246
4,32.0,52.471425921416,-20.471425921416
5,51.0,55.24448874605494,-4.244488746054941
1,18.0,44.15223744749919,-26.15223744749919
7,82.0,60.79061439533281,21.20938560466719
8,66.0,63.56367721997175,2.4363227800282488
9,69.0,66.33674004461069,2.6632599553893073
8,59.0,63.56367721997175,-4.563677219971751
5,26.0,55.24448874605494,-29.24448874605494
3,63.0,49.69836309677706,13.301636903222942
9,52.0,66.33674004461069,-14.336740044610693
6,66.0,58.017551570693875,7.982448429306125
5,51.0,55.24448874605494,-4.244488746054941
3,54.0,49.69836309677706,4.301636903222942
6,77.0,58.017551570693875,18.982448429306125
3,45.0,49.69836309677706,-4.698363096777058
6,77.0,58.017551570693875,18.982448429306125
4,32.0,52.471425921416,-20.471425921416
2,15.0,46.925300272138124,-31.925300272138124
8,62.0,63.56367721997175,-1.5636772199717512
4,55.0,52.471425921416,2.5285740785840005
9,59.0,66.33674004461069,-7.336740044610693
7,32.0,60.79061439533281,-28.79061439533281
2,21.0,46.925300272138124,-25.925300272138124
4,56.0,52.471425921416,3.5285740785840005
5,55.0,55.24448874605494,-0.24448874605494098
3,74.0,49.69836309677706,24.301636903222942
9,74.0,66.33674004461069,7.663259955389307
5,56.0,55.24448874605494,0.755511253945059
2,58.0,46.925300272138124,11.074699727861876
3,64.0,49.69836309677706,14.301636903222942
9,49.0,66.33674004461069,-17.336740044610693
7,31.0,60.79061439533281,-29.79061439533281
2,64.0,46.925300272138124,17.074699727861876
9,63.0,66.33674004461069,-3.3367400446106927
4,66.0,52.471425921416,13.528574078584
9,73.0,66.33674004461069,6.663259955389307
2,38.0,46.925300272138124,-8.925300272138124
4,70.0,52.471425921416,17.528574078584
5,27.0,55.24448874605494,-28.24448874605494
2,72.0,46.925300272138124,25.074699727861876
1,21.0,44.15223744749919,-23.15223744749919
7,85.0,60.79061439533281,24.20938560466719
1,62.0,44.15223744749919,17.84776255250081
8,73.0,63.56367721997175,9.436322780028249
3,32.0,49.69836309677706,-17.698363096777058
6,30.0,58.017551570693875,-28.017551570693875
7,64.0,60.79061439533281,3.2093856046671903
1,25.0,44.15223744749919,-19.15223744749919
6,82.0,58.017551570693875,23.982448429306125
7,41.0,60.79061439533281,-19.79061439533281
6,71.0,58.017551570693875,12.982448429306125
4,79.0,52.471425921416,26.528574078584
1,59.0,44.15223744749919,14.84776255250081
9,45.0,66.33674004461069,-21.336740044610693
4,84.0,52.471425921416,31.528574078584
7,62.0,60.79061439533281,1.2093856046671903
7,65.0,60.79061439533281,4.20938560466719
2,43.0,46.925300272138124,-3.9253002721381236
1,39.0,44.15223744749919,-5.152237447499189
8,70.0,63.56367721997175,6.436322780028249
8,54.0,63.56367721997175,-9.563677219971751
7,55.0,60.79061439533281,-5.79061439533281
8,55.0,63.56367721997175,-8.563677219971751
3,25.0,49.69836309677706,-24.698363096777058
2,52.0,46.925300272138124,5.074699727861876
7,31.0,60.79061439533281,-29.79061439533281
8,68.0,63.56367721997175,4.436322780028249
1,19.0,44.15223744749919,-25.15223744749919
9,87.0,66.33674004461069,20.663259955389307
4,71.0,52.471425921416,18.528574078584
4,74.0,52.471425921416,21.528574078584
3,35.0,49.69836309677706,-14.698363096777058
6,69.0,58.017551570693875,10.982448429306125
1,24.0,44.15223744749919,-20.15223744749919
6,29.0,58.017551570693875,-29.017551570693875
2,34.0,46.925300272138124,-12.925300272138124
9,93.0,66.33674004461069,26.663259955389307
2,52.0,46.925300272138124,5.074699727861876
7,37.0,60.79061439533281,-23.79061439533281
1,49.0,44.15223744749919,4.847762552500811
7,38.0,60.79061439533281,-22.79061439533281
5,44.0,55.24448874605494,-11.244488746054941
8,75.0,63.56367721997175,11.436322780028249
4,44.0,52.471425921416,-8.471425921416
7,84.0,60.79061439533281,23.20938560466719
6,65.0,58.017551570693875,6.982448429306125
5,75.0,55.24448874605494,19.75551125394506
4,29.0,52.471425921416,-23.471425921416
7,67.0,60.79061439533281,6.20938560466719
5,50.0,55.24448874605494,-5.244488746054941
5,38.0,55.24448874605494,-17.24448874605494
1,66.0,44.15223744749919,21.84776255250081
2,42.0,46.925300272138124,-4.925300272138124
5,76.0,55.24448874605494,20.75551125394506
3,64.0,49.69836309677706,14.301636903222942
2,26.0,46.925300272138124,-20.925300272138124
4,31.0,52.471425921416,-21.471425921416
4,63.0,52.471425921416,10.528574078584
4,77.0,52.471425921416,24.528574078584
4,61.0,52.471425921416,8.528574078584
3,33.0,49.69836309677706,-16.698363096777058
7,39.0,60.79061439533281,-21.79061439533281
9,52.0,66.33674004461069,-14.336740044610693
5,82.0,55.24448874605494,26.75551125394506
4,73.0,52.471425921416,20.528574078584
2,37.0,46.925300272138124,-9.925300272138124
2,16.0,46.925300272138124,-30.925300272138124
5,59.0,55.24448874605494,3.755511253945059
7,59.0,60.79061439533281,-1.7906143953328097
9,56.0,66.33674004461069,-10.336740044610693
7,59.0,60.79061439533281,-1.7906143953328097
5,46.0,55.24448874605494,-9.244488746054941
6,80.0,58.017551570693875,21.982448429306125
3,30.0,49.69836309677706,-19.698363096777058
5,78.0,55.24448874605494,22.75551125394506
8,81.0,63.56367721997175,17.43632278002825
1,57.0,44.15223744749919,12.84776255250081
1,24.0,44.15223744749919,-20.15223744749919
7,66.0,60.79061439533281,5.20938560466719
5,31.0,55.24448874605494,-24.24448874605494
5,73.0,55.24448874605494,17.75551125394506
1,66.0,44.15223744749919,21.84776255250081
9,78.0,66.33674004461069,11.663259955389307
1,66.0,44.15223744749919,21.84776255250081
5,57.0,55.24448874605494,1.755511253945059
9,50.0,66.33674004461069,-16.336740044610693
4,77.0,52.471425921416,24.528574078584
8,54.0,63.56367721997175,-9.563677219971751
6,30.0,58.017551570693875,-28.017551570693875
3,43.0,49.69836309677706,-6.698363096777058
4,34.0,52.471425921416,-18.471425921416
2,26.0,46.925300272138124,-20.925300272138124
1,36.0,44.15223744749919,-8.15223744749919
8,69.0,63.56367721997175,5.436322780028249
1,39.0,44.15223744749919,-5.152237447499189
1,44.0,44.15223744749919,-0.15223744749918922
4,56.0,52.471425921416,3.5285740785840005
6,47.0,58.017551570693875,-11.017551570693875
9,56.0,66.33674004461069,-10.336740044610693
1,73.0,44.15223744749919,28.84776255250081
7,48.0,60.79061439533281,-12.79061439533281
5,24.0,55.24448874605494,-31.24448874605494
8,49.0,63.56367721997175,-14.563677219971751
7,41.0,60.79061439533281,-19.79061439533281
4,24.0,52.471425921416,-28.471425921416
4,72.0,52.471425921416,19.528574078584
6,45.0,58.017551570693875,-13.017551570693875
6,92.0,58.017551570693875,33.982448429306125
9,68.0,66.33674004461069,1.6632599553893073
5,62.0,55.24448874605494,6.755511253945059
8,36.0,63.56367721997175,-27.56367721997175
5,77.0,55.24448874605494,21.75551125394506
2,40.0,46.925300272138124,-6.925300272138124
6,69.0,58.017551570693875,10.982448429306125
9,38.0,66.33674004461069,-28.336740044610693
3,50.0,49.69836309677706,0.301636903222942
1,33.0,44.15223744749919,-11.15223744749919
1,69.0,44.15223744749919,24.84776255250081
3,63.0,49.69836309677706,13.301636903222942
5,59.0,55.24448874605494,3.755511253945059
3,54.0,49.69836309677706,4.301636903222942
9,65.0,66.33674004461069,-1.3367400446106927
8,41.0,63.56367721997175,-22.56367721997175
3,41.0,49.69836309677706,-8.698363096777058
9,94.0,66.33674004461069,27.663259955389307
6,80.0,58.017551570693875,21.982448429306125
7,74.0,60.79061439533281,13.20938560466719
4,33.0,52.471425921416,-19.471425921416
4,78.0,52.471425921416,25.528574078584
2,21.0,46.925300272138124,-25.925300272138124
5,49.0,55.24448874605494,-6.244488746054941
8,43.0,63.56367721997175,-20.56367721997175
7,40.0,60.79061439533281,-20.79061439533281
7,77.0,60.79061439533281,16.20938560466719
6,84.0,58.017551570693875,25.982448429306125
3,74.0,49.69836309677706,24.301636903222942
5,78.0,55.24448874605494,22.75551125394506
1,21.0,44.15223744749919,-23.15223744749919
7,34.0,60.79061439533281,-26.79061439533281
9,54.0,66.33674004461069,-12.336740044610693
1,47.0,44.15223744749919,2.847762552500811
2,36.0,46.925300272138124,-10.925300272138124
3,53.0,49.69836309677706,3.301636903222942
3,45.0,49.69836309677706,-4.698363096777058
8,52.0,63.56367721997175,-11.563677219971751
7,66.0,60.79061439533281,5.20938560466719
6,79.0,58.017551570693875,20.982448429306125
4,63.0,52.471425921416,10.528574078584
9,72.0,66.33674004461069,5.663259955389307
1,33.0,44.15223744749919,-11.15223744749919
2,70.0,46.925300272138124,23.074699727861876
4,47.0,52.471425921416,-5.4714259214159995
3,73.0,49.69836309677706,23.301636903222942
1,50.0,44.15223744749919,5.847762552500811
5,48.0,55.24448874605494,-7.244488746054941
7,33.0,60.79061439533281,-27.79061439533281
2,72.0,46.925300272138124,25.074699727861876
5,31.0,55.24448874605494,-24.24448874605494
6,32.0,58.017551570693875,-26.017551570693875
7,34.0,60.79061439533281,-26.79061439533281
1,41.0,44.15223744749919,-3.152237447499189
7,91.0,60.79061439533281,30.20938560466719
4,61.0,52.471425921416,8.528574078584
8,75.0,63.56367721997175,11.436322780028249
4,80.0,52.471425921416,27.528574078584
6,57.0,58.017551570693875,-1.0175515706938754
9,46.0,66.33674004461069,-20.336740044610693
5,71.0,55.24448874605494,15.755511253945059
4,21.0,52.471425921416,-31.471425921416
8,69.0,63.56367721997175,5.436322780028249
9,37.0,66.33674004461069,-29.336740044610693
4,32.0,52.471425921416,-20.471425921416
3,26.0,49.69836309677706,-23.698363096777058
8,74.0,63.56367721997175,10.436322780028249
5,34.0,55.24448874605494,-21.24448874605494
2,24.0,46.925300272138124,-22.925300272138124
9,53.0,66.33674004461069,-13.336740044610693
3,74.0,49.69836309677706,24.301636903222942
2,37.0,46.925300272138124,-9.925300272138124
1,31.0,44.15223744749919,-13.15223744749919
8,29.0,63.56367721997175,-34.56367721997175
3,21.0,49.69836309677706,-28.698363096777058
7,37.0,60.79061439533281,-23.79061439533281
1,37.0,44.15223744749919,-7.152237447499189
1,73.0,44.15223744749919,28.84776255250081
9,87.0,66.33674004461069,20.663259955389307
8,45.0,63.56367721997175,-18.56367721997175
3,32.0,49.69836309677706,-17.698363096777058
6,35.0,58.017551570693875,-23.017551570693875
3,52.0,49.69836309677706,2.301636903222942
4,27.0,52.471425921416,-25.471425921416
1,65.0,44.15223744749919,20.84776255250081
5,64.0,55.24448874605494,8.755511253945059
1,30.0,44.15223744749919,-14.15223744749919
1,22.0,44.15223744749919,-22.15223744749919
7,35.0,60.79061439533281,-25.79061439533281
6,72.0,58.017551570693875,13.982448429306125
2,55.0,46.925300272138124,8.074699727861876
2,71.0,46.925300272138124,24.074699727861876
7,60.0,60.79061439533281,-0.7906143953328097
1,19.0,44.15223744749919,-25.15223744749919
2,25.0,46.925300272138124,-21.925300272138124
8,55.0,63.56367721997175,-8.563677219971751
6,41.0,58.017551570693875,-17.017551570693875
2,17.0,46.925300272138124,-29.925300272138124
7,36.0,60.79061439533281,-24.79061439533281
4,71.0,52.471425921416,18.528574078584
2,35.0,46.925300272138124,-11.925300272138124
6,48.0,58.017551570693875,-10.017551570693875
9,82.0,66.33674004461069,15.663259955389307
9,48.0,66.33674004461069,-18.336740044610693
8,86.0,63.56367721997175,22.43632278002825
3,69.0,49.69836309677706,19.301636903222942
3,50.0,49.69836309677706,0.301636903222942
2,22.0,46.925300272138124,-24.925300272138124
5,25.0,55.24448874605494,-30.24448874605494
4,33.0,52.471425921416,-19.471425921416
7,71.0,60.79061439533281,10.20938560466719
4,70.0,52.471425921416,17.528574078584
9,71.0,66.33674004461069,4.663259955389307
2,28.0,46.925300272138124,-18.925300272138124
6,44.0,58.017551570693875,-14.017551570693875
7,46.0,60.79061439533281,-14.79061439533281
4,76.0,52.471425921416,23.528574078584
6,29.0,58.017551570693875,-29.017551570693875
7,84.0,60.79061439533281,23.20938560466719
4,47.0,52.471425921416,-5.4714259214159995
8,70.0,63.56367721997175,6.436322780028249
9,73.0,66.33674004461069,6.663259955389307
1,63.0,44.15223744749919,18.84776255250081
7,68.0,60.79061439533281,7.20938560466719
9,74.0,66.33674004461069,7.663259955389307
5,82.0,55.24448874605494,26.75551125394506
2,77.0,46.925300272138124,30.074699727861876
6,77.0,58.017551570693875,18.982448429306125
7,71.0,60.79061439533281,10.20938560466719
2,39.0,46.925300272138124,-7.925300272138124
2,77.0,46.925300272138124,30.074699727861876
1,25.0,44.15223744749919,-19.15223744749919
4,63.0,52.471425921416,10.528574078584
7,80.0,60.79061439533281,19.20938560466719
9,62.0,66.33674004461069,-4.336740044610693
3,75.0,49.69836309677706,25.301636903222942
7,88.0,60.79061439533281,27.20938560466719
7,31.0,60.79061439533281,-29.79061439533281
7,36.0,60.79061439533281,-24.79061439533281
2,21.0,46.925300272138124,-25.925300272138124
6,50.0,58.017551570693875,-8.017551570693875
2,40.0,46.925300272138124,-6.925300272138124
6,81.0,58.017551570693875,22.982448429306125
3,75.0,49.69836309677706,25.301636903222942
2,76.0,46.925300272138124,29.074699727861876
6,66.0,58.017551570693875,7.982448429306125
2,59.0,46.925300272138124,12.074699727861876
5,26.0,55.24448874605494,-29.24448874605494
2,33.0,46.925300272138124,-13.925300272138124
3,19.0,49.69836309677706,-30.698363096777058
3,49.0,49.69836309677706,-0.698363096777058
6,50.0,58.017551570693875,-8.017551570693875
6,56.0,58.017551570693875,-2.0175515706938754
3,74.0,49.69836309677706,24.301636903222942
3,72.0,49.69836309677706,22.301636903222942
1,53.0,44.15223744749919,8.84776255250081
7,60.0,60.79061439533281,-0.7906143953328097
8,35.0,63.56367721997175,-28.56367721997175
2,22.0,46.925300272138124,-24.925300272138124
4,80.0,52.471425921416,27.528574078584
7,88.0,60.79061439533281,27.20938560466719
8,39.0,63.56367721997175,-24.56367721997175
1,63.0,44.15223744749919,18.84776255250081
4,44.0,52.471425921416,-8.471425921416
6,72.0,58.017551570693875,13.982448429306125
3,33.0,49.69836309677706,-16.698363096777058
5,39.0,55.24448874605494,-16.24448874605494
9,45.0,66.33674004461069,-21.336740044610693
3,23.0,49.69836309677706,-26.698363096777058
5,63.0,55.24448874605494,7.755511253945059
8,63.0,63.56367721997175,-0.5636772199717512
6,63.0,58.017551570693875,4.982448429306125
4,64.0,52.471425921416,11.528574078584
8,62.0,63.56367721997175,-1.5636772199717512
3,64.0,49.69836309677706,14.301636903222942
3,28.0,49.69836309677706,-21.698363096777058
4,60.0,52.471425921416,7.5285740785840005
9,70.0,66.33674004461069,3.6632599553893073
5,70.0,55.24448874605494,14.755511253945059
8,60.0,63.56367721997175,-3.5636772199717512
6,33.0,58.017551570693875,-25.017551570693875
3,46.0,49.69836309677706,-3.698363096777058
8,88.0,63.56367721997175,24.43632278002825
9,78.0,66.33674004461069,11.663259955389307
8,47.0,63.56367721997175,-16.56367721997175
4,75.0,52.471425921416,22.528574078584
6,51.0,58.017551570693875,-7.017551570693875
1,61.0,44.15223744749919,16.84776255250081
4,29.0,52.471425921416,-23.471425921416
8,36.0,63.56367721997175,-27.56367721997175
1,44.0,44.15223744749919,-0.15223744749918922
3,75.0,49.69836309677706,25.301636903222942
1,63.0,44.15223744749919,18.84776255250081
9,85.0,66.33674004461069,18.663259955389307
2,46.0,46.925300272138124,-0.9253002721381236
9,44.0,66.33674004461069,-22.336740044610693
4,55.0,52.471425921416,2.5285740785840005
2,76.0,46.925300272138124,29.074699727861876
4,25.0,52.471425921416,-27.471425921416
6,74.0,58.017551570693875,15.982448429306125
7,79.0,60.79061439533281,18.20938560466719
3,75.0,49.69836309677706,25.301636903222942
3,28.0,49.69836309677706,-21.698363096777058
8,44.0,63.56367721997175,-19.56367721997175
5,72.0,55.24448874605494,16.75551125394506
4,72.0,52.471425921416,19.528574078584
7,94.0,60.79061439533281,33.20938560466719
7,79.0,60.79061439533281,18.20938560466719
9,64.0,66.33674004461069,-2.3367400446106927
9,35.0,66.33674004461069,-31.336740044610693
5,54.0,55.24448874605494,-1.244488746054941
8,90.0,63.56367721997175,26.43632278002825
1,52.0,44.15223744749919,7.847762552500811
9,50.0,66.33674004461069,-16.336740044610693
8,58.0,63.56367721997175,-5.563677219971751
6,33.0,58.017551570693875,-25.017551570693875
3,38.0,49.69836309677706,-11.698363096777058
3,17.0,49.69836309677706,-32.69836309677706
8,90.0,63.56367721997175,26.43632278002825
5,32.0,55.24448874605494,-23.24448874605494
7,46.0,60.79061439533281,-14.79061439533281
5,76.0,55.24448874605494,20.75551125394506
8,45.0,63.56367721997175,-18.56367721997175
4,81.0,52.471425921416,28.528574078584
2,66.0,46.925300272138124,19.074699727861876
3,59.0,49.69836309677706,9.301636903222942
8,54.0,63.56367721997175,-9.563677219971751
7,59.0,60.79061439533281,-1.7906143953328097
2,55.0,46.925300272138124,8.074699727861876
6,36.0,58.017551570693875,-22.017551570693875
9,66.0,66.33674004461069,-0.33674004461069273
4,47.0,52.471425921416,-5.4714259214159995
9,89.0,66.33674004461069,22.663259955389307
2,50.0,46.925300272138124,3.0746997278618764
2,69.0,46.925300272138124,22.074699727861876
9,94.0,66.33674004461069,27.663259955389307
7,54.0,60.79061439533281,-6.79061439533281
7,60.0,60.79061439533281,-0.7906143953328097
1,22.0,44.15223744749919,-22.15223744749919
6,84.0,58.017551570693875,25.982448429306125
7,34.0,60.79061439533281,-26.79061439533281
6,40.0,58.017551570693875,-18.017551570693875
6,78.0,58.017551570693875,19.982448429306125
2,56.0,46.925300272138124,9.074699727861876
6,45.0,58.017551570693875,-13.017551570693875
4,23.0,52.471425921416,-29.471425921416
9,45.0,66.33674004461069,-21.336740044610693
1,50.0,44.15223744749919,5.847762552500811
8,37.0,63.56367721997175,-26.56367721997175
5,29.0,55.24448874605494,-26.24448874605494
1,44.0,44.15223744749919,-0.15223744749918922
4,38.0,52.471425921416,-14.471425921416
1,24.0,44.15223744749919,-20.15223744749919
6,43.0,58.017551570693875,-15.017551570693875
2,39.0,46.925300272138124,-7.925300272138124
5,70.0,55.24448874605494,14.755511253945059
7,37.0,60.79061439533281,-23.79061439533281
2,47.0,46.925300272138124,0.0746997278618764
6,85.0,58.017551570693875,26.982448429306125
6,32.0,58.017551570693875,-26.017551570693875
5,24.0,55.24448874605494,-31.24448874605494
5,60.0,55.24448874605494,4.755511253945059
3,20.0,49.69836309677706,-29.698363096777058
2,66.0,46.925300272138124,19.074699727861876
7,74.0,60.79061439533281,13.20938560466719
1,70.0,44.15223744749919,25.84776255250081
6,25.0,58.017551570693875,-33.017551570693875
6,25.0,58.017551570693875,-33.017551570693875
3,20.0,49.69836309677706,-29.698363096777058
2,59.0,46.925300272138124,12.074699727861876
2,33.0,46.925300272138124,-13.925300272138124
9,81.0,66.33674004461069,14.663259955389307
5,51.0,55.24448874605494,-4.244488746054941
7,64.0,60.79061439533281,3.2093856046671903
5,58.0,55.24448874605494,2.755511253945059
7,78.0,60.79061439533281,17.20938560466719
4,43.0,52.471425921416,-9.471425921416
8,64.0,63.56367721997175,0.43632278002824876
7,85.0,60.79061439533281,24.20938560466719
5,73.0,55.24448874605494,17.75551125394506
6,32.0,58.017551570693875,-26.017551570693875
5,46.0,55.24448874605494,-9.244488746054941
7,85.0,60.79061439533281,24.20938560466719
2,64.0,46.925300272138124,17.074699727861876
5,50.0,55.24448874605494,-5.244488746054941
3,29.0,49.69836309677706,-20.698363096777058
9,53.0,66.33674004461069,-13.336740044610693
6,83.0,58.017551570693875,24.982448429306125
3,36.0,49.69836309677706,-13.698363096777058
7,37.0,60.79061439533281,-23.79061439533281
4,57.0,52.471425921416,4.5285740785840005
3,75.0,49.69836309677706,25.301636903222942
8,84.0,63.56367721997175,20.43632278002825
4,74.0,52.471425921416,21.528574078584
1,40.0,44.15223744749919,-4.152237447499189
6,37.0,58.017551570693875,-21.017551570693875
1,11.0,44.15223744749919,-33.15223744749919
5,28.0,55.24448874605494,-27.24448874605494
7,40.0,60.79061439533281,-20.79061439533281
6,47.0,58.017551570693875,-11.017551570693875
2,65.0,46.925300272138124,18.074699727861876
4,22.0,52.471425921416,-30.471425921416
2,66.0,46.925300272138124,19.074699727861876
1,19.0,44.15223744749919,-25.15223744749919
3,43.0,49.69836309677706,-6.698363096777058
3,41.0,49.69836309677706,-8.698363096777058
7,56.0,60.79061439533281,-4.79061439533281
1,42.0,44.15223744749919,-2.152237447499189
9,45.0,66.33674004461069,-21.336740044610693
6,46.0,58.017551570693875,-12.017551570693875
4,51.0,52.471425921416,-1.4714259214159995
3,74.0,49.69836309677706,24.301636903222942
3,67.0,49.69836309677706,17.301636903222942
2,21.0,46.925300272138124,-25.925300272138124
2,73.0,46.925300272138124,26.074699727861876
5,39.0,55.24448874605494,-16.24448874605494
9,69.0,66.33674004461069,2.6632599553893073
2,24.0,46.925300272138124,-22.925300272138124
2,36.0,46.925300272138124,-10.925300272138124
6,38.0,58.017551570693875,-20.017551570693875
2,29.0,46.925300272138124,-17.925300272138124
4,72.0,52.471425921416,19.528574078584
6,48.0,58.017551570693875,-10.017551570693875
5,71.0,55.24448874605494,15.755511253945059
1,61.0,44.15223744749919,16.84776255250081
6,29.0,58.017551570693875,-29.017551570693875
1,31.0,44.15223744749919,-13.15223744749919
3,56.0,49.69836309677706,6.301636903222942
5,62.0,55.24448874605494,6.755511253945059
5,78.0,55.24448874605494,22.75551125394506
6,83.0,58.017551570693875,24.982448429306125
8,65.0,63.56367721997175,1.4363227800282488
5,65.0,55.24448874605494,9.755511253945059
1,59.0,44.15223744749919,14.84776255250081
5,26.0,55.24448874605494,-29.24448874605494
3,32.0,49.69836309677706,-17.698363096777058
4,27.0,52.471425921416,-25.471425921416
8,89.0,63.56367721997175,25.43632278002825
7,57.0,60.79061439533281,-3.7906143953328097
5,77.0,55.24448874605494,21.75551125394506
2,65.0,46.925300272138124,18.074699727861876
6,63.0,58.017551570693875,4.982448429306125
6,78.0,58.017551570693875,19.982448429306125
6,74.0,58.017551570693875,15.982448429306125
9,41.0,66.33674004461069,-25.336740044610693
8,90.0,63.56367721997175,26.43632278002825
8,88.0,63.56367721997175,24.43632278002825
1,47.0,44.15223744749919,2.847762552500811
5,66.0,55.24448874605494,10.755511253945059
7,75.0,60.79061439533281,14.20938560466719
6,29.0,58.017551570693875,-29.017551570693875
5,80.0,55.24448874605494,24.75551125394506
8,59.0,63.56367721997175,-4.563677219971751
3,34.0,49.69836309677706,-15.698363096777058
6,47.0,58.017551570693875,-11.017551570693875
5,53.0,55.24448874605494,-2.244488746054941
8,50.0,63.56367721997175,-13.563677219971751
4,72.0,52.471425921416,19.528574078584
8,54.0,63.56367721997175,-9.563677219971751
2,28.0,46.925300272138124,-18.925300272138124
9,59.0,66.33674004461069,-7.336740044610693
9,40.0,66.33674004461069,-26.336740044610693
6,55.0,58.017551570693875,-3.0175515706938754
4,49.0,52.471425921416,-3.4714259214159995
4,70.0,52.471425921416,17.528574078584
6,57.0,58.017551570693875,-1.0175515706938754
5,39.0,55.24448874605494,-16.24448874605494
6,75.0,58.017551570693875,16.982448429306125
7,87.0,60.79061439533281,26.20938560466719
7,70.0,60.79061439533281,9.20938560466719
9,76.0,66.33674004461069,9.663259955389307
8,68.0,63.56367721997175,4.436322780028249
6,53.0,58.017551570693875,-5.017551570693875
6,48.0,58.017551570693875,-10.017551570693875
5,63.0,55.24448874605494,7.755511253945059
1,47.0,44.15223744749919,2.847762552500811
9,38.0,66.33674004461069,-28.336740044610693
9,43.0,66.33674004461069,-23.336740044610693
9,90.0,66.33674004461069,23.663259955389307
8,95.0,63.56367721997175,31.43632278002825
3,24.0,49.69836309677706,-25.698363096777058
1,35.0,44.15223744749919,-9.15223744749919
8,75.0,63.56367721997175,11.436322780028249
7,37.0,60.79061439533281,-23.79061439533281
5,46.0,55.24448874605494,-9.244488746054941
7,80.0,60.79061439533281,19.20938560466719
4,55.0,52.471425921416,2.5285740785840005
9,71.0,66.33674004461069,4.663259955389307
2,32.0,46.925300272138124,-14.925300272138124
9,51.0,66.33674004461069,-15.336740044610693
9,43.0,66.33674004461069,-23.336740044610693
5,23.0,55.24448874605494,-32.24448874605494
1,37.0,44.15223744749919,-7.152237447499189
7,40.0,60.79061439533281,-20.79061439533281
4,24.0,52.471425921416,-28.471425921416
9,60.0,66.33674004461069,-6.336740044610693
6,44.0,58.017551570693875,-14.017551570693875
3,34.0,49.69836309677706,-15.698363096777058
6,51.0,58.017551570693875,-7.017551570693875
6,39.0,58.017551570693875,-19.017551570693875
5,57.0,55.24448874605494,1.755511253945059
2,36.0,46.925300272138124,-10.925300272138124
2,16.0,46.925300272138124,-30.925300272138124
7,52.0,60.79061439533281,-8.79061439533281
2,25.0,46.925300272138124,-21.925300272138124
6,51.0,58.017551570693875,-7.017551570693875
5,56.0,55.24448874605494,0.755511253945059
4,27.0,52.471425921416,-25.471425921416
7,33.0,60.79061439533281,-27.79061439533281
8,60.0,63.56367721997175,-3.5636772199717512
4,39.0,52.471425921416,-13.471425921416
1,41.0,44.15223744749919,-3.152237447499189
1,35.0,44.15223744749919,-9.15223744749919
1,67.0,44.15223744749919,22.84776255250081
1,39.0,44.15223744749919,-5.152237447499189
5,51.0,55.24448874605494,-4.244488746054941
4,56.0,52.471425921416,3.5285740785840005
9,93.0,66.33674004461069,26.663259955389307
3,68.0,49.69836309677706,18.301636903222942
7,49.0,60.79061439533281,-11.79061439533281
8,88.0,63.56367721997175,24.43632278002825
6,72.0,58.017551570693875,13.982448429306125
1,44.0,44.15223744749919,-0.15223744749918922
8,41.0,63.56367721997175,-22.56367721997175
3,69.0,49.69836309677706,19.301636903222942
8,66.0,63.56367721997175,2.4363227800282488
4,20.0,52.471425921416,-32.471425921416
8,92.0,63.56367721997175,28.43632278002825
1,53.0,44.15223744749919,8.84776255250081
3,50.0,49.69836309677706,0.301636903222942
6,70.0,58.017551570693875,11.982448429306125
9,51.0,66.33674004461069,-15.336740044610693
2,45.0,46.925300272138124,-1.9253002721381236
1,25.0,44.15223744749919,-19.15223744749919
3,75.0,49.69836309677706,25.301636903222942
4,45.0,52.471425921416,-7.4714259214159995
5,29.0,55.24448874605494,-26.24448874605494
3,43.0,49.69836309677706,-6.698363096777058
2,38.0,46.925300272138124,-8.925300272138124
2,16.0,46.925300272138124,-30.925300272138124
7,61.0,60.79061439533281,0.20938560466719025
9,95.0,66.33674004461069,28.663259955389307
2,65.0,46.925300272138124,18.074699727861876
7,85.0,60.79061439533281,24.20938560466719
7,66.0,60.79061439533281,5.20938560466719
7,61.0,60.79061439533281,0.20938560466719025
3,79.0,49.69836309677706,29.301636903222942
7,59.0,60.79061439533281,-1.7906143953328097
1,52.0,44.15223744749919,7.847762552500811
1,56.0,44.15223744749919,11.84776255250081
5,37.0,55.24448874605494,-18.24448874605494
2,29.0,46.925300272138124,-17.925300272138124
9,84.0,66.33674004461069,17.663259955389307
7,87.0,60.79061439533281,26.20938560466719
4,36.0,52.471425921416,-16.471425921416
4,56.0,52.471425921416,3.5285740785840005
2,34.0,46.925300272138124,-12.925300272138124
5,77.0,55.24448874605494,21.75551125394506
4,80.0,52.471425921416,27.528574078584
1,59.0,44.15223744749919,14.84776255250081
8,68.0,63.56367721997175,4.436322780028249
3,26.0,49.69836309677706,-23.698363096777058
6,57.0,58.017551570693875,-1.0175515706938754
4,72.0,52.471425921416,19.528574078584
9,36.0,66.33674004461069,-30.336740044610693
7,51.0,60.79061439533281,-9.79061439533281
9,76.0,66.33674004461069,9.663259955389307
3,51.0,49.69836309677706,1.301636903222942
1,28.0,44.15223744749919,-16.15223744749919
5,69.0,55.24448874605494,13.755511253945059
3,30.0,49.69836309677706,-19.698363096777058
6,56.0,58.017551570693875,-2.0175515706938754
8,64.0,63.56367721997175,0.43632278002824876
4,33.0,52.471425921416,-19.471425921416
5,67.0,55.24448874605494,11.755511253945059
5,45.0,55.24448874605494,-10.244488746054941
4,84.0,52.471425921416,31.528574078584
4,40.0,52.471425921416,-12.471425921416
4,33.0,52.471425921416,-19.471425921416
4,31.0,52.471425921416,-21.471425921416
4,81.0,52.471425921416,28.528574078584
5,38.0,55.24448874605494,-17.24448874605494
2,48.0,46.925300272138124,1.0746997278618764
2,39.0,46.925300272138124,-7.925300272138124
9,71.0,66.33674004461069,4.663259955389307
2,55.0,46.925300272138124,8.074699727861876
6,70.0,58.017551570693875,11.982448429306125
2,65.0,46.925300272138124,18.074699727861876
5,65.0,55.24448874605494,9.755511253945059
4,49.0,52.471425921416,-3.4714259214159995
7,49.0,60.79061439533281,-11.79061439533281
7,35.0,60.79061439533281,-25.79061439533281
6,62.0,58.017551570693875,3.9824484293061246
5,48.0,55.24448874605494,-7.244488746054941
1,18.0,44.15223744749919,-26.15223744749919
3,70.0,49.69836309677706,20.301636903222942
9,83.0,66.33674004461069,16.663259955389307
1,29.0,44.15223744749919,-15.15223744749919
5,79.0,55.24448874605494,23.75551125394506
2,49.0,46.925300272138124,2.0746997278618764
4,49.0,52.471425921416,-3.4714259214159995
1,63.0,44.15223744749919,18.84776255250081
3,50.0,49.69836309677706,0.301636903222942
7,36.0,60.79061439533281,-24.79061439533281
3,53.0,49.69836309677706,3.301636903222942
4,39.0,52.471425921416,-13.471425921416
2,32.0,46.925300272138124,-14.925300272138124
3,69.0,49.69836309677706,19.301636903222942
9,74.0,66.33674004461069,7.663259955389307
3,55.0,49.69836309677706,5.301636903222942
5,72.0,55.24448874605494,16.75551125394506
2,72.0,46.925300272138124,25.074699727861876
4,86.0,52.471425921416,33.528574078584
7,47.0,60.79061439533281,-13.79061439533281
7,34.0,60.79061439533281,-26.79061439533281
3,24.0,49.69836309677706,-25.698363096777058
5,51.0,55.24448874605494,-4.244488746054941
1,73.0,44.15223744749919,28.84776255250081
1,68.0,44.15223744749919,23.84776255250081
5,52.0,55.24448874605494,-3.244488746054941
9,38.0,66.33674004461069,-28.336740044610693
1,11.0,44.15223744749919,-33.15223744749919
1,41.0,44.15223744749919,-3.152237447499189
4,57.0,52.471425921416,4.5285740785840005
4,41.0,52.471425921416,-11.471425921416
2,62.0,46.925300272138124,15.074699727861876
9,48.0,66.33674004461069,-18.336740044610693
9,37.0,66.33674004461069,-29.336740044610693
2,41.0,46.925300272138124,-5.925300272138124
9,91.0,66.33674004461069,24.663259955389307
6,73.0,58.017551570693875,14.982448429306125
8,82.0,63.56367721997175,18.43632278002825
4,44.0,52.471425921416,-8.471425921416
2,29.0,46.925300272138124,-17.925300272138124
2,32.0,46.925300272138124,-14.925300272138124
9,78.0,66.33674004461069,11.663259955389307
1,21.0,44.15223744749919,-23.15223744749919
7,43.0,60.79061439533281,-17.79061439533281
3,69.0,49.69836309677706,19.301636903222942
3,56.0,49.69836309677706,6.301636903222942
2,31.0,46.925300272138124,-15.925300272138124
6,36.0,58.017551570693875,-22.017551570693875
2,30.0,46.925300272138124,-16.925300272138124
4,56.0,52.471425921416,3.5285740785840005
9,87.0,66.33674004461069,20.663259955389307
9,54.0,66.33674004461069,-12.336740044610693
6,61.0,58.017551570693875,2.9824484293061246
4,77.0,52.471425921416,24.528574078584
7,30.0,60.79061439533281,-30.79061439533281
1,69.0,44.15223744749919,24.84776255250081
4,74.0,52.471425921416,21.528574078584
5,72.0,55.24448874605494,16.75551125394506
8,71.0,63.56367721997175,7.436322780028249
2,30.0,46.925300272138124,-16.925300272138124
5,82.0,55.24448874605494,26.75551125394506
6,51.0,58.017551570693875,-7.017551570693875
5,76.0,55.24448874605494,20.75551125394506
9,76.0,66.33674004461069,9.663259955389307
1,17.0,44.15223744749919,-27.15223744749919
3,40.0,49.69836309677706,-9.698363096777058
2,63.0,46.925300272138124,16.074699727861876
3,60.0,49.69836309677706,10.301636903222942
9,44.0,66.33674004461069,-22.336740044610693
9,87.0,66.33674004461069,20.663259955389307
2,27.0,46.925300272138124,-19.925300272138124
3,30.0,49.69836309677706,-19.698363096777058
4,68.0,52.471425921416,15.528574078584
9,44.0,66.33674004461069,-22.336740044610693
3,53.0,49.69836309677706,3.301636903222942
7,40.0,60.79061439533281,-20.79061439533281
3,36.0,49.69836309677706,-13.698363096777058
7,79.0,60.79061439533281,18.20938560466719
7,86.0,60.79061439533281,25.20938560466719
9,85.0,66.33674004461069,18.663259955389307
2,61.0,46.925300272138124,14.074699727861876
6,63.0,58.017551570693875,4.982448429306125
9,82.0,66.33674004461069,15.663259955389307
2,47.0,46.925300272138124,0.0746997278618764
2,66.0,46.925300272138124,19.074699727861876
5,48.0,55.24448874605494,-7.244488746054941
8,90.0,63.56367721997175,26.43632278002825
9,70.0,66.33674004461069,3.6632599553893073
2,64.0,46.925300272138124,17.074699727861876
5,27.0,55.24448874605494,-28.24448874605494
7,58.0,60.79061439533281,-2.7906143953328097
6,48.0,58.017551570693875,-10.017551570693875
6,57.0,58.017551570693875,-1.0175515706938754
7,90.0,60.79061439533281,29.20938560466719
3,56.0,49.69836309677706,6.301636903222942
3,50.0,49.69836309677706,0.301636903222942
9,48.0,66.33674004461069,-18.336740044610693
8,74.0,63.56367721997175,10.436322780028249
5,86.0,55.24448874605494,30.75551125394506
6,59.0,58.017551570693875,0.9824484293061246
1,43.0,44.15223744749919,-1.1522374474991892
1,75.0,44.15223744749919,30.84776255250081
4,32.0,52.471425921416,-20.471425921416
2,44.0,46.925300272138124,-2.9253002721381236
7,54.0,60.79061439533281,-6.79061439533281
2,24.0,46.925300272138124,-22.925300272138124
2,61.0,46.925300272138124,14.074699727861876
5,45.0,55.24448874605494,-10.244488746054941
4,44.0,52.471425921416,-8.471425921416
8,84.0,63.56367721997175,20.43632278002825
4,32.0,52.471425921416,-20.471425921416
6,50.0,58.017551570693875,-8.017551570693875
5,73.0,55.24448874605494,17.75551125394506
2,52.0,46.925300272138124,5.074699727861876
8,85.0,63.56367721997175,21.43632278002825
2,61.0,46.925300272138124,14.074699727861876
9,52.0,66.33674004461069,-14.336740044610693
9,82.0,66.33674004461069,15.663259955389307
3,57.0,49.69836309677706,7.301636903222942
4,58.0,52.471425921416,5.5285740785840005
8,83.0,63.56367721997175,19.43632278002825
9,41.0,66.33674004461069,-25.336740044610693
3,58.0,49.69836309677706,8.301636903222942
5,25.0,55.24448874605494,-30.24448874605494
8,43.0,63.56367721997175,-20.56367721997175
3,74.0,49.69836309677706,24.301636903222942
7,34.0,60.79061439533281,-26.79061439533281
8,58.0,63.56367721997175,-5.563677219971751
3,34.0,49.69836309677706,-15.698363096777058
2,30.0,46.925300272138124,-16.925300272138124
7,62.0,60.79061439533281,1.2093856046671903
9,52.0,66.33674004461069,-14.336740044610693
1,56.0,44.15223744749919,11.84776255250081
3,45.0,49.69836309677706,-4.698363096777058
5,51.0,55.24448874605494,-4.244488746054941
3,18.0,49.69836309677706,-31.698363096777058
1,64.0,44.15223744749919,19.84776255250081
7,38.0,60.79061439533281,-22.79061439533281
7,69.0,60.79061439533281,8.20938560466719
8,89.0,63.56367721997175,25.43632278002825
5,81.0,55.24448874605494,25.75551125394506
5,76.0,55.24448874605494,20.75551125394506
5,38.0,55.24448874605494,-17.24448874605494
1,14.0,44.15223744749919,-30.15223744749919
5,62.0,55.24448874605494,6.755511253945059
6,39.0,58.017551570693875,-19.017551570693875
1,51.0,44.15223744749919,6.847762552500811
7,53.0,60.79061439533281,-7.79061439533281
1,54.0,44.15223744749919,9.84776255250081
2,68.0,46.925300272138124,21.074699727861876
2,53.0,46.925300272138124,6.074699727861876
5,86.0,55.24448874605494,30.75551125394506
7,51.0,60.79061439533281,-9.79061439533281
1,48.0,44.15223744749919,3.847762552500811
1,50.0,44.15223744749919,5.847762552500811
1,24.0,44.15223744749919,-20.15223744749919
6,79.0,58.017551570693875,20.982448429306125
2,63.0,46.925300272138124,16.074699727861876
1,13.0,44.15223744749919,-31.15223744749919
6,54.0,58.017551570693875,-4.017551570693875
2,61.0,46.925300272138124,14.074699727861876
6,58.0,58.017551570693875,-0.017551570693875362
8,35.0,63.56367721997175,-28.56367721997175
2,78.0,46.925300272138124,31.074699727861876
9,95.0,66.33674004461069,28.663259955389307
8,61.0,63.56367721997175,-2.5636772199717512
1,32.0,44.15223744749919,-12.15223744749919
7,66.0,60.79061439533281,5.20938560466719
6,83.0,58.017551570693875,24.982448429306125
6,35.0,58.017551570693875,-23.017551570693875
6,33.0,58.017551570693875,-25.017551570693875
6,55.0,58.017551570693875,-3.0175515706938754
7,87.0,60.79061439533281,26.20938560466719
3,18.0,49.69836309677706,-31.698363096777058
6,45.0,58.017551570693875,-13.017551570693875
3,26.0,49.69836309677706,-23.698363096777058
7,66.0,60.79061439533281,5.20938560466719
7,44.0,60.79061439533281,-16.79061439533281
8,55.0,63.56367721997175,-8.563677219971751
2,40.0,46.925300272138124,-6.925300272138124
9,61.0,66.33674004461069,-5.336740044610693
5,54.0,55.24448874605494,-1.244488746054941
9,95.0,66.33674004461069,28.663259955389307
5,56.0,55.24448874605494,0.755511253945059
7,61.0,60.79061439533281,0.20938560466719025
9,53.0,66.33674004461069,-13.336740044610693
4,60.0,52.471425921416,7.5285740785840005
2,35.0,46.925300272138124,-11.925300272138124
9,93.0,66.33674004461069,26.663259955389307
2,20.0,46.925300272138124,-26.925300272138124
3,24.0,49.69836309677706,-25.698363096777058
2,54.0,46.925300272138124,7.074699727861876
3,78.0,49.69836309677706,28.301636903222942
6,45.0,58.017551570693875,-13.017551570693875
3,77.0,49.69836309677706,27.301636903222942
8,40.0,63.56367721997175,-23.56367721997175
6,44.0,58.017551570693875,-14.017551570693875
7,45.0,60.79061439533281,-15.79061439533281
1,66.0,44.15223744749919,21.84776255250081
3,57.0,49.69836309677706,7.301636903222942
3,42.0,49.69836309677706,-7.698363096777058
2,34.0,46.925300272138124,-12.925300272138124
7,43.0,60.79061439533281,-17.79061439533281
9,37.0,66.33674004461069,-29.336740044610693
4,57.0,52.471425921416,4.5285740785840005
5,44.0,55.24448874605494,-11.244488746054941
3,35.0,49.69836309677706,-14.698363096777058
9,36.0,66.33674004461069,-30.336740044610693
4,82.0,52.471425921416,29.528574078584
5,55.0,55.24448874605494,-0.24448874605494098
1,74.0,44.15223744749919,29.84776255250081
2,19.0,46.925300272138124,-27.925300272138124
9,72.0,66.33674004461069,5.663259955389307
2,42.0,46.925300272138124,-4.925300272138124
5,81.0,55.24448874605494,25.75551125394506
8,38.0,63.56367721997175,-25.56367721997175
3,21.0,49.69836309677706,-28.698363096777058
6,82.0,58.017551570693875,23.982448429306125
4,80.0,52.471425921416,27.528574078584
7,51.0,60.79061439533281,-9.79061439533281
3,53.0,49.69836309677706,3.301636903222942
6,62.0,58.017551570693875,3.9824484293061246
9,91.0,66.33674004461069,24.663259955389307
1,71.0,44.15223744749919,26.84776255250081
3,74.0,49.69836309677706,24.301636903222942
2,40.0,46.925300272138124,-6.925300272138124
8,83.0,63.56367721997175,19.43632278002825
7,58.0,60.79061439533281,-2.7906143953328097
2,38.0,46.925300272138124,-8.925300272138124
6,56.0,58.017551570693875,-2.0175515706938754
3,73.0,49.69836309677706,23.301636903222942
8,46.0,63.56367721997175,-17.56367721997175
3,82.0,49.69836309677706,32.30163690322294
9,88.0,66.33674004461069,21.663259955389307
1,56.0,44.15223744749919,11.84776255250081
5,68.0,55.24448874605494,12.755511253945059
3,63.0,49.69836309677706,13.301636903222942
6,71.0,58.017551570693875,12.982448429306125
2,27.0,46.925300272138124,-19.925300272138124
9,85.0,66.33674004461069,18.663259955389307
6,34.0,58.017551570693875,-24.017551570693875
7,33.0,60.79061439533281,-27.79061439533281
5,77.0,55.24448874605494,21.75551125394506
9,50.0,66.33674004461069,-16.336740044610693
1,69.0,44.15223744749919,24.84776255250081
5,55.0,55.24448874605494,-0.24448874605494098
6,76.0,58.017551570693875,17.982448429306125
7,74.0,60.79061439533281,13.20938560466719
4,61.0,52.471425921416,8.528574078584
1,60.0,44.15223744749919,15.84776255250081
8,84.0,63.56367721997175,20.43632278002825
4,56.0,52.471425921416,3.5285740785840005
3,43.0,49.69836309677706,-6.698363096777058
7,82.0,60.79061439533281,21.20938560466719
2,43.0,46.925300272138124,-3.9253002721381236
8,73.0,63.56367721997175,9.436322780028249
6,81.0,58.017551570693875,22.982448429306125
7,94.0,60.79061439533281,33.20938560466719
5,74.0,55.24448874605494,18.75551125394506
9,76.0,66.33674004461069,9.663259955389307
5,38.0,55.24448874605494,-17.24448874605494
5,38.0,55.24448874605494,-17.24448874605494
3,42.0,49.69836309677706,-7.698363096777058
1,71.0,44.15223744749919,26.84776255250081
2,34.0,46.925300272138124,-12.925300272138124
8,84.0,63.56367721997175,20.43632278002825
1,32.0,44.15223744749919,-12.15223744749919
7,85.0,60.79061439533281,24.20938560466719
5,76.0,55.24448874605494,20.75551125394506
3,21.0,49.69836309677706,-28.698363096777058
7,65.0,60.79061439533281,4.20938560466719
9,92.0,66.33674004461069,25.663259955389307
2,69.0,46.925300272138124,22.074699727861876
8,49.0,63.56367721997175,-14.563677219971751
9,54.0,66.33674004461069,-12.336740044610693
3,81.0,49.69836309677706,31.301636903222942
2,15.0,46.925300272138124,-31.925300272138124
7,66.0,60.79061439533281,5.20938560466719
5,56.0,55.24448874605494,0.755511253945059
5,71.0,55.24448874605494,15.755511253945059
5,40.0,55.24448874605494,-15.244488746054941
4,66.0,52.471425921416,13.528574078584
5,57.0,55.24448874605494,1.755511253945059
4,79.0,52.471425921416,26.528574078584
6,57.0,58.017551570693875,-1.0175515706938754
4,43.0,52.471425921416,-9.471425921416
2,65.0,46.925300272138124,18.074699727861876
9,66.0,66.33674004461069,-0.33674004461069273
2,74.0,46.925300272138124,27.074699727861876
9,76.0,66.33674004461069,9.663259955389307
6,30.0,58.017551570693875,-28.017551570693875
9,39.0,66.33674004461069,-27.336740044610693
9,79.0,66.33674004461069,12.663259955389307
3,60.0,49.69836309677706,10.301636903222942
1,24.0,44.15223744749919,-20.15223744749919
1,42.0,44.15223744749919,-2.152237447499189
3,33.0,49.69836309677706,-16.698363096777058
5,57.0,55.24448874605494,1.755511253945059
3,32.0,49.69836309677706,-17.698363096777058
9,71.0,66.33674004461069,4.663259955389307
9,58.0,66.33674004461069,-8.336740044610693
3,64.0,49.69836309677706,14.301636903222942
3,72.0,49.69836309677706,22.301636903222942
5,64.0,55.24448874605494,8.755511253945059
2,61.0,46.925300272138124,14.074699727861876
6,43.0,58.017551570693875,-15.017551570693875
7,54.0,60.79061439533281,-6.79061439533281
9,56.0,66.33674004461069,-10.336740044610693
6,75.0,58.017551570693875,16.982448429306125
3,72.0,49.69836309677706,22.301636903222942
5,84.0,55.24448874605494,28.75551125394506
4,30.0,52.471425921416,-22.471425921416
5,80.0,55.24448874605494,24.75551125394506
8,82.0,63.56367721997175,18.43632278002825
8,96.0,63.56367721997175,32.43632278002825
6,60.0,58.017551570693875,1.9824484293061246
1,19.0,44.15223744749919,-25.15223744749919
8,62.0,63.56367721997175,-1.5636772199717512
8,61.0,63.56367721997175,-2.5636772199717512
2,53.0,46.925300272138124,6.074699727861876
4,34.0,52.471425921416,-18.471425921416
2,43.0,46.925300272138124,-3.9253002721381236
4,27.0,52.471425921416,-25.471425921416
7,55.0,60.79061439533281,-5.79061439533281
9,51.0,66.33674004461069,-15.336740044610693
8,58.0,63.56367721997175,-5.563677219971751
9,69.0,66.33674004461069,2.6632599553893073
8,52.0,63.56367721997175,-11.563677219971751
2,72.0,46.925300272138124,25.074699727861876
7,38.0,60.79061439533281,-22.79061439533281
2,73.0,46.925300272138124,26.074699727861876
2,26.0,46.925300272138124,-20.925300272138124
4,46.0,52.471425921416,-6.4714259214159995
1,60.0,44.15223744749919,15.84776255250081
5,43.0,55.24448874605494,-12.244488746054941
6,43.0,58.017551570693875,-15.017551570693875
9,65.0,66.33674004461069,-1.3367400446106927
8,89.0,63.56367721997175,25.43632278002825
2,60.0,46.925300272138124,13.074699727861876
1,22.0,44.15223744749919,-22.15223744749919
2,53.0,46.925300272138124,6.074699727861876
7,70.0,60.79061439533281,9.20938560466719
4,31.0,52.471425921416,-21.471425921416
5,52.0,55.24448874605494,-3.244488746054941
7,59.0,60.79061439533281,-1.7906143953328097
3,40.0,49.69836309677706,-9.698363096777058
2,50.0,46.925300272138124,3.0746997278618764
7,66.0,60.79061439533281,5.20938560466719
5,45.0,55.24448874605494,-10.244488746054941
1,69.0,44.15223744749919,24.84776255250081
1,13.0,44.15223744749919,-31.15223744749919
9,37.0,66.33674004461069,-29.336740044610693
5,25.0,55.24448874605494,-30.24448874605494
1,45.0,44.15223744749919,0.8477625525008108
7,47.0,60.79061439533281,-13.79061439533281
9,93.0,66.33674004461069,26.663259955389307
1,40.0,44.15223744749919,-4.152237447499189
4,85.0,52.471425921416,32.528574078584
3,73.0,49.69836309677706,23.301636903222942
5,27.0,55.24448874605494,-28.24448874605494
7,80.0,60.79061439533281,19.20938560466719
8,46.0,63.56367721997175,-17.56367721997175
2,57.0,46.925300272138124,10.074699727861876
7,43.0,60.79061439533281,-17.79061439533281
1,25.0,44.15223744749919,-19.15223744749919
7,90.0,60.79061439533281,29.20938560466719
8,93.0,63.56367721997175,29.43632278002825
2,67.0,46.925300272138124,20.074699727861876
9,44.0,66.33674004461069,-22.336740044610693
1,18.0,44.15223744749919,-26.15223744749919
6,46.0,58.017551570693875,-12.017551570693875
1,44.0,44.15223744749919,-0.15223744749918922
3,47.0,49.69836309677706,-2.698363096777058
6,55.0,58.017551570693875,-3.0175515706938754
3,59.0,49.69836309677706,9.301636903222942
8,42.0,63.56367721997175,-21.56367721997175
5,69.0,55.24448874605494,13.755511253945059
2,29.0,46.925300272138124,-17.925300272138124
4,53.0,52.471425921416,0.5285740785840005
9,90.0,66.33674004461069,23.663259955389307
4,40.0,52.471425921416,-12.471425921416
8,55.0,63.56367721997175,-8.563677219971751
5,78.0,55.24448874605494,22.75551125394506
1,64.0,44.15223744749919,19.84776255250081
7,68.0,60.79061439533281,7.20938560466719
3,68.0,49.69836309677706,18.301636903222942
8,44.0,63.56367721997175,-19.56367721997175
3,45.0,49.69836309677706,-4.698363096777058
1,47.0,44.15223744749919,2.847762552500811
5,73.0,55.24448874605494,17.75551125394506
2,71.0,46.925300272138124,24.074699727861876
4,25.0,52.471425921416,-27.471425921416
1,65.0,44.15223744749919,20.84776255250081
9,70.0,66.33674004461069,3.6632599553893073
6,33.0,58.017551570693875,-25.017551570693875
8,42.0,63.56367721997175,-21.56367721997175
4,35.0,52.471425921416,-17.471425921416
9,90.0,66.33674004461069,23.663259955389307
2,17.0,46.925300272138124,-29.925300272138124
9,59.0,66.33674004461069,-7.336740044610693
5,36.0,55.24448874605494,-19.24448874605494
6,71.0,58.017551570693875,12.982448429306125
3,45.0,49.69836309677706,-4.698363096777058
4,31.0,52.471425921416,-21.471425921416
6,77.0,58.017551570693875,18.982448429306125
7,73.0,60.79061439533281,12.20938560466719
1,47.0,44.15223744749919,2.847762552500811
7,56.0,60.79061439533281,-4.79061439533281
1,30.0,44.15223744749919,-14.15223744749919
5,84.0,55.24448874605494,28.75551125394506
6,41.0,58.017551570693875,-17.017551570693875
2,73.0,46.925300272138124,26.074699727861876
9,41.0,66.33674004461069,-25.336740044610693
6,77.0,58.017551570693875,18.982448429306125
7,63.0,60.79061439533281,2.2093856046671903
8,79.0,63.56367721997175,15.436322780028249
1,28.0,44.15223744749919,-16.15223744749919
8,91.0,63.56367721997175,27.43632278002825
4,76.0,52.471425921416,23.528574078584
8,92.0,63.56367721997175,28.43632278002825
6,61.0,58.017551570693875,2.9824484293061246
9,92.0,66.33674004461069,25.663259955389307
4,72.0,52.471425921416,19.528574078584
2,20.0,46.925300272138124,-26.925300272138124
2,54.0,46.925300272138124,7.074699727861876
5,35.0,55.24448874605494,-20.24448874605494
9,67.0,66.33674004461069,0.6632599553893073
3,20.0,49.69836309677706,-29.698363096777058
8,76.0,63.56367721997175,12.436322780028249
4,33.0,52.471425921416,-19.471425921416
6,68.0,58.017551570693875,9.982448429306125
6,81.0,58.017551570693875,22.982448429306125
3,36.0,49.69836309677706,-13.698363096777058
5,46.0,55.24448874605494,-9.244488746054941
3,50.0,49.69836309677706,0.301636903222942
1,36.0,44.15223744749919,-8.15223744749919
7,44.0,60.79061439533281,-16.79061439533281
4,43.0,52.471425921416,-9.471425921416
7,79.0,60.79061439533281,18.20938560466719
3,44.0,49.69836309677706,-5.698363096777058
5,67.0,55.24448874605494,11.755511253945059
5,27.0,55.24448874605494,-28.24448874605494
2,39.0,46.925300272138124,-7.925300272138124
2,49.0,46.925300272138124,2.0746997278618764
4,28.0,52.471425921416,-24.471425921416
4,46.0,52.471425921416,-6.4714259214159995
4,48.0,52.471425921416,-4.4714259214159995
6,90.0,58.017551570693875,31.982448429306125
2,24.0,46.925300272138124,-22.925300272138124
6,75.0,58.017551570693875,16.982448429306125
7,61.0,60.79061439533281,0.20938560466719025
3,62.0,49.69836309677706,12.301636903222942
8,87.0,63.56367721997175,23.43632278002825
2,13.0,46.925300272138124,-33.925300272138124
8,85.0,63.56367721997175,21.43632278002825
5,47.0,55.24448874605494,-8.244488746054941
2,54.0,46.925300272138124,7.074699727861876
7,57.0,60.79061439533281,-3.7906143953328097
2,26.0,46.925300272138124,-20.925300272138124
6,89.0,58.017551570693875,30.982448429306125
3,61.0,49.69836309677706,11.301636903222942
9,93.0,66.33674004461069,26.663259955389307
3,43.0,49.69836309677706,-6.698363096777058
3,24.0,49.69836309677706,-25.698363096777058
5,45.0,55.24448874605494,-10.244488746054941
7,86.0,60.79061439533281,25.20938560466719
8,65.0,63.56367721997175,1.4363227800282488
7,70.0,60.79061439533281,9.20938560466719
9,79.0,66.33674004461069,12.663259955389307
5,59.0,55.24448874605494,3.755511253945059
3,72.0,49.69836309677706,22.301636903222942
6,36.0,58.017551570693875,-22.017551570693875
5,46.0,55.24448874605494,-9.244488746054941
4,24.0,52.471425921416,-28.471425921416
2,25.0,46.925300272138124,-21.925300272138124
7,38.0,60.79061439533281,-22.79061439533281
5,65.0,55.24448874605494,9.755511253945059
4,59.0,52.471425921416,6.5285740785840005
8,53.0,63.56367721997175,-10.563677219971751
9,45.0,66.33674004461069,-21.336740044610693
9,82.0,66.33674004461069,15.663259955389307
3,64.0,49.69836309677706,14.301636903222942
3,50.0,49.69836309677706,0.301636903222942
5,39.0,55.24448874605494,-16.24448874605494
5,43.0,55.24448874605494,-12.244488746054941
2,54.0,46.925300272138124,7.074699727861876
1,58.0,44.15223744749919,13.84776255250081
8,73.0,63.56367721997175,9.436322780028249
3,56.0,49.69836309677706,6.301636903222942
1,42.0,44.15223744749919,-2.152237447499189
1,25.0,44.15223744749919,-19.15223744749919
2,48.0,46.925300272138124,1.0746997278618764
6,49.0,58.017551570693875,-9.017551570693875
6,59.0,58.017551570693875,0.9824484293061246
3,45.0,49.69836309677706,-4.698363096777058
4,60.0,52.471425921416,7.5285740785840005
2,32.0,46.925300272138124,-14.925300272138124
2,59.0,46.925300272138124,12.074699727861876
7,40.0,60.79061439533281,-20.79061439533281
1,55.0,44.15223744749919,10.84776255250081
7,69.0,60.79061439533281,8.20938560466719
1,12.0,44.15223744749919,-32.15223744749919
6,39.0,58.017551570693875,-19.017551570693875
3,25.0,49.69836309677706,-24.698363096777058
8,62.0,63.56367721997175,-1.5636772199717512
6,40.0,58.017551570693875,-18.017551570693875
2,67.0,46.925300272138124,20.074699727861876
8,42.0,63.56367721997175,-21.56367721997175
5,44.0,55.24448874605494,-11.244488746054941
8,57.0,63.56367721997175,-6.563677219971751
8,83.0,63.56367721997175,19.43632278002825
6,43.0,58.017551570693875,-15.017551570693875
2,61.0,46.925300272138124,14.074699727861876
8,76.0,63.56367721997175,12.436322780028249
6,54.0,58.017551570693875,-4.017551570693875
6,60.0,58.017551570693875,1.9824484293061246
8,74.0,63.56367721997175,10.436322780028249
1,74.0,44.15223744749919,29.84776255250081
2,66.0,46.925300272138124,19.074699727861876
9,94.0,66.33674004461069,27.663259955389307
8,83.0,63.56367721997175,19.43632278002825
7,65.0,60.79061439533281,4.20938560466719
7,82.0,60.79061439533281,21.20938560466719
5,52.0,55.24448874605494,-3.244488746054941
2,34.0,46.925300272138124,-12.925300272138124
6,61.0,58.017551570693875,2.9824484293061246
3,30.0,49.69836309677706,-19.698363096777058
4,77.0,52.471425921416,24.528574078584
2,45.0,46.925300272138124,-1.9253002721381236
2,59.0,46.925300272138124,12.074699727861876
8,66.0,63.56367721997175,2.4363227800282488
8,45.0,63.56367721997175,-18.56367721997175
6,73.0,58.017551570693875,14.982448429306125
5,81.0,55.24448874605494,25.75551125394506
8,72.0,63.56367721997175,8.436322780028249
4,72.0,52.471425921416,19.528574078584
4,27.0,52.471425921416,-25.471425921416
5,70.0,55.24448874605494,14.755511253945059
1,51.0,44.15223744749919,6.847762552500811
1,21.0,44.15223744749919,-23.15223744749919
2,50.0,46.925300272138124,3.0746997278618764
8,82.0,63.56367721997175,18.43632278002825
7,58.0,60.79061439533281,-2.7906143953328097
9,59.0,66.33674004461069,-7.336740044610693
5,41.0,55.24448874605494,-14.244488746054941
2,21.0,46.925300272138124,-25.925300272138124
7,78.0,60.79061439533281,17.20938560466719
8,85.0,63.56367721997175,21.43632278002825
7,59.0,60.79061439533281,-1.7906143953328097
7,72.0,60.79061439533281,11.20938560466719
5,83.0,55.24448874605494,27.75551125394506
2,31.0,46.925300272138124,-15.925300272138124
6,58.0,58.017551570693875,-0.017551570693875362
4,74.0,52.471425921416,21.528574078584
2,50.0,46.925300272138124,3.0746997278618764
9,72.0,66.33674004461069,5.663259955389307
7,84.0,60.79061439533281,23.20938560466719
6,67.0,58.017551570693875,8.982448429306125
5,29.0,55.24448874605494,-26.24448874605494
3,20.0,49.69836309677706,-29.698363096777058
4,31.0,52.471425921416,-21.471425921416
3,58.0,49.69836309677706,8.301636903222942
8,39.0,63.56367721997175,-24.56367721997175
3,77.0,49.69836309677706,27.301636903222942
7,78.0,60.79061439533281,17.20938560466719
7,39.0,60.79061439533281,-21.79061439533281
7,51.0,60.79061439533281,-9.79061439533281
7,86.0,60.79061439533281,25.20938560466719
2,78.0,46.925300272138124,31.074699727861876
3,66.0,49.69836309677706,16.301636903222942
9,74.0,66.33674004461069,7.663259955389307
3,70.0,49.69836309677706,20.301636903222942
2,38.0,46.925300272138124,-8.925300272138124
9,44.0,66.33674004461069,-22.336740044610693
9,52.0,66.33674004461069,-14.336740044610693
4,63.0,52.471425921416,10.528574078584
9,46.0,66.33674004461069,-20.336740044610693
3,63.0,49.69836309677706,13.301636903222942
7,50.0,60.79061439533281,-10.79061439533281
7,37.0,60.79061439533281,-23.79061439533281
8,52.0,63.56367721997175,-11.563677219971751
4,55.0,52.471425921416,2.5285740785840005
3,77.0,49.69836309677706,27.301636903222942
3,46.0,49.69836309677706,-3.698363096777058
5,52.0,55.24448874605494,-3.244488746054941
1,59.0,44.15223744749919,14.84776255250081
3,32.0,49.69836309677706,-17.698363096777058
6,87.0,58.017551570693875,28.982448429306125
3,61.0,49.69836309677706,11.301636903222942
5,75.0,55.24448874605494,19.75551125394506
9,59.0,66.33674004461069,-7.336740044610693
2,40.0,46.925300272138124,-6.925300272138124
2,61.0,46.925300272138124,14.074699727861876
6,62.0,58.017551570693875,3.9824484293061246
6,86.0,58.017551570693875,27.982448429306125
8,89.0,63.56367721997175,25.43632278002825
2,29.0,46.925300272138124,-17.925300272138124
9,72.0,66.33674004461069,5.663259955389307
2,53.0,46.925300272138124,6.074699727861876
1,24.0,44.15223744749919,-20.15223744749919
2,30.0,46.925300272138124,-16.925300272138124
7,79.0,60.79061439533281,18.20938560466719
8,51.0,63.56367721997175,-12.563677219971751
5,34.0,55.24448874605494,-21.24448874605494
6,87.0,58.017551570693875,28.982448429306125
1,43.0,44.15223744749919,-1.1522374474991892
6,80.0,58.017551570693875,21.982448429306125
8,54.0,63.56367721997175,-9.563677219971751
3,80.0,49.69836309677706,30.301636903222942
1,29.0,44.15223744749919,-15.15223744749919
4,34.0,52.471425921416,-18.471425921416
1,58.0,44.15223744749919,13.84776255250081
8,38.0,63.56367721997175,-25.56367721997175
5,57.0,55.24448874605494,1.755511253945059
1,20.0,44.15223744749919,-24.15223744749919
8,49.0,63.56367721997175,-14.563677219971751
9,73.0,66.33674004461069,6.663259955389307
2,61.0,46.925300272138124,14.074699727861876
9,87.0,66.33674004461069,20.663259955389307
8,37.0,63.56367721997175,-26.56367721997175
7,69.0,60.79061439533281,8.20938560466719
3,46.0,49.69836309677706,-3.698363096777058
2,79.0,46.925300272138124,32.074699727861876
7,60.0,60.79061439533281,-0.7906143953328097
5,68.0,55.24448874605494,12.755511253945059
6,38.0,58.017551570693875,-20.017551570693875
4,71.0,52.471425921416,18.528574078584
2,28.0,46.925300272138124,-18.925300272138124
9,44.0,66.33674004461069,-22.336740044610693
3,31.0,49.69836309677706,-18.698363096777058
7,41.0,60.79061439533281,-19.79061439533281
8,63.0,63.56367721997175,-0.5636772199717512
2,44.0,46.925300272138124,-2.9253002721381236
6,69.0,58.017551570693875,10.982448429306125
8,88.0,63.56367721997175,24.43632278002825
7,49.0,60.79061439533281,-11.79061439533281
3,76.0,49.69836309677706,26.301636903222942
1,63.0,44.15223744749919,18.84776255250081
6,55.0,58.017551570693875,-3.0175515706938754
8,86.0,63.56367721997175,22.43632278002825
6,71.0,58.017551570693875,12.982448429306125
5,41.0,55.24448874605494,-14.244488746054941
8,58.0,63.56367721997175,-5.563677219971751
2,26.0,46.925300272138124,-20.925300272138124
1,39.0,44.15223744749919,-5.152237447499189
1,54.0,44.15223744749919,9.84776255250081
4,25.0,52.471425921416,-27.471425921416
6,29.0,58.017551570693875,-29.017551570693875
9,81.0,66.33674004461069,14.663259955389307
1,65.0,44.15223744749919,20.84776255250081
1,57.0,44.15223744749919,12.84776255250081
5,85.0,55.24448874605494,29.75551125394506
5,60.0,55.24448874605494,4.755511253945059
5,27.0,55.24448874605494,-28.24448874605494
6,82.0,58.017551570693875,23.982448429306125
8,37.0,63.56367721997175,-26.56367721997175
3,48.0,49.69836309677706,-1.698363096777058
9,85.0,66.33674004461069,18.663259955389307
1,28.0,44.15223744749919,-16.15223744749919
4,83.0,52.471425921416,30.528574078584
9,47.0,66.33674004461069,-19.336740044610693
8,37.0,63.56367721997175,-26.56367721997175
9,62.0,66.33674004461069,-4.336740044610693
1,26.0,44.15223744749919,-18.15223744749919
9,59.0,66.33674004461069,-7.336740044610693
3,59.0,49.69836309677706,9.301636903222942
9,56.0,66.33674004461069,-10.336740044610693
1,46.0,44.15223744749919,1.8477625525008108
1,35.0,44.15223744749919,-9.15223744749919
9,71.0,66.33674004461069,4.663259955389307
6,69.0,58.017551570693875,10.982448429306125
4,41.0,52.471425921416,-11.471425921416
7,34.0,60.79061439533281,-26.79061439533281
5,89.0,55.24448874605494,33.75551125394506
7,83.0,60.79061439533281,22.20938560466719
8,33.0,63.56367721997175,-30.56367721997175
8,48.0,63.56367721997175,-15.563677219971751
1,71.0,44.15223744749919,26.84776255250081
8,52.0,63.56367721997175,-11.563677219971751
6,63.0,58.017551570693875,4.982448429306125
4,27.0,52.471425921416,-25.471425921416
8,79.0,63.56367721997175,15.436322780028249
3,44.0,49.69836309677706,-5.698363096777058
4,45.0,52.471425921416,-7.4714259214159995
6,34.0,58.017551570693875,-24.017551570693875
7,34.0,60.79061439533281,-26.79061439533281
4,69.0,52.471425921416,16.528574078584
4,56.0,52.471425921416,3.5285740785840005
7,86.0,60.79061439533281,25.20938560466719
6,78.0,58.017551570693875,19.982448429306125
8,49.0,63.56367721997175,-14.563677219971751
1,67.0,44.15223744749919,22.84776255250081
7,71.0,60.79061439533281,10.20938560466719
7,61.0,60.79061439533281,0.20938560466719025
7,36.0,60.79061439533281,-24.79061439533281
7,69.0,60.79061439533281,8.20938560466719
8,80.0,63.56367721997175,16.43632278002825
9,39.0,66.33674004461069,-27.336740044610693
9,39.0,66.33674004461069,-27.336740044610693
2,21.0,46.925300272138124,-25.925300272138124
7,30.0,60.79061439533281,-30.79061439533281
7,47.0,60.79061439533281,-13.79061439533281
4,53.0,52.471425921416,0.5285740785840005
9,59.0,66.33674004461069,-7.336740044610693
8,79.0,63.56367721997175,15.436322780028249
1,44.0,44.15223744749919,-0.15223744749918922
2,66.0,46.925300272138124,19.074699727861876
2,51.0,46.925300272138124,4.074699727861876
8,90.0,63.56367721997175,26.43632278002825
1,16.0,44.15223744749919,-28.15223744749919
4,23.0,52.471425921416,-29.471425921416
5,62.0,55.24448874605494,6.755511253945059
9,51.0,66.33674004461069,-15.336740044610693
7,84.0,60.79061439533281,23.20938560466719
8,86.0,63.56367721997175,22.43632278002825
9,50.0,66.33674004461069,-16.336740044610693
7,90.0,60.79061439533281,29.20938560466719
5,55.0,55.24448874605494,-0.24448874605494098
5,31.0,55.24448874605494,-24.24448874605494
6,64.0,58.017551570693875,5.982448429306125
5,64.0,55.24448874605494,8.755511253945059
9,38.0,66.33674004461069,-28.336740044610693
3,46.0,49.69836309677706,-3.698363096777058
3,54.0,49.69836309677706,4.301636903222942
7,81.0,60.79061439533281,20.20938560466719
7,67.0,60.79061439533281,6.20938560466719
6,54.0,58.017551570693875,-4.017551570693875
3,19.0,49.69836309677706,-30.698363096777058
7,85.0,60.79061439533281,24.20938560466719
5,54.0,55.24448874605494,-1.244488746054941
7,89.0,60.79061439533281,28.20938560466719
2,66.0,46.925300272138124,19.074699727861876
6,55.0,58.017551570693875,-3.0175515706938754
8,52.0,63.56367721997175,-11.563677219971751
1,27.0,44.15223744749919,-17.15223744749919
4,74.0,52.471425921416,21.528574078584
1,14.0,44.15223744749919,-30.15223744749919
1,19.0,44.15223744749919,-25.15223744749919
8,52.0,63.56367721997175,-11.563677219971751
7,63.0,60.79061439533281,2.2093856046671903
1,55.0,44.15223744749919,10.84776255250081
2,18.0,46.925300272138124,-28.925300272138124
4,39.0,52.471425921416,-13.471425921416
1,74.0,44.15223744749919,29.84776255250081
3,23.0,49.69836309677706,-26.698363096777058
8,57.0,63.56367721997175,-6.563677219971751
8,54.0,63.56367721997175,-9.563677219971751
8,67.0,63.56367721997175,3.4363227800282488
6,86.0,58.017551570693875,27.982448429306125
6,71.0,58.017551570693875,12.982448429306125
5,52.0,55.24448874605494,-3.244488746054941
9,85.0,66.33674004461069,18.663259955389307
4,72.0,52.471425921416,19.528574078584
7,88.0,60.79061439533281,27.20938560466719
1,55.0,44.15223744749919,10.84776255250081
9,39.0,66.33674004461069,-27.336740044610693
7,58.0,60.79061439533281,-2.7906143953328097
9,65.0,66.33674004461069,-1.3367400446106927
7,90.0,60.79061439533281,29.20938560466719
2,35.0,46.925300272138124,-11.925300272138124
6,88.0,58.017551570693875,29.982448429306125
4,48.0,52.471425921416,-4.4714259214159995
3,72.0,49.69836309677706,22.301636903222942
2,60.0,46.925300272138124,13.074699727861876
6,45.0,58.017551570693875,-13.017551570693875
8,53.0,63.56367721997175,-10.563677219971751
6,49.0,58.017551570693875,-9.017551570693875
9,39.0,66.33674004461069,-27.336740044610693
5,42.0,55.24448874605494,-13.244488746054941
2,35.0,46.925300272138124,-11.925300272138124
8,34.0,63.56367721997175,-29.56367721997175
9,54.0,66.33674004461069,-12.336740044610693
4,37.0,52.471425921416,-15.471425921416
6,78.0,58.017551570693875,19.982448429306125
8,49.0,63.56367721997175,-14.563677219971751
9,96.0,66.33674004461069,29.663259955389307
5,43.0,55.24448874605494,-12.244488746054941
6,80.0,58.017551570693875,21.982448429306125
4,80.0,52.471425921416,27.528574078584
5,62.0,55.24448874605494,6.755511253945059
7,37.0,60.79061439533281,-23.79061439533281
9,81.0,66.33674004461069,14.663259955389307
6,74.0,58.017551570693875,15.982448429306125
6,30.0,58.017551570693875,-28.017551570693875
8,87.0,63.56367721997175,23.43632278002825
4,74.0,52.471425921416,21.528574078584
3,20.0,49.69836309677706,-29.698363096777058
7,37.0,60.79061439533281,-23.79061439533281
5,55.0,55.24448874605494,-0.24448874605494098
2,25.0,46.925300272138124,-21.925300272138124
2,67.0,46.925300272138124,20.074699727861876
6,78.0,58.017551570693875,19.982448429306125
8,35.0,63.56367721997175,-28.56367721997175
1,24.0,44.15223744749919,-20.15223744749919
6,72.0,58.017551570693875,13.982448429306125
2,42.0,46.925300272138124,-4.925300272138124
2,24.0,46.925300272138124,-22.925300272138124
7,82.0,60.79061439533281,21.20938560466719
1,15.0,44.15223744749919,-29.15223744749919
6,87.0,58.017551570693875,28.982448429306125
7,59.0,60.79061439533281,-1.7906143953328097
8,67.0,63.56367721997175,3.4363227800282488
7,69.0,60.79061439533281,8.20938560466719
6,45.0,58.017551570693875,-13.017551570693875
9,83.0,66.33674004461069,16.663259955389307
3,31.0,49.69836309677706,-18.698363096777058
6,61.0,58.017551570693875,2.9824484293061246
4,80.0,52.471425921416,27.528574078584
2,70.0,46.925300272138124,23.074699727861876
1,67.0,44.15223744749919,22.84776255250081
1,37.0,44.15223744749919,-7.152237447499189
3,81.0,49.69836309677706,31.301636903222942
4,46.0,52.471425921416,-6.4714259214159995
2,46.0,46.925300272138124,-0.9253002721381236
1,52.0,44.15223744749919,7.847762552500811
4,84.0,52.471425921416,31.528574078584
7,84.0,60.79061439533281,23.20938560466719
6,58.0,58.017551570693875,-0.017551570693875362
6,66.0,58.017551570693875,7.982448429306125
9,85.0,66.33674004461069,18.663259955389307
2,55.0,46.925300272138124,8.074699727861876
4,67.0,52.471425921416,14.528574078584
5,75.0,55.24448874605494,19.75551125394506
1,36.0,44.15223744749919,-8.15223744749919
8,64.0,63.56367721997175,0.43632278002824876
8,69.0,63.56367721997175,5.436322780028249
6,42.0,58.017551570693875,-16.017551570693875
5,64.0,55.24448874605494,8.755511253945059
8,38.0,63.56367721997175,-25.56367721997175
3,56.0,49.69836309677706,6.301636903222942
3,73.0,49.69836309677706,23.301636903222942
2,28.0,46.925300272138124,-18.925300272138124
5,67.0,55.24448874605494,11.755511253945059
3,34.0,49.69836309677706,-15.698363096777058
3,73.0,49.69836309677706,23.301636903222942
6,79.0,58.017551570693875,20.982448429306125
8,38.0,63.56367721997175,-25.56367721997175
2,78.0,46.925300272138124,31.074699727861876
4,35.0,52.471425921416,-17.471425921416
7,85.0,60.79061439533281,24.20938560466719
1,45.0,44.15223744749919,0.8477625525008108
1,37.0,44.15223744749919,-7.152237447499189
7,78.0,60.79061439533281,17.20938560466719
7,52.0,60.79061439533281,-8.79061439533281
1,64.0,44.15223744749919,19.84776255250081
1,32.0,44.15223744749919,-12.15223744749919
4,65.0,52.471425921416,12.528574078584
5,67.0,55.24448874605494,11.755511253945059
5,40.0,55.24448874605494,-15.244488746054941
4,64.0,52.471425921416,11.528574078584
8,79.0,63.56367721997175,15.436322780028249
7,91.0,60.79061439533281,30.20938560466719
9,56.0,66.33674004461069,-10.336740044610693
7,85.0,60.79061439533281,24.20938560466719
1,64.0,44.15223744749919,19.84776255250081
7,34.0,60.79061439533281,-26.79061439533281
1,16.0,44.15223744749919,-28.15223744749919
7,88.0,60.79061439533281,27.20938560466719
8,53.0,63.56367721997175,-10.563677219971751
9,80.0,66.33674004461069,13.663259955389307
3,64.0,49.69836309677706,14.301636903222942
4,37.0,52.471425921416,-15.471425921416
4,75.0,52.471425921416,22.528574078584
9,82.0,66.33674004461069,15.663259955389307
7,60.0,60.79061439533281,-0.7906143953328097
3,64.0,49.69836309677706,14.301636903222942
5,76.0,55.24448874605494,20.75551125394506
7,35.0,60.79061439533281,-25.79061439533281
8,61.0,63.56367721997175,-2.5636772199717512
1,18.0,44.15223744749919,-26.15223744749919
2,25.0,46.925300272138124,-21.925300272138124
7,47.0,60.79061439533281,-13.79061439533281
2,47.0,46.925300272138124,0.0746997278618764
7,81.0,60.79061439533281,20.20938560466719
9,99.0,66.33674004461069,32.66325995538931
2,28.0,46.925300272138124,-18.925300272138124
7,77.0,60.79061439533281,16.20938560466719
4,37.0,52.471425921416,-15.471425921416
2,35.0,46.925300272138124,-11.925300272138124
7,38.0,60.79061439533281,-22.79061439533281
5,31.0,55.24448874605494,-24.24448874605494
1,29.0,44.15223744749919,-15.15223744749919
5,77.0,55.24448874605494,21.75551125394506
3,70.0,49.69836309677706,20.301636903222942
7,37.0,60.79061439533281,-23.79061439533281
6,75.0,58.017551570693875,16.982448429306125
8,83.0,63.56367721997175,19.43632278002825
5,24.0,55.24448874605494,-31.24448874605494
2,23.0,46.925300272138124,-23.925300272138124
9,90.0,66.33674004461069,23.663259955389307
8,64.0,63.56367721997175,0.43632278002824876
6,41.0,58.017551570693875,-17.017551570693875
7,44.0,60.79061439533281,-16.79061439533281
9,84.0,66.33674004461069,17.663259955389307
7,65.0,60.79061439533281,4.20938560466719
3,54.0,49.69836309677706,4.301636903222942
6,84.0,58.017551570693875,25.982448429306125
7,78.0,60.79061439533281,17.20938560466719
2,21.0,46.925300272138124,-25.925300272138124
3,49.0,49.69836309677706,-0.698363096777058
4,69.0,52.471425921416,16.528574078584
6,31.0,58.017551570693875,-27.017551570693875
1,56.0,44.15223744749919,11.84776255250081
9,41.0,66.33674004461069,-25.336740044610693
5,54.0,55.24448874605494,-1.244488746054941
7,69.0,60.79061439533281,8.20938560466719
9,53.0,66.33674004461069,-13.336740044610693
9,40.0,66.33674004461069,-26.336740044610693
1,58.0,44.15223744749919,13.84776255250081
1,41.0,44.15223744749919,-3.152237447499189
3,46.0,49.69836309677706,-3.698363096777058
6,50.0,58.017551570693875,-8.017551570693875
2,75.0,46.925300272138124,28.074699727861876
1,32.0,44.15223744749919,-12.15223744749919
1,37.0,44.15223744749919,-7.152237447499189
5,83.0,55.24448874605494,27.75551125394506
4,75.0,52.471425921416,22.528574078584
1,39.0,44.15223744749919,-5.152237447499189
4,74.0,52.471425921416,21.528574078584
3,43.0,49.69836309677706,-6.698363096777058
2,56.0,46.925300272138124,9.074699727861876
9,58.0,66.33674004461069,-8.336740044610693
1,64.0,44.15223744749919,19.84776255250081
7,39.0,60.79061439533281,-21.79061439533281
4,38.0,52.471425921416,-14.471425921416
5,53.0,55.24448874605494,-2.244488746054941
5,68.0,55.24448874605494,12.755511253945059
1,36.0,44.15223744749919,-8.15223744749919
6,29.0,58.017551570693875,-29.017551570693875
9,67.0,66.33674004461069,0.6632599553893073
2,72.0,46.925300272138124,25.074699727861876
7,61.0,60.79061439533281,0.20938560466719025
6,70.0,58.017551570693875,11.982448429306125
5,51.0,55.24448874605494,-4.244488746054941
4,32.0,52.471425921416,-20.471425921416
4,80.0,52.471425921416,27.528574078584
6,62.0,58.017551570693875,3.9824484293061246
4,59.0,52.471425921416,6.5285740785840005
5,50.0,55.24448874605494,-5.244488746054941
6,57.0,58.017551570693875,-1.0175515706938754
5,70.0,55.24448874605494,14.755511253945059
7,70.0,60.79061439533281,9.20938560466719
9,69.0,66.33674004461069,2.6632599553893073
7,87.0,60.79061439533281,26.20938560466719
7,29.0,60.79061439533281,-31.79061439533281
4,42.0,52.471425921416,-10.471425921416
1,27.0,44.15223744749919,-17.15223744749919
8,49.0,63.56367721997175,-14.563677219971751
4,35.0,52.471425921416,-17.471425921416
1,46.0,44.15223744749919,1.8477625525008108
5,76.0,55.24448874605494,20.75551125394506
8,47.0,63.56367721997175,-16.56367721997175
4,22.0,52.471425921416,-30.471425921416
8,36.0,63.56367721997175,-27.56367721997175
8,66.0,63.56367721997175,2.4363227800282488
3,68.0,49.69836309677706,18.301636903222942
9,61.0,66.33674004461069,-5.336740044610693
3,36.0,49.69836309677706,-13.698363096777058
1,39.0,44.15223744749919,-5.152237447499189
2,20.0,46.925300272138124,-26.925300272138124
6,28.0,58.017551570693875,-30.017551570693875
2,29.0,46.925300272138124,-17.925300272138124
6,86.0,58.017551570693875,27.982448429306125
1,25.0,44.15223744749919,-19.15223744749919
1,20.0,44.15223744749919,-24.15223744749919
5,58.0,55.24448874605494,2.755511253945059
9,38.0,66.33674004461069,-28.336740044610693
8,62.0,63.56367721997175,-1.5636772199717512
3,37.0,49.69836309677706,-12.698363096777058
3,34.0,49.69836309677706,-15.698363096777058
1,56.0,44.15223744749919,11.84776255250081
3,72.0,49.69836309677706,22.301636903222942
1,25.0,44.15223744749919,-19.15223744749919
8,82.0,63.56367721997175,18.43632278002825
1,70.0,44.15223744749919,25.84776255250081
5,52.0,55.24448874605494,-3.244488746054941
9,76.0,66.33674004461069,9.663259955389307
7,78.0,60.79061439533281,17.20938560466719
4,51.0,52.471425921416,-1.4714259214159995
9,96.0,66.33674004461069,29.663259955389307
9,90.0,66.33674004461069,23.663259955389307
2,64.0,46.925300272138124,17.074699727861876
6,79.0,58.017551570693875,20.982448429306125
4,22.0,52.471425921416,-30.471425921416
8,96.0,63.56367721997175,32.43632278002825
7,32.0,60.79061439533281,-28.79061439533281
7,42.0,60.79061439533281,-18.79061439533281
9,88.0,66.33674004461069,21.663259955389307
5,36.0,55.24448874605494,-19.24448874605494
6,48.0,58.017551570693875,-10.017551570693875
1,51.0,44.15223744749919,6.847762552500811
6,40.0,58.017551570693875,-18.017551570693875
2,34.0,46.925300272138124,-12.925300272138124
6,43.0,58.017551570693875,-15.017551570693875
9,59.0,66.33674004461069,-7.336740044610693
8,42.0,63.56367721997175,-21.56367721997175
9,93.0,66.33674004461069,26.663259955389307
8,37.0,63.56367721997175,-26.56367721997175
3,63.0,49.69836309677706,13.301636903222942
8,70.0,63.56367721997175,6.436322780028249
6,33.0,58.017551570693875,-25.017551570693875
6,50.0,58.017551570693875,-8.017551570693875
6,84.0,58.017551570693875,25.982448429306125
3,60.0,49.69836309677706,10.301636903222942
1,67.0,44.15223744749919,22.84776255250081
4,47.0,52.471425921416,-5.4714259214159995
6,34.0,58.017551570693875,-24.017551570693875
2,38.0,46.925300272138124,-8.925300272138124
7,84.0,60.79061439533281,23.20938560466719
7,53.0,60.79061439533281,-7.79061439533281
4,69.0,52.471425921416,16.528574078584
4,32.0,52.471425921416,-20.471425921416
1,21.0,44.15223744749919,-23.15223744749919
2,30.0,46.925300272138124,-16.925300272138124
9,85.0,66.33674004461069,18.663259955389307
8,45.0,63.56367721997175,-18.56367721997175
8,43.0,63.56367721997175,-20.56367721997175
9,63.0,66.33674004461069,-3.3367400446106927
7,64.0,60.79061439533281,3.2093856046671903
9,62.0,66.33674004461069,-4.336740044610693
2,76.0,46.925300272138124,29.074699727861876
6,62.0,58.017551570693875,3.9824484293061246
3,40.0,49.69836309677706,-9.698363096777058
6,71.0,58.017551570693875,12.982448429306125
3,56.0,49.69836309677706,6.301636903222942
8,38.0,63.56367721997175,-25.56367721997175
4,39.0,52.471425921416,-13.471425921416
6,62.0,58.017551570693875,3.9824484293061246
9,84.0,66.33674004461069,17.663259955389307
2,64.0,46.925300272138124,17.074699727861876
2,71.0,46.925300272138124,24.074699727861876
7,38.0,60.79061439533281,-22.79061439533281
2,26.0,46.925300272138124,-20.925300272138124
2,67.0,46.925300272138124,20.074699727861876
4,23.0,52.471425921416,-29.471425921416
9,57.0,66.33674004461069,-9.336740044610693
8,80.0,63.56367721997175,16.43632278002825
2,68.0,46.925300272138124,21.074699727861876
8,77.0,63.56367721997175,13.436322780028249
4,37.0,52.471425921416,-15.471425921416
2,39.0,46.925300272138124,-7.925300272138124
7,49.0,60.79061439533281,-11.79061439533281
6,74.0,58.017551570693875,15.982448429306125
5,53.0,55.24448874605494,-2.244488746054941
1,67.0,44.15223744749919,22.84776255250081
2,38.0,46.925300272138124,-8.925300272138124
8,47.0,63.56367721997175,-16.56367721997175
1,40.0,44.15223744749919,-4.152237447499189
3,68.0,49.69836309677706,18.301636903222942
2,70.0,46.925300272138124,23.074699727861876
5,54.0,55.24448874605494,-1.244488746054941
4,49.0,52.471425921416,-3.4714259214159995
7,79.0,60.79061439533281,18.20938560466719
5,82.0,55.24448874605494,26.75551125394506
8,62.0,63.56367721997175,-1.5636772199717512
4,46.0,52.471425921416,-6.4714259214159995
6,86.0,58.017551570693875,27.982448429306125
4,80.0,52.471425921416,27.528574078584
2,17.0,46.925300272138124,-29.925300272138124
1,69.0,44.15223744749919,24.84776255250081
1,58.0,44.15223744749919,13.84776255250081
8,74.0,63.56367721997175,10.436322780028249
4,32.0,52.471425921416,-20.471425921416
5,64.0,55.24448874605494,8.755511253945059
8,57.0,63.56367721997175,-6.563677219971751
7,82.0,60.79061439533281,21.20938560466719
8,78.0,63.56367721997175,14.436322780028249
8,40.0,63.56367721997175,-23.56367721997175
6,88.0,58.017551570693875,29.982448429306125
2,42.0,46.925300272138124,-4.925300272138124
6,67.0,58.017551570693875,8.982448429306125
1,56.0,44.15223744749919,11.84776255250081
1,26.0,44.15223744749919,-18.15223744749919
3,56.0,49.69836309677706,6.301636903222942
3,63.0,49.69836309677706,13.301636903222942
5,78.0,55.24448874605494,22.75551125394506
1,68.0,44.15223744749919,23.84776255250081
6,66.0,58.017551570693875,7.982448429306125
7,90.0,60.79061439533281,29.20938560466719
3,65.0,49.69836309677706,15.301636903222942
4,33.0,52.471425921416,-19.471425921416
3,32.0,49.69836309677706,-17.698363096777058
1,74.0,44.15223744749919,29.84776255250081
8,48.0,63.56367721997175,-15.563677219971751
2,57.0,46.925300272138124,10.074699727861876
1,22.0,44.15223744749919,-22.15223744749919
8,69.0,63.56367721997175,5.436322780028249
7,62.0,60.79061439533281,1.2093856046671903
7,52.0,60.79061439533281,-8.79061439533281
4,66.0,52.471425921416,13.528574078584
9,81.0,66.33674004461069,14.663259955389307
6,75.0,58.017551570693875,16.982448429306125
2,80.0,46.925300272138124,33.074699727861876
1,20.0,44.15223744749919,-24.15223744749919
1,40.0,44.15223744749919,-4.152237447499189
9,55.0,66.33674004461069,-11.336740044610693
4,78.0,52.471425921416,25.528574078584
5,76.0,55.24448874605494,20.75551125394506
3,60.0,49.69836309677706,10.301636903222942
4,44.0,52.471425921416,-8.471425921416
8,85.0,63.56367721997175,21.43632278002825
4,56.0,52.471425921416,3.5285740785840005
9,76.0,66.33674004461069,9.663259955389307
9,49.0,66.33674004461069,-17.336740044610693
6,72.0,58.017551570693875,13.982448429306125
2,69.0,46.925300272138124,22.074699727861876
7,72.0,60.79061439533281,11.20938560466719
9,50.0,66.33674004461069,-16.336740044610693
6,57.0,58.017551570693875,-1.0175515706938754
3,56.0,49.69836309677706,6.301636903222942
7,46.0,60.79061439533281,-14.79061439533281
5,45.0,55.24448874605494,-10.244488746054941
1,60.0,44.15223744749919,15.84776255250081
3,22.0,49.69836309677706,-27.698363096777058
5,81.0,55.24448874605494,25.75551125394506
7,54.0,60.79061439533281,-6.79061439533281
3,48.0,49.69836309677706,-1.698363096777058
6,28.0,58.017551570693875,-30.017551570693875
5,73.0,55.24448874605494,17.75551125394506
1,52.0,44.15223744749919,7.847762552500811
6,74.0,58.017551570693875,15.982448429306125
8,84.0,63.56367721997175,20.43632278002825
1,13.0,44.15223744749919,-31.15223744749919
2,57.0,46.925300272138124,10.074699727861876
4,42.0,52.471425921416,-10.471425921416
2,47.0,46.925300272138124,0.0746997278618764
9,48.0,66.33674004461069,-18.336740044610693
8,81.0,63.56367721997175,17.43632278002825
8,63.0,63.56367721997175,-0.5636772199717512
4,43.0,52.471425921416,-9.471425921416
5,71.0,55.24448874605494,15.755511253945059
4,49.0,52.471425921416,-3.4714259214159995
9,43.0,66.33674004461069,-23.336740044610693
2,69.0,46.925300272138124,22.074699727861876
8,34.0,63.56367721997175,-29.56367721997175
2,37.0,46.925300272138124,-9.925300272138124
1,74.0,44.15223744749919,29.84776255250081
3,21.0,49.69836309677706,-28.698363096777058
9,38.0,66.33674004461069,-28.336740044610693
3,67.0,49.69836309677706,17.301636903222942
9,64.0,66.33674004461069,-2.3367400446106927
7,61.0,60.79061439533281,0.20938560466719025
1,46.0,44.15223744749919,1.8477625525008108
5,41.0,55.24448874605494,-14.244488746054941
9,58.0,66.33674004461069,-8.336740044610693
3,40.0,49.69836309677706,-9.698363096777058
9,92.0,66.33674004461069,25.663259955389307
5,86.0,55.24448874605494,30.75551125394506
9,77.0,66.33674004461069,10.663259955389307
6,52.0,58.017551570693875,-6.017551570693875
9,47.0,66.33674004461069,-19.336740044610693
7,70.0,60.79061439533281,9.20938560466719
7,57.0,60.79061439533281,-3.7906143953328097
8,90.0,63.56367721997175,26.43632278002825
7,32.0,60.79061439533281,-28.79061439533281
9,93.0,66.33674004461069,26.663259955389307
9,94.0,66.33674004461069,27.663259955389307
6,42.0,58.017551570693875,-16.017551570693875
7,82.0,60.79061439533281,21.20938560466719
2,58.0,46.925300272138124,11.074699727861876
9,68.0,66.33674004461069,1.6632599553893073
1,25.0,44.15223744749919,-19.15223744749919
1,30.0,44.15223744749919,-14.15223744749919
3,46.0,49.69836309677706,-3.698363096777058
6,86.0,58.017551570693875,27.982448429306125
5,42.0,55.24448874605494,-13.244488746054941
2,49.0,46.925300272138124,2.0746997278618764
9,70.0,66.33674004461069,3.6632599553893073
4,74.0,52.471425921416,21.528574078584
4,26.0,52.471425921416,-26.471425921416
5,56.0,55.24448874605494,0.755511253945059
8,54.0,63.56367721997175,-9.563677219971751
4,48.0,52.471425921416,-4.4714259214159995
5,70.0,55.24448874605494,14.755511253945059
4,22.0,52.471425921416,-30.471425921416
6,62.0,58.017551570693875,3.9824484293061246
3,33.0,49.69836309677706,-16.698363096777058
8,93.0,63.56367721997175,29.43632278002825
6,62.0,58.017551570693875,3.9824484293061246
5,31.0,55.24448874605494,-24.24448874605494
2,60.0,46.925300272138124,13.074699727861876
7,50.0,60.79061439533281,-10.79061439533281
2,67.0,46.925300272138124,20.074699727861876
1,17.0,44.15223744749919,-27.15223744749919
7,82.0,60.79061439533281,21.20938560466719
5,41.0,55.24448874605494,-14.244488746054941
1,24.0,44.15223744749919,-20.15223744749919
4,78.0,52.471425921416,25.528574078584
4,80.0,52.471425921416,27.528574078584
7,93.0,60.79061439533281,32.20938560466719
9,64.0,66.33674004461069,-2.3367400446106927
2,60.0,46.925300272138124,13.074699727861876
1,18.0,44.15223744749919,-26.15223744749919
2,28.0,46.925300272138124,-18.925300272138124
7,54.0,60.79061439533281,-6.79061439533281
6,71.0,58.017551570693875,12.982448429306125
4,68.0,52.471425921416,15.528574078584
1,23.0,44.15223744749919,-21.15223744749919
1,20.0,44.15223744749919,-24.15223744749919
5,37.0,55.24448874605494,-18.24448874605494
1,47.0,44.15223744749919,2.847762552500811
7,81.0,60.79061439533281,20.20938560466719
1,18.0,44.15223744749919,-26.15223744749919
1,16.0,44.15223744749919,-28.15223744749919
2,49.0,46.925300272138124,2.0746997278618764
3,33.0,49.69836309677706,-16.698363096777058
1,60.0,44.15223744749919,15.84776255250081
9,55.0,66.33674004461069,-11.336740044610693
8,75.0,63.56367721997175,11.436322780028249
5,81.0,55.24448874605494,25.75551125394506
2,64.0,46.925300272138124,17.074699727861876
5,41.0,55.24448874605494,-14.244488746054941
6,68.0,58.017551570693875,9.982448429306125
1,59.0,44.15223744749919,14.84776255250081
4,44.0,52.471425921416,-8.471425921416
9,55.0,66.33674004461069,-11.336740044610693
2,54.0,46.925300272138124,7.074699727861876
5,53.0,55.24448874605494,-2.244488746054941
1,24.0,44.15223744749919,-20.15223744749919
4,37.0,52.471425921416,-15.471425921416
4,65.0,52.471425921416,12.528574078584
6,69.0,58.017551570693875,10.982448429306125
9,82.0,66.33674004461069,15.663259955389307
3,39.0,49.69836309677706,-10.698363096777058
9,54.0,66.33674004461069,-12.336740044610693
6,36.0,58.017551570693875,-22.017551570693875
7,55.0,60.79061439533281,-5.79061439533281
2,78.0,46.925300272138124,31.074699727861876
6,73.0,58.017551570693875,14.982448429306125
6,49.0,58.017551570693875,-9.017551570693875
2,74.0,46.925300272138124,27.074699727861876
2,51.0,46.925300272138124,4.074699727861876
2,37.0,46.925300272138124,-9.925300272138124
1,16.0,44.15223744749919,-28.15223744749919
5,84.0,55.24448874605494,28.75551125394506
8,47.0,63.56367721997175,-16.56367721997175
2,70.0,46.925300272138124,23.074699727861876
5,28.0,55.24448874605494,-27.24448874605494
8,72.0,63.56367721997175,8.436322780028249
5,60.0,55.24448874605494,4.755511253945059
2,67.0,46.925300272138124,20.074699727861876
3,33.0,49.69836309677706,-16.698363096777058
6,58.0,58.017551570693875,-0.017551570693875362
5,36.0,55.24448874605494,-19.24448874605494
4,35.0,52.471425921416,-17.471425921416
4,56.0,52.471425921416,3.5285740785840005
5,71.0,55.24448874605494,15.755511253945059
2,51.0,46.925300272138124,4.074699727861876
9,88.0,66.33674004461069,21.663259955389307
2,36.0,46.925300272138124,-10.925300272138124
2,50.0,46.925300272138124,3.0746997278618764
9,42.0,66.33674004461069,-24.336740044610693
3,44.0,49.69836309677706,-5.698363096777058
7,42.0,60.79061439533281,-18.79061439533281
4,75.0,52.471425921416,22.528574078584
6,34.0,58.017551570693875,-24.017551570693875
4,54.0,52.471425921416,1.5285740785840005
7,36.0,60.79061439533281,-24.79061439533281
1,53.0,44.15223744749919,8.84776255250081
3,24.0,49.69836309677706,-25.698363096777058
3,30.0,49.69836309677706,-19.698363096777058
1,13.0,44.15223744749919,-31.15223744749919
6,43.0,58.017551570693875,-15.017551570693875
9,56.0,66.33674004461069,-10.336740044610693
8,50.0,63.56367721997175,-13.563677219971751
7,67.0,60.79061439533281,6.20938560466719
8,74.0,63.56367721997175,10.436322780028249
6,73.0,58.017551570693875,14.982448429306125
9,90.0,66.33674004461069,23.663259955389307
3,42.0,49.69836309677706,-7.698363096777058
9,77.0,66.33674004461069,10.663259955389307
4,84.0,52.471425921416,31.528574078584
7,37.0,60.79061439533281,-23.79061439533281
9,91.0,66.33674004461069,24.663259955389307
2,34.0,46.925300272138124,-12.925300272138124
2,40.0,46.925300272138124,-6.925300272138124
9,53.0,66.33674004461069,-13.336740044610693
3,63.0,49.69836309677706,13.301636903222942
9,82.0,66.33674004461069,15.663259955389307
5,73.0,55.24448874605494,17.75551125394506
6,86.0,58.017551570693875,27.982448429306125
2,56.0,46.925300272138124,9.074699727861876
8,94.0,63.56367721997175,30.43632278002825
9,74.0,66.33674004461069,7.663259955389307
2,37.0,46.925300272138124,-9.925300272138124
6,69.0,58.017551570693875,10.982448429306125
6,79.0,58.017551570693875,20.982448429306125
8,83.0,63.56367721997175,19.43632278002825
5,50.0,55.24448874605494,-5.244488746054941
9,47.0,66.33674004461069,-19.336740044610693
1,53.0,44.15223744749919,8.84776255250081
9,62.0,66.33674004461069,-4.336740044610693
7,75.0,60.79061439533281,14.20938560466719
4,48.0,52.471425921416,-4.4714259214159995
3,40.0,49.69836309677706,-9.698363096777058
6,45.0,58.017551570693875,-13.017551570693875
1,27.0,44.15223744749919,-17.15223744749919
3,32.0,49.69836309677706,-17.698363096777058
2,20.0,46.925300272138124,-26.925300272138124
9,80.0,66.33674004461069,13.663259955389307
3,51.0,49.69836309677706,1.301636903222942
2,44.0,46.925300272138124,-2.9253002721381236
4,29.0,52.471425921416,-23.471425921416
2,46.0,46.925300272138124,-0.9253002721381236
1,37.0,44.15223744749919,-7.152237447499189
6,44.0,58.017551570693875,-14.017551570693875
8,90.0,63.56367721997175,26.43632278002825
2,75.0,46.925300272138124,28.074699727861876
9,84.0,66.33674004461069,17.663259955389307
3,44.0,49.69836309677706,-5.698363096777058
8,91.0,63.56367721997175,27.43632278002825
8,94.0,63.56367721997175,30.43632278002825
3,69.0,49.69836309677706,19.301636903222942
3,57.0,49.69836309677706,7.301636903222942
6,55.0,58.017551570693875,-3.0175515706938754
1,61.0,44.15223744749919,16.84776255250081
4,54.0,52.471425921416,1.5285740785840005
1,12.0,44.15223744749919,-32.15223744749919
3,62.0,49.69836309677706,12.301636903222942
9,40.0,66.33674004461069,-26.336740044610693
5,57.0,55.24448874605494,1.755511253945059
5,33.0,55.24448874605494,-22.24448874605494
4,71.0,52.471425921416,18.528574078584
3,26.0,49.69836309677706,-23.698363096777058
5,39.0,55.24448874605494,-16.24448874605494
4,74.0,52.471425921416,21.528574078584
8,56.0,63.56367721997175,-7.563677219971751
4,45.0,52.471425921416,-7.4714259214159995
8,61.0,63.56367721997175,-2.5636772199717512
6,45.0,58.017551570693875,-13.017551570693875
5,43.0,55.24448874605494,-12.244488746054941
4,68.0,52.471425921416,15.528574078584
4,79.0,52.471425921416,26.528574078584
4,40.0,52.471425921416,-12.471425921416
9,37.0,66.33674004461069,-29.336740044610693
4,72.0,52.471425921416,19.528574078584
9,67.0,66.33674004461069,0.6632599553893073
6,93.0,58.017551570693875,34.982448429306125
7,85.0,60.79061439533281,24.20938560466719
3,26.0,49.69836309677706,-23.698363096777058
8,84.0,63.56367721997175,20.43632278002825
3,45.0,49.69836309677706,-4.698363096777058
1,41.0,44.15223744749919,-3.152237447499189
5,39.0,55.24448874605494,-16.24448874605494
2,28.0,46.925300272138124,-18.925300272138124
6,48.0,58.017551570693875,-10.017551570693875
9,46.0,66.33674004461069,-20.336740044610693
1,38.0,44.15223744749919,-6.152237447499189
4,87.0,52.471425921416,34.528574078584
1,50.0,44.15223744749919,5.847762552500811
1,63.0,44.15223744749919,18.84776255250081
8,89.0,63.56367721997175,25.43632278002825
2,19.0,46.925300272138124,-27.925300272138124
1,56.0,44.15223744749919,11.84776255250081
8,82.0,63.56367721997175,18.43632278002825
4,60.0,52.471425921416,7.5285740785840005
3,67.0,49.69836309677706,17.301636903222942
4,50.0,52.471425921416,-2.4714259214159995
5,52.0,55.24448874605494,-3.244488746054941
1,17.0,44.15223744749919,-27.15223744749919
1,61.0,44.15223744749919,16.84776255250081
3,22.0,49.69836309677706,-27.698363096777058
6,79.0,58.017551570693875,20.982448429306125
1,15.0,44.15223744749919,-29.15223744749919
2,34.0,46.925300272138124,-12.925300272138124
7,83.0,60.79061439533281,22.20938560466719
1,71.0,44.15223744749919,26.84776255250081
7,47.0,60.79061439533281,-13.79061439533281
4,70.0,52.471425921416,17.528574078584
6,58.0,58.017551570693875,-0.017551570693875362
8,74.0,63.56367721997175,10.436322780028249
9,34.0,66.33674004461069,-32.33674004461069
6,66.0,58.017551570693875,7.982448429306125
9,73.0,66.33674004461069,6.663259955389307
4,72.0,52.471425921416,19.528574078584
6,34.0,58.017551570693875,-24.017551570693875
8,80.0,63.56367721997175,16.43632278002825
9,49.0,66.33674004461069,-17.336740044610693
3,69.0,49.69836309677706,19.301636903222942
2,16.0,46.925300272138124,-30.925300272138124
6,46.0,58.017551570693875,-12.017551570693875
4,50.0,52.471425921416,-2.4714259214159995
1,67.0,44.15223744749919,22.84776255250081
8,37.0,63.56367721997175,-26.56367721997175
9,78.0,66.33674004461069,11.663259955389307
9,62.0,66.33674004461069,-4.336740044610693
2,18.0,46.925300272138124,-28.925300272138124
9,83.0,66.33674004461069,16.663259955389307
7,42.0,60.79061439533281,-18.79061439533281
5,36.0,55.24448874605494,-19.24448874605494
7,64.0,60.79061439533281,3.2093856046671903
9,47.0,66.33674004461069,-19.336740044610693
8,48.0,63.56367721997175,-15.563677219971751
6,63.0,58.017551570693875,4.982448429306125
4,31.0,52.471425921416,-21.471425921416
1,54.0,44.15223744749919,9.84776255250081
6,46.0,58.017551570693875,-12.017551570693875
3,53.0,49.69836309677706,3.301636903222942
6,86.0,58.017551570693875,27.982448429306125
6,34.0,58.017551570693875,-24.017551570693875
4,66.0,52.471425921416,13.528574078584
2,53.0,46.925300272138124,6.074699727861876
9,32.0,66.33674004461069,-34.33674004461069
2,32.0,46.925300272138124,-14.925300272138124
3,26.0,49.69836309677706,-23.698363096777058
1,59.0,44.15223744749919,14.84776255250081
7,45.0,60.79061439533281,-15.79061439533281
1,54.0,44.15223744749919,9.84776255250081
9,89.0,66.33674004461069,22.663259955389307
1,35.0,44.15223744749919,-9.15223744749919
5,40.0,55.24448874605494,-15.244488746054941
7,49.0,60.79061439533281,-11.79061439533281
3,46.0,49.69836309677706,-3.698363096777058
9,63.0,66.33674004461069,-3.3367400446106927
8,43.0,63.56367721997175,-20.56367721997175
3,44.0,49.69836309677706,-5.698363096777058
5,48.0,55.24448874605494,-7.244488746054941
7,53.0,60.79061439533281,-7.79061439533281
4,32.0,52.471425921416,-20.471425921416
5,58.0,55.24448874605494,2.755511253945059
3,50.0,49.69836309677706,0.301636903222942
9,39.0,66.33674004461069,-27.336740044610693
9,41.0,66.33674004461069,-25.336740044610693
7,61.0,60.79061439533281,0.20938560466719025
2,49.0,46.925300272138124,2.0746997278618764
7,84.0,60.79061439533281,23.20938560466719
7,32.0,60.79061439533281,-28.79061439533281
5,32.0,55.24448874605494,-23.24448874605494
9,60.0,66.33674004461069,-6.336740044610693
3,67.0,49.69836309677706,17.301636903222942
4,46.0,52.471425921416,-6.4714259214159995
1,56.0,44.15223744749919,11.84776255250081
6,74.0,58.017551570693875,15.982448429306125
4,28.0,52.471425921416,-24.471425921416
1,52.0,44.15223744749919,7.847762552500811
2,28.0,46.925300272138124,-18.925300272138124
3,18.0,49.69836309677706,-31.698363096777058
9,45.0,66.33674004461069,-21.336740044610693
8,41.0,63.56367721997175,-22.56367721997175
7,78.0,60.79061439533281,17.20938560466719
4,48.0,52.471425921416,-4.4714259214159995
1,26.0,44.15223744749919,-18.15223744749919
8,86.0,63.56367721997175,22.43632278002825
4,56.0,52.471425921416,3.5285740785840005
3,77.0,49.69836309677706,27.301636903222942
9,95.0,66.33674004461069,28.663259955389307
4,47.0,52.471425921416,-5.4714259214159995
4,62.0,52.471425921416,9.528574078584
9,87.0,66.33674004461069,20.663259955389307
2,40.0,46.925300272138124,-6.925300272138124
5,35.0,55.24448874605494,-20.24448874605494
4,60.0,52.471425921416,7.5285740785840005
9,41.0,66.33674004461069,-25.336740044610693
5,67.0,55.24448874605494,11.755511253945059
9,70.0,66.33674004461069,3.6632599553893073
9,55.0,66.33674004461069,-11.336740044610693
2,54.0,46.925300272138124,7.074699727861876
9,72.0,66.33674004461069,5.663259955389307
3,26.0,49.69836309677706,-23.698363096777058
4,77.0,52.471425921416,24.528574078584
1,67.0,44.15223744749919,22.84776255250081
1,39.0,44.15223744749919,-5.152237447499189
1,54.0,44.15223744749919,9.84776255250081
9,43.0,66.33674004461069,-23.336740044610693
8,89.0,63.56367721997175,25.43632278002825
5,28.0,55.24448874605494,-27.24448874605494
5,80.0,55.24448874605494,24.75551125394506
9,51.0,66.33674004461069,-15.336740044610693
3,23.0,49.69836309677706,-26.698363096777058
3,79.0,49.69836309677706,29.301636903222942
7,77.0,60.79061439533281,16.20938560466719
9,89.0,66.33674004461069,22.663259955389307
6,80.0,58.017551570693875,21.982448429306125
2,57.0,46.925300272138124,10.074699727861876
1,20.0,44.15223744749919,-24.15223744749919
2,68.0,46.925300272138124,21.074699727861876
1,71.0,44.15223744749919,26.84776255250081
9,88.0,66.33674004461069,21.663259955389307
8,85.0,63.56367721997175,21.43632278002825
7,77.0,60.79061439533281,16.20938560466719
3,66.0,49.69836309677706,16.301636903222942
8,61.0,63.56367721997175,-2.5636772199717512
2,74.0,46.925300272138124,27.074699727861876
2,48.0,46.925300272138124,1.0746997278618764
3,18.0,49.69836309677706,-31.698363096777058
7,59.0,60.79061439533281,-1.7906143953328097
1,55.0,44.15223744749919,10.84776255250081
8,47.0,63.56367721997175,-16.56367721997175
7,52.0,60.79061439533281,-8.79061439533281
4,50.0,52.471425921416,-2.4714259214159995
5,77.0,55.24448874605494,21.75551125394506
1,25.0,44.15223744749919,-19.15223744749919
4,35.0,52.471425921416,-17.471425921416
1,65.0,44.15223744749919,20.84776255250081
1,40.0,44.15223744749919,-4.152237447499189
1,70.0,44.15223744749919,25.84776255250081
7,61.0,60.79061439533281,0.20938560466719025
7,89.0,60.79061439533281,28.20938560466719
4,77.0,52.471425921416,24.528574078584
2,22.0,46.925300272138124,-24.925300272138124
3,55.0,49.69836309677706,5.301636903222942
8,52.0,63.56367721997175,-11.563677219971751
8,88.0,63.56367721997175,24.43632278002825
6,44.0,58.017551570693875,-14.017551570693875
9,39.0,66.33674004461069,-27.336740044610693
9,80.0,66.33674004461069,13.663259955389307
4,35.0,52.471425921416,-17.471425921416
1,52.0,44.15223744749919,7.847762552500811
1,34.0,44.15223744749919,-10.15223744749919
5,33.0,55.24448874605494,-22.24448874605494
2,64.0,46.925300272138124,17.074699727861876
6,65.0,58.017551570693875,6.982448429306125
7,55.0,60.79061439533281,-5.79061439533281
1,58.0,44.15223744749919,13.84776255250081
6,29.0,58.017551570693875,-29.017551570693875
8,65.0,63.56367721997175,1.4363227800282488
5,80.0,55.24448874605494,24.75551125394506
7,55.0,60.79061439533281,-5.79061439533281
6,78.0,58.017551570693875,19.982448429306125
4,22.0,52.471425921416,-30.471425921416
7,53.0,60.79061439533281,-7.79061439533281
9,77.0,66.33674004461069,10.663259955389307
7,41.0,60.79061439533281,-19.79061439533281
5,69.0,55.24448874605494,13.755511253945059
7,47.0,60.79061439533281,-13.79061439533281
3,64.0,49.69836309677706,14.301636903222942
2,28.0,46.925300272138124,-18.925300272138124
5,35.0,55.24448874605494,-20.24448874605494
4,63.0,52.471425921416,10.528574078584
5,71.0,55.24448874605494,15.755511253945059
8,78.0,63.56367721997175,14.436322780028249
4,32.0,52.471425921416,-20.471425921416
9,40.0,66.33674004461069,-26.336740044610693
7,55.0,60.79061439533281,-5.79061439533281
7,42.0,60.79061439533281,-18.79061439533281
8,88.0,63.56367721997175,24.43632278002825
6,43.0,58.017551570693875,-15.017551570693875
8,66.0,63.56367721997175,2.4363227800282488
3,33.0,49.69836309677706,-16.698363096777058
1,12.0,44.15223744749919,-32.15223744749919
6,32.0,58.017551570693875,-26.017551570693875
1,48.0,44.15223744749919,3.847762552500811
9,56.0,66.33674004461069,-10.336740044610693
2,73.0,46.925300272138124,26.074699727861876
2,65.0,46.925300272138124,18.074699727861876
7,83.0,60.79061439533281,22.20938560466719
2,53.0,46.925300272138124,6.074699727861876
8,39.0,63.56367721997175,-24.56367721997175
6,32.0,58.017551570693875,-26.017551570693875
7,55.0,60.79061439533281,-5.79061439533281
7,76.0,60.79061439533281,15.20938560466719
6,69.0,58.017551570693875,10.982448429306125
9,54.0,66.33674004461069,-12.336740044610693
9,89.0,66.33674004461069,22.663259955389307
7,87.0,60.79061439533281,26.20938560466719
9,66.0,66.33674004461069,-0.33674004461069273
3,65.0,49.69836309677706,15.301636903222942
3,71.0,49.69836309677706,21.301636903222942
1,27.0,44.15223744749919,-17.15223744749919
5,38.0,55.24448874605494,-17.24448874605494
4,43.0,52.471425921416,-9.471425921416
2,38.0,46.925300272138124,-8.925300272138124
9,59.0,66.33674004461069,-7.336740044610693
3,44.0,49.69836309677706,-5.698363096777058
8,39.0,63.56367721997175,-24.56367721997175
6,67.0,58.017551570693875,8.982448429306125
5,70.0,55.24448874605494,14.755511253945059
1,24.0,44.15223744749919,-20.15223744749919
4,31.0,52.471425921416,-21.471425921416
3,24.0,49.69836309677706,-25.698363096777058
1,61.0,44.15223744749919,16.84776255250081
5,59.0,55.24448874605494,3.755511253945059
6,87.0,58.017551570693875,28.982448429306125
2,68.0,46.925300272138124,21.074699727861876
3,62.0,49.69836309677706,12.301636903222942
6,50.0,58.017551570693875,-8.017551570693875
4,27.0,52.471425921416,-25.471425921416
9,36.0,66.33674004461069,-30.336740044610693
5,43.0,55.24448874605494,-12.244488746054941
4,35.0,52.471425921416,-17.471425921416
2,29.0,46.925300272138124,-17.925300272138124
6,56.0,58.017551570693875,-2.0175515706938754
2,41.0,46.925300272138124,-5.925300272138124
7,37.0,60.79061439533281,-23.79061439533281
3,26.0,49.69836309677706,-23.698363096777058
9,46.0,66.33674004461069,-20.336740044610693
5,75.0,55.24448874605494,19.75551125394506
8,40.0,63.56367721997175,-23.56367721997175
6,36.0,58.017551570693875,-22.017551570693875
8,62.0,63.56367721997175,-1.5636772199717512
3,47.0,49.69836309677706,-2.698363096777058
3,39.0,49.69836309677706,-10.698363096777058
5,57.0,55.24448874605494,1.755511253945059
3,20.0,49.69836309677706,-29.698363096777058
8,87.0,63.56367721997175,23.43632278002825
8,31.0,63.56367721997175,-32.56367721997175
2,57.0,46.925300272138124,10.074699727861876
4,37.0,52.471425921416,-15.471425921416
1,29.0,44.15223744749919,-15.15223744749919
4,48.0,52.471425921416,-4.4714259214159995
4,41.0,52.471425921416,-11.471425921416
9,43.0,66.33674004461069,-23.336740044610693
3,70.0,49.69836309677706,20.301636903222942
2,54.0,46.925300272138124,7.074699727861876
9,77.0,66.33674004461069,10.663259955389307
9,40.0,66.33674004461069,-26.336740044610693
1,39.0,44.15223744749919,-5.152237447499189
6,38.0,58.017551570693875,-20.017551570693875
8,61.0,63.56367721997175,-2.5636772199717512
3,59.0,49.69836309677706,9.301636903222942
9,68.0,66.33674004461069,1.6632599553893073
2,59.0,46.925300272138124,12.074699727861876
6,55.0,58.017551570693875,-3.0175515706938754
1,63.0,44.15223744749919,18.84776255250081
7,47.0,60.79061439533281,-13.79061439533281
3,49.0,49.69836309677706,-0.698363096777058
7,64.0,60.79061439533281,3.2093856046671903
4,72.0,52.471425921416,19.528574078584
9,46.0,66.33674004461069,-20.336740044610693
5,55.0,55.24448874605494,-0.24448874605494098
3,73.0,49.69836309677706,23.301636903222942
8,41.0,63.56367721997175,-22.56367721997175
6,50.0,58.017551570693875,-8.017551570693875
2,61.0,46.925300272138124,14.074699727861876
3,60.0,49.69836309677706,10.301636903222942
8,52.0,63.56367721997175,-11.563677219971751
7,31.0,60.79061439533281,-29.79061439533281
6,66.0,58.017551570693875,7.982448429306125
1,16.0,44.15223744749919,-28.15223744749919
9,93.0,66.33674004461069,26.663259955389307
3,59.0,49.69836309677706,9.301636903222942
5,78.0,55.24448874605494,22.75551125394506
7,79.0,60.79061439533281,18.20938560466719
7,50.0,60.79061439533281,-10.79061439533281
3,38.0,49.69836309677706,-11.698363096777058
4,80.0,52.471425921416,27.528574078584
7,58.0,60.79061439533281,-2.7906143953328097
8,44.0,63.56367721997175,-19.56367721997175
2,70.0,46.925300272138124,23.074699727861876
9,45.0,66.33674004461069,-21.336740044610693
7,40.0,60.79061439533281,-20.79061439533281
8,57.0,63.56367721997175,-6.563677219971751
6,61.0,58.017551570693875,2.9824484293061246
6,72.0,58.017551570693875,13.982448429306125
9,83.0,66.33674004461069,16.663259955389307
4,36.0,52.471425921416,-16.471425921416
5,61.0,55.24448874605494,5.755511253945059
9,90.0,66.33674004461069,23.663259955389307
1,22.0,44.15223744749919,-22.15223744749919
4,35.0,52.471425921416,-17.471425921416
7,59.0,60.79061439533281,-1.7906143953328097
9,89.0,66.33674004461069,22.663259955389307
6,66.0,58.017551570693875,7.982448429306125
8,88.0,63.56367721997175,24.43632278002825
9,91.0,66.33674004461069,24.663259955389307
4,53.0,52.471425921416,0.5285740785840005
1,64.0,44.15223744749919,19.84776255250081
8,40.0,63.56367721997175,-23.56367721997175
2,24.0,46.925300272138124,-22.925300272138124
1,59.0,44.15223744749919,14.84776255250081
7,49.0,60.79061439533281,-11.79061439533281
9,85.0,66.33674004461069,18.663259955389307
9,47.0,66.33674004461069,-19.336740044610693
3,54.0,49.69836309677706,4.301636903222942
6,82.0,58.017551570693875,23.982448429306125
7,31.0,60.79061439533281,-29.79061439533281
9,67.0,66.33674004461069,0.6632599553893073
2,58.0,46.925300272138124,11.074699727861876
8,36.0,63.56367721997175,-27.56367721997175
7,66.0,60.79061439533281,5.20938560466719
4,39.0,52.471425921416,-13.471425921416
2,61.0,46.925300272138124,14.074699727861876
8,64.0,63.56367721997175,0.43632278002824876
5,31.0,55.24448874605494,-24.24448874605494
6,39.0,58.017551570693875,-19.017551570693875
7,78.0,60.79061439533281,17.20938560466719
1,43.0,44.15223744749919,-1.1522374474991892
8,62.0,63.56367721997175,-1.5636772199717512
4,80.0,52.471425921416,27.528574078584
9,51.0,66.33674004461069,-15.336740044610693
1,40.0,44.15223744749919,-4.152237447499189
2,48.0,46.925300272138124,1.0746997278618764
6,38.0,58.017551570693875,-20.017551570693875
1,61.0,44.15223744749919,16.84776255250081
4,42.0,52.471425921416,-10.471425921416
8,57.0,63.56367721997175,-6.563677219971751
5,26.0,55.24448874605494,-29.24448874605494
9,58.0,66.33674004461069,-8.336740044610693
6,40.0,58.017551570693875,-18.017551570693875
1,26.0,44.15223744749919,-18.15223744749919
6,78.0,58.017551570693875,19.982448429306125
6,62.0,58.017551570693875,3.9824484293061246
6,90.0,58.017551570693875,31.982448429306125
8,50.0,63.56367721997175,-13.563677219971751
6,57.0,58.017551570693875,-1.0175515706938754
5,62.0,55.24448874605494,6.755511253945059
2,74.0,46.925300272138124,27.074699727861876
4,74.0,52.471425921416,21.528574078584
5,40.0,55.24448874605494,-15.244488746054941
4,81.0,52.471425921416,28.528574078584
2,45.0,46.925300272138124,-1.9253002721381236
7,50.0,60.79061439533281,-10.79061439533281
2,17.0,46.925300272138124,-29.925300272138124
1,31.0,44.15223744749919,-13.15223744749919
5,40.0,55.24448874605494,-15.244488746054941
1,61.0,44.15223744749919,16.84776255250081
1,26.0,44.15223744749919,-18.15223744749919
1,20.0,44.15223744749919,-24.15223744749919
6,73.0,58.017551570693875,14.982448429306125
9,55.0,66.33674004461069,-11.336740044610693
1,37.0,44.15223744749919,-7.152237447499189
5,35.0,55.24448874605494,-20.24448874605494
9,90.0,66.33674004461069,23.663259955389307
9,36.0,66.33674004461069,-30.336740044610693
1,38.0,44.15223744749919,-6.152237447499189
8,65.0,63.56367721997175,1.4363227800282488
1,66.0,44.15223744749919,21.84776255250081
8,88.0,63.56367721997175,24.43632278002825
1,53.0,44.15223744749919,8.84776255250081
5,27.0,55.24448874605494,-28.24448874605494
8,90.0,63.56367721997175,26.43632278002825
6,50.0,58.017551570693875,-8.017551570693875
9,49.0,66.33674004461069,-17.336740044610693
1,71.0,44.15223744749919,26.84776255250081
9,72.0,66.33674004461069,5.663259955389307
1,21.0,44.15223744749919,-23.15223744749919
3,73.0,49.69836309677706,23.301636903222942
1,68.0,44.15223744749919,23.84776255250081
3,74.0,49.69836309677706,24.301636903222942
2,72.0,46.925300272138124,25.074699727861876
2,38.0,46.925300272138124,-8.925300272138124
9,78.0,66.33674004461069,11.663259955389307
8,55.0,63.56367721997175,-8.563677219971751
1,24.0,44.15223744749919,-20.15223744749919
4,72.0,52.471425921416,19.528574078584
1,38.0,44.15223744749919,-6.152237447499189
1,73.0,44.15223744749919,28.84776255250081
4,60.0,52.471425921416,7.5285740785840005
2,38.0,46.925300272138124,-8.925300272138124
3,74.0,49.69836309677706,24.301636903222942
9,86.0,66.33674004461069,19.663259955389307
2,62.0,46.925300272138124,15.074699727861876
4,80.0,52.471425921416,27.528574078584
1,62.0,44.15223744749919,17.84776255250081
2,22.0,46.925300272138124,-24.925300272138124
5,28.0,55.24448874605494,-27.24448874605494
1,41.0,44.15223744749919,-3.152237447499189
7,34.0,60.79061439533281,-26.79061439533281
4,52.0,52.471425921416,-0.4714259214159995
6,71.0,58.017551570693875,12.982448429306125
8,68.0,63.56367721997175,4.436322780028249
6,47.0,58.017551570693875,-11.017551570693875
2,73.0,46.925300272138124,26.074699727861876
1,33.0,44.15223744749919,-11.15223744749919
8,83.0,63.56367721997175,19.43632278002825
8,48.0,63.56367721997175,-15.563677219971751
9,39.0,66.33674004461069,-27.336740044610693
6,29.0,58.017551570693875,-29.017551570693875
1,36.0,44.15223744749919,-8.15223744749919
9,94.0,66.33674004461069,27.663259955389307
3,73.0,49.69836309677706,23.301636903222942
6,28.0,58.017551570693875,-30.017551570693875
9,49.0,66.33674004461069,-17.336740044610693
3,73.0,49.69836309677706,23.301636903222942
5,83.0,55.24448874605494,27.75551125394506
5,73.0,55.24448874605494,17.75551125394506
7,50.0,60.79061439533281,-10.79061439533281
4,74.0,52.471425921416,21.528574078584
4,71.0,52.471425921416,18.528574078584
7,92.0,60.79061439533281,31.20938560466719
9,78.0,66.33674004461069,11.663259955389307
4,64.0,52.471425921416,11.528574078584
4,37.0,52.471425921416,-15.471425921416
6,49.0,58.017551570693875,-9.017551570693875
6,53.0,58.017551570693875,-5.017551570693875
7,95.0,60.79061439533281,34.20938560466719
1,50.0,44.15223744749919,5.847762552500811
3,62.0,49.69836309677706,12.301636903222942
9,74.0,66.33674004461069,7.663259955389307
6,70.0,58.017551570693875,11.982448429306125
6,29.0,58.017551570693875,-29.017551570693875
5,81.0,55.24448874605494,25.75551125394506
3,58.0,49.69836309677706,8.301636903222942
5,57.0,55.24448874605494,1.755511253945059
1,61.0,44.15223744749919,16.84776255250081
3,56.0,49.69836309677706,6.301636903222942
4,44.0,52.471425921416,-8.471425921416
5,30.0,55.24448874605494,-25.24448874605494
9,53.0,66.33674004461069,-13.336740044610693
4,67.0,52.471425921416,14.528574078584
3,21.0,49.69836309677706,-28.698363096777058
1,35.0,44.15223744749919,-9.15223744749919
6,77.0,58.017551570693875,18.982448429306125
7,72.0,60.79061439533281,11.20938560466719
8,52.0,63.56367721997175,-11.563677219971751
1,15.0,44.15223744749919,-29.15223744749919
4,67.0,52.471425921416,14.528574078584
5,55.0,55.24448874605494,-0.24448874605494098
2,73.0,46.925300272138124,26.074699727861876
1,25.0,44.15223744749919,-19.15223744749919
8,90.0,63.56367721997175,26.43632278002825
6,74.0,58.017551570693875,15.982448429306125
5,53.0,55.24448874605494,-2.244488746054941
9,79.0,66.33674004461069,12.663259955389307
2,59.0,46.925300272138124,12.074699727861876
8,40.0,63.56367721997175,-23.56367721997175
9,39.0,66.33674004461069,-27.336740044610693
1,49.0,44.15223744749919,4.847762552500811
7,41.0,60.79061439533281,-19.79061439533281
8,39.0,63.56367721997175,-24.56367721997175
3,57.0,49.69836309677706,7.301636903222942
4,66.0,52.471425921416,13.528574078584
3,59.0,49.69836309677706,9.301636903222942
7,40.0,60.79061439533281,-20.79061439533281
9,47.0,66.33674004461069,-19.336740044610693
3,65.0,49.69836309677706,15.301636903222942
6,86.0,58.017551570693875,27.982448429306125
8,75.0,63.56367721997175,11.436322780028249
6,30.0,58.017551570693875,-28.017551570693875
2,26.0,46.925300272138124,-20.925300272138124
7,49.0,60.79061439533281,-11.79061439533281
2,52.0,46.925300272138124,5.074699727861876
2,47.0,46.925300272138124,0.0746997278618764
2,64.0,46.925300272138124,17.074699727861876
1,28.0,44.15223744749919,-16.15223744749919
1,48.0,44.15223744749919,3.847762552500811
7,47.0,60.79061439533281,-13.79061439533281
5,37.0,55.24448874605494,-18.24448874605494
3,54.0,49.69836309677706,4.301636903222942
1,18.0,44.15223744749919,-26.15223744749919
6,37.0,58.017551570693875,-21.017551570693875
1,41.0,44.15223744749919,-3.152237447499189
9,96.0,66.33674004461069,29.663259955389307
2,69.0,46.925300272138124,22.074699727861876
1,64.0,44.15223744749919,19.84776255250081
7,48.0,60.79061439533281,-12.79061439533281
6,59.0,58.017551570693875,0.9824484293061246
6,39.0,58.017551570693875,-19.017551570693875
5,80.0,55.24448874605494,24.75551125394506
4,38.0,52.471425921416,-14.471425921416
4,26.0,52.471425921416,-26.471425921416
3,27.0,49.69836309677706,-22.698363096777058
8,50.0,63.56367721997175,-13.563677219971751
7,89.0,60.79061439533281,28.20938560466719
9,45.0,66.33674004461069,-21.336740044610693
1,42.0,44.15223744749919,-2.152237447499189
7,80.0,60.79061439533281,19.20938560466719
4,48.0,52.471425921416,-4.4714259214159995
7,59.0,60.79061439533281,-1.7906143953328097
1,53.0,44.15223744749919,8.84776255250081
5,72.0,55.24448874605494,16.75551125394506
3,46.0,49.69836309677706,-3.698363096777058
5,75.0,55.24448874605494,19.75551125394506
4,25.0,52.471425921416,-27.471425921416
2,36.0,46.925300272138124,-10.925300272138124
4,24.0,52.471425921416,-28.471425921416
3,31.0,49.69836309677706,-18.698363096777058
1,39.0,44.15223744749919,-5.152237447499189
8,81.0,63.56367721997175,17.43632278002825
5,63.0,55.24448874605494,7.755511253945059
4,81.0,52.471425921416,28.528574078584
5,63.0,55.24448874605494,7.755511253945059
4,69.0,52.471425921416,16.528574078584
3,66.0,49.69836309677706,16.301636903222942
5,80.0,55.24448874605494,24.75551125394506
4,52.0,52.471425921416,-0.4714259214159995
1,68.0,44.15223744749919,23.84776255250081
3,57.0,49.69836309677706,7.301636903222942
8,37.0,63.56367721997175,-26.56367721997175
7,68.0,60.79061439533281,7.20938560466719
2,35.0,46.925300272138124,-11.925300272138124
1,65.0,44.15223744749919,20.84776255250081
3,28.0,49.69836309677706,-21.698363096777058
5,82.0,55.24448874605494,26.75551125394506
1,29.0,44.15223744749919,-15.15223744749919
3,62.0,49.69836309677706,12.301636903222942
3,35.0,49.69836309677706,-14.698363096777058
5,51.0,55.24448874605494,-4.244488746054941
3,22.0,49.69836309677706,-27.698363096777058
9,42.0,66.33674004461069,-24.336740044610693
1,45.0,44.15223744749919,0.8477625525008108
4,48.0,52.471425921416,-4.4714259214159995
4,61.0,52.471425921416,8.528574078584
1,59.0,44.15223744749919,14.84776255250081
2,50.0,46.925300272138124,3.0746997278618764
1,33.0,44.15223744749919,-11.15223744749919
6,65.0,58.017551570693875,6.982448429306125
3,26.0,49.69836309677706,-23.698363096777058
7,69.0,60.79061439533281,8.20938560466719
5,87.0,55.24448874605494,31.75551125394506
9,85.0,66.33674004461069,18.663259955389307
7,46.0,60.79061439533281,-14.79061439533281
4,82.0,52.471425921416,29.528574078584
5,36.0,55.24448874605494,-19.24448874605494
5,77.0,55.24448874605494,21.75551125394506
5,85.0,55.24448874605494,29.75551125394506
9,85.0,66.33674004461069,18.663259955389307
3,62.0,49.69836309677706,12.301636903222942
6,54.0,58.017551570693875,-4.017551570693875
8,89.0,63.56367721997175,25.43632278002825
9,35.0,66.33674004461069,-31.336740044610693
7,65.0,60.79061439533281,4.20938560466719
3,52.0,49.69836309677706,2.301636903222942
1,37.0,44.15223744749919,-7.152237447499189
4,27.0,52.471425921416,-25.471425921416
6,60.0,58.017551570693875,1.9824484293061246
3,52.0,49.69836309677706,2.301636903222942
1,28.0,44.15223744749919,-16.15223744749919
6,72.0,58.017551570693875,13.982448429306125
1,23.0,44.15223744749919,-21.15223744749919
9,59.0,66.33674004461069,-7.336740044610693
1,20.0,44.15223744749919,-24.15223744749919
6,38.0,58.017551570693875,-20.017551570693875
1,31.0,44.15223744749919,-13.15223744749919
7,81.0,60.79061439533281,20.20938560466719
3,66.0,49.69836309677706,16.301636903222942
6,68.0,58.017551570693875,9.982448429306125
7,75.0,60.79061439533281,14.20938560466719
1,24.0,44.15223744749919,-20.15223744749919
1,26.0,44.15223744749919,-18.15223744749919
5,39.0,55.24448874605494,-16.24448874605494
6,61.0,58.017551570693875,2.9824484293061246
9,52.0,66.33674004461069,-14.336740044610693
1,38.0,44.15223744749919,-6.152237447499189
4,25.0,52.471425921416,-27.471425921416
8,73.0,63.56367721997175,9.436322780028249
9,93.0,66.33674004461069,26.663259955389307
3,16.0,49.69836309677706,-33.69836309677706
2,75.0,46.925300272138124,28.074699727861876
4,64.0,52.471425921416,11.528574078584
2,77.0,46.925300272138124,30.074699727861876
1,44.0,44.15223744749919,-0.15223744749918922
3,66.0,49.69836309677706,16.301636903222942
7,48.0,60.79061439533281,-12.79061439533281
1,50.0,44.15223744749919,5.847762552500811
2,56.0,46.925300272138124,9.074699727861876
1,55.0,44.15223744749919,10.84776255250081
8,83.0,63.56367721997175,19.43632278002825
5,58.0,55.24448874605494,2.755511253945059
8,93.0,63.56367721997175,29.43632278002825
3,38.0,49.69836309677706,-11.698363096777058
7,55.0,60.79061439533281,-5.79061439533281
8,80.0,63.56367721997175,16.43632278002825
6,64.0,58.017551570693875,5.982448429306125
7,37.0,60.79061439533281,-23.79061439533281
2,49.0,46.925300272138124,2.0746997278618764
8,33.0,63.56367721997175,-30.56367721997175
5,78.0,55.24448874605494,22.75551125394506
7,31.0,60.79061439533281,-29.79061439533281
1,53.0,44.15223744749919,8.84776255250081
5,25.0,55.24448874605494,-30.24448874605494
1,69.0,44.15223744749919,24.84776255250081
8,89.0,63.56367721997175,25.43632278002825
4,80.0,52.471425921416,27.528574078584
4,80.0,52.471425921416,27.528574078584
2,22.0,46.925300272138124,-24.925300272138124
5,52.0,55.24448874605494,-3.244488746054941
1,59.0,44.15223744749919,14.84776255250081
9,88.0,66.33674004461069,21.663259955389307
5,81.0,55.24448874605494,25.75551125394506
6,79.0,58.017551570693875,20.982448429306125
2,28.0,46.925300272138124,-18.925300272138124
1,28.0,44.15223744749919,-16.15223744749919
4,19.0,52.471425921416,-33.471425921416
7,31.0,60.79061439533281,-29.79061439533281
6,87.0,58.017551570693875,28.982448429306125
1,17.0,44.15223744749919,-27.15223744749919
1,75.0,44.15223744749919,30.84776255250081
8,61.0,63.56367721997175,-2.5636772199717512
4,72.0,52.471425921416,19.528574078584
5,78.0,55.24448874605494,22.75551125394506
7,36.0,60.79061439533281,-24.79061439533281
8,45.0,63.56367721997175,-18.56367721997175
7,74.0,60.79061439533281,13.20938560466719
2,17.0,46.925300272138124,-29.925300272138124
4,47.0,52.471425921416,-5.4714259214159995
1,25.0,44.15223744749919,-19.15223744749919
9,81.0,66.33674004461069,14.663259955389307
3,74.0,49.69836309677706,24.301636903222942
3,30.0,49.69836309677706,-19.698363096777058
9,59.0,66.33674004461069,-7.336740044610693
3,60.0,49.69836309677706,10.301636903222942
8,58.0,63.56367721997175,-5.563677219971751
2,28.0,46.925300272138124,-18.925300272138124
3,33.0,49.69836309677706,-16.698363096777058
2,30.0,46.925300272138124,-16.925300272138124
1,31.0,44.15223744749919,-13.15223744749919
2,36.0,46.925300272138124,-10.925300272138124
8,56.0,63.56367721997175,-7.563677219971751
9,82.0,66.33674004461069,15.663259955389307
2,50.0,46.925300272138124,3.0746997278618764
7,76.0,60.79061439533281,15.20938560466719
5,52.0,55.24448874605494,-3.244488746054941
3,60.0,49.69836309677706,10.301636903222942
9,91.0,66.33674004461069,24.663259955389307
6,52.0,58.017551570693875,-6.017551570693875
1,43.0,44.15223744749919,-1.1522374474991892
5,32.0,55.24448874605494,-23.24448874605494
7,77.0,60.79061439533281,16.20938560466719
4,55.0,52.471425921416,2.5285740785840005
8,52.0,63.56367721997175,-11.563677219971751
5,68.0,55.24448874605494,12.755511253945059
9,41.0,66.33674004461069,-25.336740044610693
9,63.0,66.33674004461069,-3.3367400446106927
9,99.0,66.33674004461069,32.66325995538931
1,17.0,44.15223744749919,-27.15223744749919
2,47.0,46.925300272138124,0.0746997278618764
3,24.0,49.69836309677706,-25.698363096777058
4,80.0,52.471425921416,27.528574078584
9,79.0,66.33674004461069,12.663259955389307
6,49.0,58.017551570693875,-9.017551570693875
1,27.0,44.15223744749919,-17.15223744749919
9,51.0,66.33674004461069,-15.336740044610693
6,41.0,58.017551570693875,-17.017551570693875
4,67.0,52.471425921416,14.528574078584
4,48.0,52.471425921416,-4.4714259214159995
3,72.0,49.69836309677706,22.301636903222942
7,75.0,60.79061439533281,14.20938560466719
3,48.0,49.69836309677706,-1.698363096777058
2,58.0,46.925300272138124,11.074699727861876
8,62.0,63.56367721997175,-1.5636772199717512
4,83.0,52.471425921416,30.528574078584
8,68.0,63.56367721997175,4.436322780028249
1,55.0,44.15223744749919,10.84776255250081
5,55.0,55.24448874605494,-0.24448874605494098
9,49.0,66.33674004461069,-17.336740044610693
1,27.0,44.15223744749919,-17.15223744749919
4,38.0,52.471425921416,-14.471425921416
6,66.0,58.017551570693875,7.982448429306125
8,37.0,63.56367721997175,-26.56367721997175
3,72.0,49.69836309677706,22.301636903222942
5,34.0,55.24448874605494,-21.24448874605494
7,68.0,60.79061439533281,7.20938560466719
1,56.0,44.15223744749919,11.84776255250081
7,52.0,60.79061439533281,-8.79061439533281
8,67.0,63.56367721997175,3.4363227800282488
8,69.0,63.56367721997175,5.436322780028249
9,45.0,66.33674004461069,-21.336740044610693
6,76.0,58.017551570693875,17.982448429306125
6,65.0,58.017551570693875,6.982448429306125
2,26.0,46.925300272138124,-20.925300272138124
3,54.0,49.69836309677706,4.301636903222942
4,68.0,52.471425921416,15.528574078584
4,34.0,52.471425921416,-18.471425921416
8,56.0,63.56367721997175,-7.563677219971751
1,63.0,44.15223744749919,18.84776255250081
4,47.0,52.471425921416,-5.4714259214159995
4,40.0,52.471425921416,-12.471425921416
1,31.0,44.15223744749919,-13.15223744749919
3,56.0,49.69836309677706,6.301636903222942
5,36.0,55.24448874605494,-19.24448874605494
6,41.0,58.017551570693875,-17.017551570693875
9,43.0,66.33674004461069,-23.336740044610693
9,61.0,66.33674004461069,-5.336740044610693
9,69.0,66.33674004461069,2.6632599553893073
1,44.0,44.15223744749919,-0.15223744749918922
9,82.0,66.33674004461069,15.663259955389307
8,48.0,63.56367721997175,-15.563677219971751
2,27.0,46.925300272138124,-19.925300272138124
1,45.0,44.15223744749919,0.8477625525008108
1,75.0,44.15223744749919,30.84776255250081
6,54.0,58.017551570693875,-4.017551570693875
9,76.0,66.33674004461069,9.663259955389307
7,44.0,60.79061439533281,-16.79061439533281
5,50.0,55.24448874605494,-5.244488746054941
2,17.0,46.925300272138124,-29.925300272138124
1,66.0,44.15223744749919,21.84776255250081
2,42.0,46.925300272138124,-4.925300272138124
1,42.0,44.15223744749919,-2.152237447499189
3,56.0,49.69836309677706,6.301636903222942
6,48.0,58.017551570693875,-10.017551570693875
8,40.0,63.56367721997175,-23.56367721997175
3,24.0,49.69836309677706,-25.698363096777058
9,38.0,66.33674004461069,-28.336740044610693
5,73.0,55.24448874605494,17.75551125394506
7,40.0,60.79061439533281,-20.79061439533281
8,62.0,63.56367721997175,-1.5636772199717512
3,65.0,49.69836309677706,15.301636903222942
2,37.0,46.925300272138124,-9.925300272138124
2,68.0,46.925300272138124,21.074699727861876
5,30.0,55.24448874605494,-25.24448874605494
1,31.0,44.15223744749919,-13.15223744749919
2,15.0,46.925300272138124,-31.925300272138124
9,89.0,66.33674004461069,22.663259955389307
7,33.0,60.79061439533281,-27.79061439533281
6,72.0,58.017551570693875,13.982448429306125
9,64.0,66.33674004461069,-2.3367400446106927
7,78.0,60.79061439533281,17.20938560466719
5,40.0,55.24448874605494,-15.244488746054941
9,91.0,66.33674004461069,24.663259955389307
6,49.0,58.017551570693875,-9.017551570693875
6,38.0,58.017551570693875,-20.017551570693875
4,28.0,52.471425921416,-24.471425921416
1,62.0,44.15223744749919,17.84776255250081
5,62.0,55.24448874605494,6.755511253945059
9,89.0,66.33674004461069,22.663259955389307
8,74.0,63.56367721997175,10.436322780028249
8,85.0,63.56367721997175,21.43632278002825
5,33.0,55.24448874605494,-22.24448874605494
9,41.0,66.33674004461069,-25.336740044610693
3,24.0,49.69836309677706,-25.698363096777058
3,47.0,49.69836309677706,-2.698363096777058
1,65.0,44.15223744749919,20.84776255250081
9,50.0,66.33674004461069,-16.336740044610693
6,35.0,58.017551570693875,-23.017551570693875
2,30.0,46.925300272138124,-16.925300272138124
8,76.0,63.56367721997175,12.436322780028249
9,55.0,66.33674004461069,-11.336740044610693
9,49.0,66.33674004461069,-17.336740044610693
2,19.0,46.925300272138124,-27.925300272138124
2,15.0,46.925300272138124,-31.925300272138124
7,86.0,60.79061439533281,25.20938560466719
4,77.0,52.471425921416,24.528574078584
1,55.0,44.15223744749919,10.84776255250081
8,77.0,63.56367721997175,13.436322780028249
2,74.0,46.925300272138124,27.074699727861876
3,23.0,49.69836309677706,-26.698363096777058
5,56.0,55.24448874605494,0.755511253945059
3,18.0,49.69836309677706,-31.698363096777058
7,76.0,60.79061439533281,15.20938560466719
7,57.0,60.79061439533281,-3.7906143953328097
2,13.0,46.925300272138124,-33.925300272138124
7,64.0,60.79061439533281,3.2093856046671903
6,54.0,58.017551570693875,-4.017551570693875
9,97.0,66.33674004461069,30.663259955389307
9,89.0,66.33674004461069,22.663259955389307
2,53.0,46.925300272138124,6.074699727861876
7,74.0,60.79061439533281,13.20938560466719
5,61.0,55.24448874605494,5.755511253945059
6,41.0,58.017551570693875,-17.017551570693875
1,48.0,44.15223744749919,3.847762552500811
7,48.0,60.79061439533281,-12.79061439533281
6,54.0,58.017551570693875,-4.017551570693875
4,67.0,52.471425921416,14.528574078584
1,34.0,44.15223744749919,-10.15223744749919
9,60.0,66.33674004461069,-6.336740044610693
4,46.0,52.471425921416,-6.4714259214159995
2,45.0,46.925300272138124,-1.9253002721381236
8,56.0,63.56367721997175,-7.563677219971751
2,49.0,46.925300272138124,2.0746997278618764
5,49.0,55.24448874605494,-6.244488746054941
6,65.0,58.017551570693875,6.982448429306125
8,39.0,63.56367721997175,-24.56367721997175
1,33.0,44.15223744749919,-11.15223744749919
1,55.0,44.15223744749919,10.84776255250081
4,50.0,52.471425921416,-2.4714259214159995
5,52.0,55.24448874605494,-3.244488746054941
9,43.0,66.33674004461069,-23.336740044610693
7,58.0,60.79061439533281,-2.7906143953328097
7,45.0,60.79061439533281,-15.79061439533281
8,81.0,63.56367721997175,17.43632278002825
5,36.0,55.24448874605494,-19.24448874605494
5,64.0,55.24448874605494,8.755511253945059
1,57.0,44.15223744749919,12.84776255250081
9,46.0,66.33674004461069,-20.336740044610693
6,76.0,58.017551570693875,17.982448429306125
9,43.0,66.33674004461069,-23.336740044610693
3,58.0,49.69836309677706,8.301636903222942
5,61.0,55.24448874605494,5.755511253945059
2,72.0,46.925300272138124,25.074699727861876
5,82.0,55.24448874605494,26.75551125394506
8,69.0,63.56367721997175,5.436322780028249
2,35.0,46.925300272138124,-11.925300272138124
8,91.0,63.56367721997175,27.43632278002825
4,40.0,52.471425921416,-12.471425921416
1,26.0,44.15223744749919,-18.15223744749919
5,34.0,55.24448874605494,-21.24448874605494
1,35.0,44.15223744749919,-9.15223744749919
7,67.0,60.79061439533281,6.20938560466719
8,60.0,63.56367721997175,-3.5636772199717512
3,48.0,49.69836309677706,-1.698363096777058
3,62.0,49.69836309677706,12.301636903222942
7,84.0,60.79061439533281,23.20938560466719
4,67.0,52.471425921416,14.528574078584
3,50.0,49.69836309677706,0.301636903222942
8,42.0,63.56367721997175,-21.56367721997175
3,37.0,49.69836309677706,-12.698363096777058
7,50.0,60.79061439533281,-10.79061439533281
2,61.0,46.925300272138124,14.074699727861876
1,61.0,44.15223744749919,16.84776255250081
6,48.0,58.017551570693875,-10.017551570693875
8,56.0,63.56367721997175,-7.563677219971751
1,54.0,44.15223744749919,9.84776255250081
9,86.0,66.33674004461069,19.663259955389307
3,77.0,49.69836309677706,27.301636903222942
3,77.0,49.69836309677706,27.301636903222942
4,25.0,52.471425921416,-27.471425921416
1,67.0,44.15223744749919,22.84776255250081
9,51.0,66.33674004461069,-15.336740044610693
3,20.0,49.69836309677706,-29.698363096777058
4,74.0,52.471425921416,21.528574078584
1,12.0,44.15223744749919,-32.15223744749919
4,78.0,52.471425921416,25.528574078584
1,48.0,44.15223744749919,3.847762552500811
5,79.0,55.24448874605494,23.75551125394506
5,66.0,55.24448874605494,10.755511253945059
7,82.0,60.79061439533281,21.20938560466719
8,67.0,63.56367721997175,3.4363227800282488
4,75.0,52.471425921416,22.528574078584
7,52.0,60.79061439533281,-8.79061439533281
4,25.0,52.471425921416,-27.471425921416
3,39.0,49.69836309677706,-10.698363096777058
6,66.0,58.017551570693875,7.982448429306125
4,24.0,52.471425921416,-28.471425921416
3,17.0,49.69836309677706,-32.69836309677706
9,93.0,66.33674004461069,26.663259955389307
5,62.0,55.24448874605494,6.755511253945059
7,47.0,60.79061439533281,-13.79061439533281
6,55.0,58.017551570693875,-3.0175515706938754
5,41.0,55.24448874605494,-14.244488746054941
7,67.0,60.79061439533281,6.20938560466719
6,43.0,58.017551570693875,-15.017551570693875
2,42.0,46.925300272138124,-4.925300272138124
3,64.0,49.69836309677706,14.301636903222942
2,42.0,46.925300272138124,-4.925300272138124
3,77.0,49.69836309677706,27.301636903222942
1,52.0,44.15223744749919,7.847762552500811
8,62.0,63.56367721997175,-1.5636772199717512
6,90.0,58.017551570693875,31.982448429306125
2,60.0,46.925300272138124,13.074699727861876
8,49.0,63.56367721997175,-14.563677219971751
6,54.0,58.017551570693875,-4.017551570693875
7,61.0,60.79061439533281,0.20938560466719025
1,67.0,44.15223744749919,22.84776255250081
7,42.0,60.79061439533281,-18.79061439533281
3,43.0,49.69836309677706,-6.698363096777058
8,58.0,63.56367721997175,-5.563677219971751
6,50.0,58.017551570693875,-8.017551570693875
4,34.0,52.471425921416,-18.471425921416
8,51.0,63.56367721997175,-12.563677219971751
9,89.0,66.33674004461069,22.663259955389307
2,41.0,46.925300272138124,-5.925300272138124
6,70.0,58.017551570693875,11.982448429306125
5,35.0,55.24448874605494,-20.24448874605494
5,79.0,55.24448874605494,23.75551125394506
3,26.0,49.69836309677706,-23.698363096777058
8,46.0,63.56367721997175,-17.56367721997175
8,51.0,63.56367721997175,-12.563677219971751
5,30.0,55.24448874605494,-25.24448874605494
8,88.0,63.56367721997175,24.43632278002825
8,55.0,63.56367721997175,-8.563677219971751
3,60.0,49.69836309677706,10.301636903222942
2,26.0,46.925300272138124,-20.925300272138124
9,85.0,66.33674004461069,18.663259955389307
2,76.0,46.925300272138124,29.074699727861876
9,53.0,66.33674004461069,-13.336740044610693
4,70.0,52.471425921416,17.528574078584
2,64.0,46.925300272138124,17.074699727861876
1,41.0,44.15223744749919,-3.152237447499189
4,73.0,52.471425921416,20.528574078584
9,47.0,66.33674004461069,-19.336740044610693
9,49.0,66.33674004461069,-17.336740044610693
4,53.0,52.471425921416,0.5285740785840005
9,95.0,66.33674004461069,28.663259955389307
6,87.0,58.017551570693875,28.982448429306125
1,26.0,44.15223744749919,-18.15223744749919
6,89.0,58.017551570693875,30.982448429306125
9,73.0,66.33674004461069,6.663259955389307
2,19.0,46.925300272138124,-27.925300272138124
6,33.0,58.017551570693875,-25.017551570693875
2,75.0,46.925300272138124,28.074699727861876
4,59.0,52.471425921416,6.5285740785840005
8,79.0,63.56367721997175,15.436322780028249
7,82.0,60.79061439533281,21.20938560466719
9,58.0,66.33674004461069,-8.336740044610693
7,61.0,60.79061439533281,0.20938560466719025
1,59.0,44.15223744749919,14.84776255250081
2,63.0,46.925300272138124,16.074699727861876
6,60.0,58.017551570693875,1.9824484293061246
7,55.0,60.79061439533281,-5.79061439533281
3,38.0,49.69836309677706,-11.698363096777058
9,49.0,66.33674004461069,-17.336740044610693
7,48.0,60.79061439533281,-12.79061439533281
6,24.0,58.017551570693875,-34.017551570693875
6,27.0,58.017551570693875,-31.017551570693875
1,34.0,44.15223744749919,-10.15223744749919
5,59.0,55.24448874605494,3.755511253945059
3,60.0,49.69836309677706,10.301636903222942
7,75.0,60.79061439533281,14.20938560466719
3,67.0,49.69836309677706,17.301636903222942
5,36.0,55.24448874605494,-19.24448874605494
7,60.0,60.79061439533281,-0.7906143953328097
3,43.0,49.69836309677706,-6.698363096777058
2,52.0,46.925300272138124,5.074699727861876
6,73.0,58.017551570693875,14.982448429306125
8,36.0,63.56367721997175,-27.56367721997175
4,37.0,52.471425921416,-15.471425921416
9,66.0,66.33674004461069,-0.33674004461069273
8,64.0,63.56367721997175,0.43632278002824876
7,54.0,60.79061439533281,-6.79061439533281
7,31.0,60.79061439533281,-29.79061439533281
3,59.0,49.69836309677706,9.301636903222942
6,49.0,58.017551570693875,-9.017551570693875
5,80.0,55.24448874605494,24.75551125394506
1,19.0,44.15223744749919,-25.15223744749919
3,27.0,49.69836309677706,-22.698363096777058
1,51.0,44.15223744749919,6.847762552500811
4,25.0,52.471425921416,-27.471425921416
3,48.0,49.69836309677706,-1.698363096777058
4,82.0,52.471425921416,29.528574078584
9,47.0,66.33674004461069,-19.336740044610693
3,70.0,49.69836309677706,20.301636903222942
6,57.0,58.017551570693875,-1.0175515706938754
6,69.0,58.017551570693875,10.982448429306125
7,32.0,60.79061439533281,-28.79061439533281
9,78.0,66.33674004461069,11.663259955389307
7,41.0,60.79061439533281,-19.79061439533281
1,72.0,44.15223744749919,27.84776255250081
8,71.0,63.56367721997175,7.436322780028249
5,44.0,55.24448874605494,-11.244488746054941
9,57.0,66.33674004461069,-9.336740044610693
5,57.0,55.24448874605494,1.755511253945059
5,41.0,55.24448874605494,-14.244488746054941
2,62.0,46.925300272138124,15.074699727861876
3,48.0,49.69836309677706,-1.698363096777058
9,59.0,66.33674004461069,-7.336740044610693
7,34.0,60.79061439533281,-26.79061439533281
1,17.0,44.15223744749919,-27.15223744749919
3,54.0,49.69836309677706,4.301636903222942
2,55.0,46.925300272138124,8.074699727861876
1,73.0,44.15223744749919,28.84776255250081
9,50.0,66.33674004461069,-16.336740044610693
8,91.0,63.56367721997175,27.43632278002825
5,73.0,55.24448874605494,17.75551125394506
2,70.0,46.925300272138124,23.074699727861876
1,74.0,44.15223744749919,29.84776255250081
7,86.0,60.79061439533281,25.20938560466719
2,34.0,46.925300272138124,-12.925300272138124
1,25.0,44.15223744749919,-19.15223744749919
2,47.0,46.925300272138124,0.0746997278618764
7,45.0,60.79061439533281,-15.79061439533281
7,62.0,60.79061439533281,1.2093856046671903
6,49.0,58.017551570693875,-9.017551570693875
5,62.0,55.24448874605494,6.755511253945059
3,65.0,49.69836309677706,15.301636903222942
3,40.0,49.69836309677706,-9.698363096777058
9,97.0,66.33674004461069,30.663259955389307
4,79.0,52.471425921416,26.528574078584
9,93.0,66.33674004461069,26.663259955389307
4,60.0,52.471425921416,7.5285740785840005
2,61.0,46.925300272138124,14.074699727861876
4,73.0,52.471425921416,20.528574078584
6,89.0,58.017551570693875,30.982448429306125
6,71.0,58.017551570693875,12.982448429306125
5,61.0,55.24448874605494,5.755511253945059
1,39.0,44.15223744749919,-5.152237447499189
3,44.0,49.69836309677706,-5.698363096777058
5,32.0,55.24448874605494,-23.24448874605494
6,35.0,58.017551570693875,-23.017551570693875
1,20.0,44.15223744749919,-24.15223744749919
9,62.0,66.33674004461069,-4.336740044610693
3,42.0,49.69836309677706,-7.698363096777058
3,43.0,49.69836309677706,-6.698363096777058
2,56.0,46.925300272138124,9.074699727861876
8,79.0,63.56367721997175,15.436322780028249
3,30.0,49.69836309677706,-19.698363096777058
6,73.0,58.017551570693875,14.982448429306125
2,25.0,46.925300272138124,-21.925300272138124
7,84.0,60.79061439533281,23.20938560466719
4,27.0,52.471425921416,-25.471425921416
9,41.0,66.33674004461069,-25.336740044610693
9,92.0,66.33674004461069,25.663259955389307
7,53.0,60.79061439533281,-7.79061439533281
8,63.0,63.56367721997175,-0.5636772199717512
3,67.0,49.69836309677706,17.301636903222942
5,74.0,55.24448874605494,18.75551125394506
2,37.0,46.925300272138124,-9.925300272138124
7,33.0,60.79061439533281,-27.79061439533281
8,58.0,63.56367721997175,-5.563677219971751
9,55.0,66.33674004461069,-11.336740044610693
7,40.0,60.79061439533281,-20.79061439533281
8,79.0,63.56367721997175,15.436322780028249
9,68.0,66.33674004461069,1.6632599553893073
6,57.0,58.017551570693875,-1.0175515706938754
2,20.0,46.925300272138124,-26.925300272138124
2,28.0,46.925300272138124,-18.925300272138124
4,50.0,52.471425921416,-2.4714259214159995
9,80.0,66.33674004461069,13.663259955389307
7,44.0,60.79061439533281,-16.79061439533281
2,19.0,46.925300272138124,-27.925300272138124
8,81.0,63.56367721997175,17.43632278002825
7,46.0,60.79061439533281,-14.79061439533281
9,83.0,66.33674004461069,16.663259955389307
8,58.0,63.56367721997175,-5.563677219971751
3,53.0,49.69836309677706,3.301636903222942
1,73.0,44.15223744749919,28.84776255250081
2,79.0,46.925300272138124,32.074699727861876
2,15.0,46.925300272138124,-31.925300272138124
4,62.0,52.471425921416,9.528574078584
6,46.0,58.017551570693875,-12.017551570693875
4,41.0,52.471425921416,-11.471425921416
9,68.0,66.33674004461069,1.6632599553893073
4,72.0,52.471425921416,19.528574078584
6,43.0,58.017551570693875,-15.017551570693875
6,51.0,58.017551570693875,-7.017551570693875
1,38.0,44.15223744749919,-6.152237447499189
8,80.0,63.56367721997175,16.43632278002825
3,48.0,49.69836309677706,-1.698363096777058
6,63.0,58.017551570693875,4.982448429306125
3,31.0,49.69836309677706,-18.698363096777058
2,66.0,46.925300272138124,19.074699727861876
5,69.0,55.24448874605494,13.755511253945059
1,62.0,44.15223744749919,17.84776255250081
9,49.0,66.33674004461069,-17.336740044610693
7,54.0,60.79061439533281,-6.79061439533281
3,57.0,49.69836309677706,7.301636903222942
4,77.0,52.471425921416,24.528574078584
6,56.0,58.017551570693875,-2.0175515706938754
3,79.0,49.69836309677706,29.301636903222942
7,60.0,60.79061439533281,-0.7906143953328097
6,88.0,58.017551570693875,29.982448429306125
9,83.0,66.33674004461069,16.663259955389307
5,43.0,55.24448874605494,-12.244488746054941
4,48.0,52.471425921416,-4.4714259214159995
3,50.0,49.69836309677706,0.301636903222942
1,61.0,44.15223744749919,16.84776255250081
3,24.0,49.69836309677706,-25.698363096777058
3,71.0,49.69836309677706,21.301636903222942
7,81.0,60.79061439533281,20.20938560466719
7,76.0,60.79061439533281,15.20938560466719
1,17.0,44.15223744749919,-27.15223744749919
3,30.0,49.69836309677706,-19.698363096777058
8,78.0,63.56367721997175,14.436322780028249
9,78.0,66.33674004461069,11.663259955389307
7,37.0,60.79061439533281,-23.79061439533281
7,86.0,60.79061439533281,25.20938560466719
8,77.0,63.56367721997175,13.436322780028249
6,63.0,58.017551570693875,4.982448429306125
3,46.0,49.69836309677706,-3.698363096777058
1,38.0,44.15223744749919,-6.152237447499189
7,41.0,60.79061439533281,-19.79061439533281
1,51.0,44.15223744749919,6.847762552500811
1,24.0,44.15223744749919,-20.15223744749919
9,88.0,66.33674004461069,21.663259955389307
7,50.0,60.79061439533281,-10.79061439533281
4,30.0,52.471425921416,-22.471425921416
6,32.0,58.017551570693875,-26.017551570693875
1,18.0,44.15223744749919,-26.15223744749919
7,29.0,60.79061439533281,-31.79061439533281
6,41.0,58.017551570693875,-17.017551570693875
4,37.0,52.471425921416,-15.471425921416
7,85.0,60.79061439533281,24.20938560466719
3,67.0,49.69836309677706,17.301636903222942
1,30.0,44.15223744749919,-14.15223744749919
4,69.0,52.471425921416,16.528574078584
3,43.0,49.69836309677706,-6.698363096777058
1,72.0,44.15223744749919,27.84776255250081
2,47.0,46.925300272138124,0.0746997278618764
5,69.0,55.24448874605494,13.755511253945059
8,48.0,63.56367721997175,-15.563677219971751
1,20.0,44.15223744749919,-24.15223744749919
4,73.0,52.471425921416,20.528574078584
4,49.0,52.471425921416,-3.4714259214159995
5,26.0,55.24448874605494,-29.24448874605494
7,44.0,60.79061439533281,-16.79061439533281
8,49.0,63.56367721997175,-14.563677219971751
6,61.0,58.017551570693875,2.9824484293061246
1,28.0,44.15223744749919,-16.15223744749919
7,74.0,60.79061439533281,13.20938560466719
3,33.0,49.69836309677706,-16.698363096777058
6,42.0,58.017551570693875,-16.017551570693875
8,39.0,63.56367721997175,-24.56367721997175
7,82.0,60.79061439533281,21.20938560466719
6,48.0,58.017551570693875,-10.017551570693875
9,95.0,66.33674004461069,28.663259955389307
9,92.0,66.33674004461069,25.663259955389307
1,36.0,44.15223744749919,-8.15223744749919
1,37.0,44.15223744749919,-7.152237447499189
1,65.0,44.15223744749919,20.84776255250081
8,82.0,63.56367721997175,18.43632278002825
7,37.0,60.79061439533281,-23.79061439533281
3,45.0,49.69836309677706,-4.698363096777058
2,34.0,46.925300272138124,-12.925300272138124
4,78.0,52.471425921416,25.528574078584
3,18.0,49.69836309677706,-31.698363096777058
7,59.0,60.79061439533281,-1.7906143953328097
8,82.0,63.56367721997175,18.43632278002825
6,75.0,58.017551570693875,16.982448429306125
3,65.0,49.69836309677706,15.301636903222942
6,40.0,58.017551570693875,-18.017551570693875
2,60.0,46.925300272138124,13.074699727861876
7,67.0,60.79061439533281,6.20938560466719
7,95.0,60.79061439533281,34.20938560466719
4,56.0,52.471425921416,3.5285740785840005
8,35.0,63.56367721997175,-28.56367721997175
4,73.0,52.471425921416,20.528574078584
7,37.0,60.79061439533281,-23.79061439533281
4,53.0,52.471425921416,0.5285740785840005
5,62.0,55.24448874605494,6.755511253945059
7,44.0,60.79061439533281,-16.79061439533281
3,36.0,49.69836309677706,-13.698363096777058
5,76.0,55.24448874605494,20.75551125394506
3,60.0,49.69836309677706,10.301636903222942
5,28.0,55.24448874605494,-27.24448874605494
3,48.0,49.69836309677706,-1.698363096777058
7,62.0,60.79061439533281,1.2093856046671903
1,19.0,44.15223744749919,-25.15223744749919
9,80.0,66.33674004461069,13.663259955389307
9,46.0,66.33674004461069,-20.336740044610693
5,47.0,55.24448874605494,-8.244488746054941
9,79.0,66.33674004461069,12.663259955389307
6,27.0,58.017551570693875,-31.017551570693875
5,43.0,55.24448874605494,-12.244488746054941
3,43.0,49.69836309677706,-6.698363096777058
8,56.0,63.56367721997175,-7.563677219971751
4,27.0,52.471425921416,-25.471425921416
3,70.0,49.69836309677706,20.301636903222942
6,70.0,58.017551570693875,11.982448429306125
8,61.0,63.56367721997175,-2.5636772199717512
9,53.0,66.33674004461069,-13.336740044610693
6,87.0,58.017551570693875,28.982448429306125
5,68.0,55.24448874605494,12.755511253945059
2,61.0,46.925300272138124,14.074699727861876
2,70.0,46.925300272138124,23.074699727861876
9,65.0,66.33674004461069,-1.3367400446106927
2,61.0,46.925300272138124,14.074699727861876
2,27.0,46.925300272138124,-19.925300272138124
3,22.0,49.69836309677706,-27.698363096777058
3,81.0,49.69836309677706,31.301636903222942
4,60.0,52.471425921416,7.5285740785840005
7,41.0,60.79061439533281,-19.79061439533281
9,98.0,66.33674004461069,31.663259955389307
2,79.0,46.925300272138124,32.074699727861876
4,77.0,52.471425921416,24.528574078584
9,51.0,66.33674004461069,-15.336740044610693
2,43.0,46.925300272138124,-3.9253002721381236
1,27.0,44.15223744749919,-17.15223744749919
8,69.0,63.56367721997175,5.436322780028249
9,98.0,66.33674004461069,31.663259955389307
7,80.0,60.79061439533281,19.20938560466719
8,68.0,63.56367721997175,4.436322780028249
4,76.0,52.471425921416,23.528574078584
4,72.0,52.471425921416,19.528574078584
2,64.0,46.925300272138124,17.074699727861876
8,87.0,63.56367721997175,23.43632278002825
2,53.0,46.925300272138124,6.074699727861876
9,71.0,66.33674004461069,4.663259955389307
4,40.0,52.471425921416,-12.471425921416
1,58.0,44.15223744749919,13.84776255250081
4,55.0,52.471425921416,2.5285740785840005
3,50.0,49.69836309677706,0.301636903222942
6,64.0,58.017551570693875,5.982448429306125
7,44.0,60.79061439533281,-16.79061439533281
8,79.0,63.56367721997175,15.436322780028249
2,65.0,46.925300272138124,18.074699727861876
6,37.0,58.017551570693875,-21.017551570693875
6,85.0,58.017551570693875,26.982448429306125
5,48.0,55.24448874605494,-7.244488746054941
7,55.0,60.79061439533281,-5.79061439533281
3,64.0,49.69836309677706,14.301636903222942
4,74.0,52.471425921416,21.528574078584
9,67.0,66.33674004461069,0.6632599553893073
4,38.0,52.471425921416,-14.471425921416
3,65.0,49.69836309677706,15.301636903222942
2,60.0,46.925300272138124,13.074699727861876
5,72.0,55.24448874605494,16.75551125394506
4,73.0,52.471425921416,20.528574078584
8,34.0,63.56367721997175,-29.56367721997175
7,45.0,60.79061439533281,-15.79061439533281
6,75.0,58.017551570693875,16.982448429306125
2,28.0,46.925300272138124,-18.925300272138124
3,48.0,49.69836309677706,-1.698363096777058
9,64.0,66.33674004461069,-2.3367400446106927
9,42.0,66.33674004461069,-24.336740044610693
5,72.0,55.24448874605494,16.75551125394506
3,52.0,49.69836309677706,2.301636903222942
2,40.0,46.925300272138124,-6.925300272138124
8,61.0,63.56367721997175,-2.5636772199717512
6,66.0,58.017551570693875,7.982448429306125
7,43.0,60.79061439533281,-17.79061439533281
1,49.0,44.15223744749919,4.847762552500811
1,16.0,44.15223744749919,-28.15223744749919
2,46.0,46.925300272138124,-0.9253002721381236
3,28.0,49.69836309677706,-21.698363096777058
1,57.0,44.15223744749919,12.84776255250081
5,62.0,55.24448874605494,6.755511253945059
3,76.0,49.69836309677706,26.301636903222942
1,56.0,44.15223744749919,11.84776255250081
8,44.0,63.56367721997175,-19.56367721997175
6,49.0,58.017551570693875,-9.017551570693875
9,64.0,66.33674004461069,-2.3367400446106927
3,52.0,49.69836309677706,2.301636903222942
9,79.0,66.33674004461069,12.663259955389307
9,52.0,66.33674004461069,-14.336740044610693
1,52.0,44.15223744749919,7.847762552500811
3,71.0,49.69836309677706,21.301636903222942
6,59.0,58.017551570693875,0.9824484293061246
8,90.0,63.56367721997175,26.43632278002825
4,58.0,52.471425921416,5.5285740785840005
5,25.0,55.24448874605494,-30.24448874605494
9,78.0,66.33674004461069,11.663259955389307
6,77.0,58.017551570693875,18.982448429306125
7,73.0,60.79061439533281,12.20938560466719
7,61.0,60.79061439533281,0.20938560466719025
4,71.0,52.471425921416,18.528574078584
4,82.0,52.471425921416,29.528574078584
4,25.0,52.471425921416,-27.471425921416
5,76.0,55.24448874605494,20.75551125394506
5,39.0,55.24448874605494,-16.24448874605494
8,91.0,63.56367721997175,27.43632278002825
9,73.0,66.33674004461069,6.663259955389307
2,34.0,46.925300272138124,-12.925300272138124
7,64.0,60.79061439533281,3.2093856046671903
1,36.0,44.15223744749919,-8.15223744749919
1,67.0,44.15223744749919,22.84776255250081
4,63.0,52.471425921416,10.528574078584
7,64.0,60.79061439533281,3.2093856046671903
2,29.0,46.925300272138124,-17.925300272138124
2,41.0,46.925300272138124,-5.925300272138124
1,70.0,44.15223744749919,25.84776255250081
2,57.0,46.925300272138124,10.074699727861876
7,36.0,60.79061439533281,-24.79061439533281
9,67.0,66.33674004461069,0.6632599553893073
6,29.0,58.017551570693875,-29.017551570693875
2,58.0,46.925300272138124,11.074699727861876
9,77.0,66.33674004461069,10.663259955389307
7,60.0,60.79061439533281,-0.7906143953328097
1,16.0,44.15223744749919,-28.15223744749919
9,50.0,66.33674004461069,-16.336740044610693
2,25.0,46.925300272138124,-21.925300272138124
4,68.0,52.471425921416,15.528574078584
9,52.0,66.33674004461069,-14.336740044610693
4,72.0,52.471425921416,19.528574078584
3,21.0,49.69836309677706,-28.698363096777058
1,63.0,44.15223744749919,18.84776255250081
7,74.0,60.79061439533281,13.20938560466719
6,24.0,58.017551570693875,-34.017551570693875
4,33.0,52.471425921416,-19.471425921416
6,29.0,58.017551570693875,-29.017551570693875
6,53.0,58.017551570693875,-5.017551570693875
4,68.0,52.471425921416,15.528574078584
6,75.0,58.017551570693875,16.982448429306125
8,41.0,63.56367721997175,-22.56367721997175
3,34.0,49.69836309677706,-15.698363096777058
4,29.0,52.471425921416,-23.471425921416
1,44.0,44.15223744749919,-0.15223744749918922
4,42.0,52.471425921416,-10.471425921416
9,90.0,66.33674004461069,23.663259955389307
8,52.0,63.56367721997175,-11.563677219971751
4,55.0,52.471425921416,2.5285740785840005
7,63.0,60.79061439533281,2.2093856046671903
3,56.0,49.69836309677706,6.301636903222942
9,76.0,66.33674004461069,9.663259955389307
4,62.0,52.471425921416,9.528574078584
2,39.0,46.925300272138124,-7.925300272138124
5,78.0,55.24448874605494,22.75551125394506
2,35.0,46.925300272138124,-11.925300272138124
6,74.0,58.017551570693875,15.982448429306125
1,58.0,44.15223744749919,13.84776255250081
6,72.0,58.017551570693875,13.982448429306125
4,62.0,52.471425921416,9.528574078584
3,52.0,49.69836309677706,2.301636903222942
2,65.0,46.925300272138124,18.074699727861876
7,50.0,60.79061439533281,-10.79061439533281
9,61.0,66.33674004461069,-5.336740044610693
3,57.0,49.69836309677706,7.301636903222942
6,51.0,58.017551570693875,-7.017551570693875
9,37.0,66.33674004461069,-29.336740044610693
2,40.0,46.925300272138124,-6.925300272138124
7,91.0,60.79061439533281,30.20938560466719
5,77.0,55.24448874605494,21.75551125394506
5,31.0,55.24448874605494,-24.24448874605494
7,61.0,60.79061439533281,0.20938560466719025
9,85.0,66.33674004461069,18.663259955389307
4,47.0,52.471425921416,-5.4714259214159995
9,57.0,66.33674004461069,-9.336740044610693
9,95.0,66.33674004461069,28.663259955389307
4,23.0,52.471425921416,-29.471425921416
3,74.0,49.69836309677706,24.301636903222942
2,67.0,46.925300272138124,20.074699727861876
9,52.0,66.33674004461069,-14.336740044610693
2,50.0,46.925300272138124,3.0746997278618764
6,38.0,58.017551570693875,-20.017551570693875
5,76.0,55.24448874605494,20.75551125394506
5,88.0,55.24448874605494,32.75551125394506
4,73.0,52.471425921416,20.528574078584
6,81.0,58.017551570693875,22.982448429306125
5,41.0,55.24448874605494,-14.244488746054941
4,72.0,52.471425921416,19.528574078584
9,39.0,66.33674004461069,-27.336740044610693
6,62.0,58.017551570693875,3.9824484293061246
3,54.0,49.69836309677706,4.301636903222942
6,68.0,58.017551570693875,9.982448429306125
1,40.0,44.15223744749919,-4.152237447499189
5,72.0,55.24448874605494,16.75551125394506
6,83.0,58.017551570693875,24.982448429306125
8,49.0,63.56367721997175,-14.563677219971751
9,47.0,66.33674004461069,-19.336740044610693
3,27.0,49.69836309677706,-22.698363096777058
2,76.0,46.925300272138124,29.074699727861876
4,55.0,52.471425921416,2.5285740785840005
8,49.0,63.56367721997175,-14.563677219971751
8,69.0,63.56367721997175,5.436322780028249
3,72.0,49.69836309677706,22.301636903222942
4,66.0,52.471425921416,13.528574078584
3,62.0,49.69836309677706,12.301636903222942
2,55.0,46.925300272138124,8.074699727861876
4,65.0,52.471425921416,12.528574078584
6,88.0,58.017551570693875,29.982448429306125
5,32.0,55.24448874605494,-23.24448874605494
3,66.0,49.69836309677706,16.301636903222942
2,20.0,46.925300272138124,-26.925300272138124
9,35.0,66.33674004461069,-31.336740044610693
1,30.0,44.15223744749919,-14.15223744749919
9,54.0,66.33674004461069,-12.336740044610693
1,42.0,44.15223744749919,-2.152237447499189
7,67.0,60.79061439533281,6.20938560466719
6,43.0,58.017551570693875,-15.017551570693875
7,60.0,60.79061439533281,-0.7906143953328097
3,72.0,49.69836309677706,22.301636903222942
3,79.0,49.69836309677706,29.301636903222942
1,41.0,44.15223744749919,-3.152237447499189
4,25.0,52.471425921416,-27.471425921416
2,23.0,46.925300272138124,-23.925300272138124
8,82.0,63.56367721997175,18.43632278002825
3,67.0,49.69836309677706,17.301636903222942
7,48.0,60.79061439533281,-12.79061439533281
7,74.0,60.79061439533281,13.20938560466719
9,70.0,66.33674004461069,3.6632599553893073
6,60.0,58.017551570693875,1.9824484293061246
1,46.0,44.15223744749919,1.8477625525008108
8,41.0,63.56367721997175,-22.56367721997175
1,50.0,44.15223744749919,5.847762552500811
3,49.0,49.69836309677706,-0.698363096777058
5,40.0,55.24448874605494,-15.244488746054941
8,61.0,63.56367721997175,-2.5636772199717512
9,56.0,66.33674004461069,-10.336740044610693
7,82.0,60.79061439533281,21.20938560466719
9,88.0,66.33674004461069,21.663259955389307
3,19.0,49.69836309677706,-30.698363096777058
5,89.0,55.24448874605494,33.75551125394506
8,92.0,63.56367721997175,28.43632278002825
1,62.0,44.15223744749919,17.84776255250081
8,70.0,63.56367721997175,6.436322780028249
7,88.0,60.79061439533281,27.20938560466719
1,42.0,44.15223744749919,-2.152237447499189
6,89.0,58.017551570693875,30.982448429306125
1,51.0,44.15223744749919,6.847762552500811
2,48.0,46.925300272138124,1.0746997278618764
5,59.0,55.24448874605494,3.755511253945059
2,40.0,46.925300272138124,-6.925300272138124
1,71.0,44.15223744749919,26.84776255250081
6,71.0,58.017551570693875,12.982448429306125
8,50.0,63.56367721997175,-13.563677219971751
8,78.0,63.56367721997175,14.436322780028249
8,84.0,63.56367721997175,20.43632278002825
6,29.0,58.017551570693875,-29.017551570693875
3,63.0,49.69836309677706,13.301636903222942
1,34.0,44.15223744749919,-10.15223744749919
2,68.0,46.925300272138124,21.074699727861876
5,52.0,55.24448874605494,-3.244488746054941
5,51.0,55.24448874605494,-4.244488746054941
1,46.0,44.15223744749919,1.8477625525008108
1,32.0,44.15223744749919,-12.15223744749919
9,61.0,66.33674004461069,-5.336740044610693
2,74.0,46.925300272138124,27.074699727861876
7,29.0,60.79061439533281,-31.79061439533281
4,82.0,52.471425921416,29.528574078584
7,43.0,60.79061439533281,-17.79061439533281
8,67.0,63.56367721997175,3.4363227800282488
5,38.0,55.24448874605494,-17.24448874605494
1,30.0,44.15223744749919,-14.15223744749919
4,69.0,52.471425921416,16.528574078584
3,52.0,49.69836309677706,2.301636903222942
5,33.0,55.24448874605494,-22.24448874605494
6,48.0,58.017551570693875,-10.017551570693875
2,23.0,46.925300272138124,-23.925300272138124
7,41.0,60.79061439533281,-19.79061439533281
3,78.0,49.69836309677706,28.301636903222942
1,53.0,44.15223744749919,8.84776255250081
3,39.0,49.69836309677706,-10.698363096777058
9,84.0,66.33674004461069,17.663259955389307
6,70.0,58.017551570693875,11.982448429306125
6,83.0,58.017551570693875,24.982448429306125
4,81.0,52.471425921416,28.528574078584
8,82.0,63.56367721997175,18.43632278002825
5,33.0,55.24448874605494,-22.24448874605494
7,64.0,60.79061439533281,3.2093856046671903
9,59.0,66.33674004461069,-7.336740044610693
5,36.0,55.24448874605494,-19.24448874605494
5,36.0,55.24448874605494,-19.24448874605494
4,81.0,52.471425921416,28.528574078584
6,47.0,58.017551570693875,-11.017551570693875
2,69.0,46.925300272138124,22.074699727861876
3,80.0,49.69836309677706,30.301636903222942
1,55.0,44.15223744749919,10.84776255250081
2,54.0,46.925300272138124,7.074699727861876
2,40.0,46.925300272138124,-6.925300272138124
8,70.0,63.56367721997175,6.436322780028249
8,71.0,63.56367721997175,7.436322780028249
2,47.0,46.925300272138124,0.0746997278618764
6,62.0,58.017551570693875,3.9824484293061246
5,59.0,55.24448874605494,3.755511253945059
3,48.0,49.69836309677706,-1.698363096777058
5,47.0,55.24448874605494,-8.244488746054941
5,72.0,55.24448874605494,16.75551125394506
5,32.0,55.24448874605494,-23.24448874605494
3,47.0,49.69836309677706,-2.698363096777058
3,76.0,49.69836309677706,26.301636903222942
4,29.0,52.471425921416,-23.471425921416
7,87.0,60.79061439533281,26.20938560466719
2,71.0,46.925300272138124,24.074699727861876
4,75.0,52.471425921416,22.528574078584
4,63.0,52.471425921416,10.528574078584
1,28.0,44.15223744749919,-16.15223744749919
8,64.0,63.56367721997175,0.43632278002824876
1,16.0,44.15223744749919,-28.15223744749919
8,89.0,63.56367721997175,25.43632278002825
7,90.0,60.79061439533281,29.20938560466719
9,91.0,66.33674004461069,24.663259955389307
8,43.0,63.56367721997175,-20.56367721997175
5,84.0,55.24448874605494,28.75551125394506
8,47.0,63.56367721997175,-16.56367721997175
3,47.0,49.69836309677706,-2.698363096777058
7,71.0,60.79061439533281,10.20938560466719
4,37.0,52.471425921416,-15.471425921416
5,35.0,55.24448874605494,-20.24448874605494
9,38.0,66.33674004461069,-28.336740044610693
7,85.0,60.79061439533281,24.20938560466719
4,58.0,52.471425921416,5.5285740785840005
6,69.0,58.017551570693875,10.982448429306125
7,74.0,60.79061439533281,13.20938560466719
9,89.0,66.33674004461069,22.663259955389307
4,80.0,52.471425921416,27.528574078584
3,21.0,49.69836309677706,-28.698363096777058
8,45.0,63.56367721997175,-18.56367721997175
1,74.0,44.15223744749919,29.84776255250081
9,77.0,66.33674004461069,10.663259955389307
1,51.0,44.15223744749919,6.847762552500811
2,38.0,46.925300272138124,-8.925300272138124
8,69.0,63.56367721997175,5.436322780028249
9,98.0,66.33674004461069,31.663259955389307
7,85.0,60.79061439533281,24.20938560466719
3,62.0,49.69836309677706,12.301636903222942
7,38.0,60.79061439533281,-22.79061439533281
6,57.0,58.017551570693875,-1.0175515706938754
2,41.0,46.925300272138124,-5.925300272138124
3,76.0,49.69836309677706,26.301636903222942
5,30.0,55.24448874605494,-25.24448874605494
4,28.0,52.471425921416,-24.471425921416
2,56.0,46.925300272138124,9.074699727861876
4,77.0,52.471425921416,24.528574078584
8,85.0,63.56367721997175,21.43632278002825
5,72.0,55.24448874605494,16.75551125394506
5,42.0,55.24448874605494,-13.244488746054941
3,56.0,49.69836309677706,6.301636903222942
8,43.0,63.56367721997175,-20.56367721997175
6,38.0,58.017551570693875,-20.017551570693875
2,38.0,46.925300272138124,-8.925300272138124
2,30.0,46.925300272138124,-16.925300272138124
9,52.0,66.33674004461069,-14.336740044610693
7,55.0,60.79061439533281,-5.79061439533281
9,67.0,66.33674004461069,0.6632599553893073
6,78.0,58.017551570693875,19.982448429306125
5,51.0,55.24448874605494,-4.244488746054941
1,39.0,44.15223744749919,-5.152237447499189
6,46.0,58.017551570693875,-12.017551570693875
6,67.0,58.017551570693875,8.982448429306125
3,52.0,49.69836309677706,2.301636903222942
3,36.0,49.69836309677706,-13.698363096777058
3,54.0,49.69836309677706,4.301636903222942
3,25.0,49.69836309677706,-24.698363096777058
7,53.0,60.79061439533281,-7.79061439533281
2,28.0,46.925300272138124,-18.925300272138124
2,64.0,46.925300272138124,17.074699727861876
3,77.0,49.69836309677706,27.301636903222942
7,46.0,60.79061439533281,-14.79061439533281
3,69.0,49.69836309677706,19.301636903222942
7,74.0,60.79061439533281,13.20938560466719
9,85.0,66.33674004461069,18.663259955389307
4,49.0,52.471425921416,-3.4714259214159995
7,89.0,60.79061439533281,28.20938560466719
9,88.0,66.33674004461069,21.663259955389307
8,40.0,63.56367721997175,-23.56367721997175
8,58.0,63.56367721997175,-5.563677219971751
9,63.0,66.33674004461069,-3.3367400446106927
5,57.0,55.24448874605494,1.755511253945059
5,87.0,55.24448874605494,31.75551125394506
3,40.0,49.69836309677706,-9.698363096777058
5,67.0,55.24448874605494,11.755511253945059
8,32.0,63.56367721997175,-31.56367721997175
5,27.0,55.24448874605494,-28.24448874605494
4,47.0,52.471425921416,-5.4714259214159995
8,51.0,63.56367721997175,-12.563677219971751
7,72.0,60.79061439533281,11.20938560466719
6,31.0,58.017551570693875,-27.017551570693875
5,42.0,55.24448874605494,-13.244488746054941
5,28.0,55.24448874605494,-27.24448874605494
2,45.0,46.925300272138124,-1.9253002721381236
4,75.0,52.471425921416,22.528574078584
8,81.0,63.56367721997175,17.43632278002825
8,88.0,63.56367721997175,24.43632278002825
1,67.0,44.15223744749919,22.84776255250081
2,62.0,46.925300272138124,15.074699727861876
5,59.0,55.24448874605494,3.755511253945059
9,75.0,66.33674004461069,8.663259955389307
7,30.0,60.79061439533281,-30.79061439533281
5,62.0,55.24448874605494,6.755511253945059
1,17.0,44.15223744749919,-27.15223744749919
6,47.0,58.017551570693875,-11.017551570693875
8,87.0,63.56367721997175,23.43632278002825
7,51.0,60.79061439533281,-9.79061439533281
2,72.0,46.925300272138124,25.074699727861876
5,76.0,55.24448874605494,20.75551125394506
4,56.0,52.471425921416,3.5285740785840005
9,86.0,66.33674004461069,19.663259955389307
1,37.0,44.15223744749919,-7.152237447499189
6,35.0,58.017551570693875,-23.017551570693875
3,54.0,49.69836309677706,4.301636903222942
9,83.0,66.33674004461069,16.663259955389307
5,40.0,55.24448874605494,-15.244488746054941
6,78.0,58.017551570693875,19.982448429306125
9,47.0,66.33674004461069,-19.336740044610693
9,68.0,66.33674004461069,1.6632599553893073
8,67.0,63.56367721997175,3.4363227800282488
9,92.0,66.33674004461069,25.663259955389307
4,67.0,52.471425921416,14.528574078584
6,59.0,58.017551570693875,0.9824484293061246
5,61.0,55.24448874605494,5.755511253945059
5,69.0,55.24448874605494,13.755511253945059
4,53.0,52.471425921416,0.5285740785840005
2,48.0,46.925300272138124,1.0746997278618764
6,32.0,58.017551570693875,-26.017551570693875
9,47.0,66.33674004461069,-19.336740044610693
1,71.0,44.15223744749919,26.84776255250081
7,48.0,60.79061439533281,-12.79061439533281
6,43.0,58.017551570693875,-15.017551570693875
3,44.0,49.69836309677706,-5.698363096777058
1,53.0,44.15223744749919,8.84776255250081
4,24.0,52.471425921416,-28.471425921416
9,76.0,66.33674004461069,9.663259955389307
2,58.0,46.925300272138124,11.074699727861876
3,59.0,49.69836309677706,9.301636903222942
2,51.0,46.925300272138124,4.074699727861876
2,68.0,46.925300272138124,21.074699727861876
8,73.0,63.56367721997175,9.436322780028249
3,60.0,49.69836309677706,10.301636903222942
7,56.0,60.79061439533281,-4.79061439533281
8,66.0,63.56367721997175,2.4363227800282488
3,34.0,49.69836309677706,-15.698363096777058
2,75.0,46.925300272138124,28.074699727861876
8,53.0,63.56367721997175,-10.563677219971751
3,31.0,49.69836309677706,-18.698363096777058
7,88.0,60.79061439533281,27.20938560466719
1,48.0,44.15223744749919,3.847762552500811
6,56.0,58.017551570693875,-2.0175515706938754
9,67.0,66.33674004461069,0.6632599553893073
3,29.0,49.69836309677706,-20.698363096777058
7,30.0,60.79061439533281,-30.79061439533281
6,40.0,58.017551570693875,-18.017551570693875
8,64.0,63.56367721997175,0.43632278002824876
3,23.0,49.69836309677706,-26.698363096777058
3,39.0,49.69836309677706,-10.698363096777058
4,33.0,52.471425921416,-19.471425921416
3,33.0,49.69836309677706,-16.698363096777058
9,68.0,66.33674004461069,1.6632599553893073
4,32.0,52.471425921416,-20.471425921416
6,33.0,58.017551570693875,-25.017551570693875
8,83.0,63.56367721997175,19.43632278002825
8,41.0,63.56367721997175,-22.56367721997175
5,76.0,55.24448874605494,20.75551125394506
5,76.0,55.24448874605494,20.75551125394506
6,45.0,58.017551570693875,-13.017551570693875
7,72.0,60.79061439533281,11.20938560466719
7,60.0,60.79061439533281,-0.7906143953328097
4,75.0,52.471425921416,22.528574078584
6,55.0,58.017551570693875,-3.0175515706938754
7,91.0,60.79061439533281,30.20938560466719
5,56.0,55.24448874605494,0.755511253945059
5,77.0,55.24448874605494,21.75551125394506
2,47.0,46.925300272138124,0.0746997278618764
7,37.0,60.79061439533281,-23.79061439533281
6,61.0,58.017551570693875,2.9824484293061246
1,58.0,44.15223744749919,13.84776255250081
4,42.0,52.471425921416,-10.471425921416
3,40.0,49.69836309677706,-9.698363096777058
3,59.0,49.69836309677706,9.301636903222942
7,53.0,60.79061439533281,-7.79061439533281
4,47.0,52.471425921416,-5.4714259214159995
8,72.0,63.56367721997175,8.436322780028249
9,90.0,66.33674004461069,23.663259955389307
3,43.0,49.69836309677706,-6.698363096777058
5,35.0,55.24448874605494,-20.24448874605494
4,52.0,52.471425921416,-0.4714259214159995
6,47.0,58.017551570693875,-11.017551570693875
4,50.0,52.471425921416,-2.4714259214159995
8,57.0,63.56367721997175,-6.563677219971751
3,58.0,49.69836309677706,8.301636903222942
5,78.0,55.24448874605494,22.75551125394506
1,25.0,44.15223744749919,-19.15223744749919
6,64.0,58.017551570693875,5.982448429306125
5,61.0,55.24448874605494,5.755511253945059
8,42.0,63.56367721997175,-21.56367721997175
9,39.0,66.33674004461069,-27.336740044610693
8,46.0,63.56367721997175,-17.56367721997175
8,88.0,63.56367721997175,24.43632278002825
3,26.0,49.69836309677706,-23.698363096777058
4,49.0,52.471425921416,-3.4714259214159995
4,34.0,52.471425921416,-18.471425921416
5,31.0,55.24448874605494,-24.24448874605494
9,52.0,66.33674004461069,-14.336740044610693
9,68.0,66.33674004461069,1.6632599553893073
1,50.0,44.15223744749919,5.847762552500811
8,93.0,63.56367721997175,29.43632278002825
1,32.0,44.15223744749919,-12.15223744749919
2,48.0,46.925300272138124,1.0746997278618764
7,36.0,60.79061439533281,-24.79061439533281
8,54.0,63.56367721997175,-9.563677219971751
1,55.0,44.15223744749919,10.84776255250081
3,74.0,49.69836309677706,24.301636903222942
7,53.0,60.79061439533281,-7.79061439533281
9,76.0,66.33674004461069,9.663259955389307
8,54.0,63.56367721997175,-9.563677219971751
8,80.0,63.56367721997175,16.43632278002825
9,68.0,66.33674004461069,1.6632599553893073
3,63.0,49.69836309677706,13.301636903222942
8,46.0,63.56367721997175,-17.56367721997175
1,45.0,44.15223744749919,0.8477625525008108
8,43.0,63.56367721997175,-20.56367721997175
7,83.0,60.79061439533281,22.20938560466719
8,56.0,63.56367721997175,-7.563677219971751
1,29.0,44.15223744749919,-15.15223744749919
6,79.0,58.017551570693875,20.982448429306125
7,40.0,60.79061439533281,-20.79061439533281
5,55.0,55.24448874605494,-0.24448874605494098
5,55.0,55.24448874605494,-0.24448874605494098
7,65.0,60.79061439533281,4.20938560466719
3,41.0,49.69836309677706,-8.698363096777058
6,53.0,58.017551570693875,-5.017551570693875
7,41.0,60.79061439533281,-19.79061439533281
1,34.0,44.15223744749919,-10.15223744749919
2,23.0,46.925300272138124,-23.925300272138124
4,70.0,52.471425921416,17.528574078584
8,38.0,63.56367721997175,-25.56367721997175
6,45.0,58.017551570693875,-13.017551570693875
1,14.0,44.15223744749919,-30.15223744749919
5,37.0,55.24448874605494,-18.24448874605494
7,33.0,60.79061439533281,-27.79061439533281
6,81.0,58.017551570693875,22.982448429306125
9,68.0,66.33674004461069,1.6632599553893073
8,76.0,63.56367721997175,12.436322780028249
4,74.0,52.471425921416,21.528574078584
5,41.0,55.24448874605494,-14.244488746054941
7,70.0,60.79061439533281,9.20938560466719
8,89.0,63.56367721997175,25.43632278002825
5,25.0,55.24448874605494,-30.24448874605494
9,36.0,66.33674004461069,-30.336740044610693
4,27.0,52.471425921416,-25.471425921416
4,71.0,52.471425921416,18.528574078584
8,56.0,63.56367721997175,-7.563677219971751
1,41.0,44.15223744749919,-3.152237447499189
8,41.0,63.56367721997175,-22.56367721997175
5,34.0,55.24448874605494,-21.24448874605494
1,23.0,44.15223744749919,-21.15223744749919
4,78.0,52.471425921416,25.528574078584
2,76.0,46.925300272138124,29.074699727861876
4,78.0,52.471425921416,25.528574078584
8,38.0,63.56367721997175,-25.56367721997175
5,48.0,55.24448874605494,-7.244488746054941
1,65.0,44.15223744749919,20.84776255250081
7,59.0,60.79061439533281,-1.7906143953328097
1,52.0,44.15223744749919,7.847762552500811
9,97.0,66.33674004461069,30.663259955389307
3,54.0,49.69836309677706,4.301636903222942
3,34.0,49.69836309677706,-15.698363096777058
6,80.0,58.017551570693875,21.982448429306125
6,54.0,58.017551570693875,-4.017551570693875
6,63.0,58.017551570693875,4.982448429306125
1,26.0,44.15223744749919,-18.15223744749919
5,85.0,55.24448874605494,29.75551125394506
6,40.0,58.017551570693875,-18.017551570693875
8,68.0,63.56367721997175,4.436322780028249
1,32.0,44.15223744749919,-12.15223744749919
5,44.0,55.24448874605494,-11.244488746054941
3,70.0,49.69836309677706,20.301636903222942
2,66.0,46.925300272138124,19.074699727861876
8,76.0,63.56367721997175,12.436322780028249
7,29.0,60.79061439533281,-31.79061439533281
7,70.0,60.79061439533281,9.20938560466719
5,64.0,55.24448874605494,8.755511253945059
9,76.0,66.33674004461069,9.663259955389307
5,72.0,55.24448874605494,16.75551125394506
2,24.0,46.925300272138124,-22.925300272138124
3,40.0,49.69836309677706,-9.698363096777058
4,37.0,52.471425921416,-15.471425921416
5,42.0,55.24448874605494,-13.244488746054941
3,28.0,49.69836309677706,-21.698363096777058
7,61.0,60.79061439533281,0.20938560466719025
5,53.0,55.24448874605494,-2.244488746054941
5,50.0,55.24448874605494,-5.244488746054941
6,55.0,58.017551570693875,-3.0175515706938754
7,67.0,60.79061439533281,6.20938560466719
8,79.0,63.56367721997175,15.436322780028249
9,77.0,66.33674004461069,10.663259955389307
4,26.0,52.471425921416,-26.471425921416
5,26.0,55.24448874605494,-29.24448874605494
5,44.0,55.24448874605494,-11.244488746054941
8,80.0,63.56367721997175,16.43632278002825
9,73.0,66.33674004461069,6.663259955389307
7,61.0,60.79061439533281,0.20938560466719025
5,53.0,55.24448874605494,-2.244488746054941
3,59.0,49.69836309677706,9.301636903222942
1,40.0,44.15223744749919,-4.152237447499189
9,88.0,66.33674004461069,21.663259955389307
5,76.0,55.24448874605494,20.75551125394506
9,65.0,66.33674004461069,-1.3367400446106927
4,23.0,52.471425921416,-29.471425921416
5,50.0,55.24448874605494,-5.244488746054941
4,59.0,52.471425921416,6.5285740785840005
2,57.0,46.925300272138124,10.074699727861876
1,14.0,44.15223744749919,-30.15223744749919
8,41.0,63.56367721997175,-22.56367721997175
4,81.0,52.471425921416,28.528574078584
5,47.0,55.24448874605494,-8.244488746054941
6,67.0,58.017551570693875,8.982448429306125
8,92.0,63.56367721997175,28.43632278002825
8,95.0,63.56367721997175,31.43632278002825
7,79.0,60.79061439533281,18.20938560466719
4,24.0,52.471425921416,-28.471425921416
6,67.0,58.017551570693875,8.982448429306125
4,30.0,52.471425921416,-22.471425921416
7,91.0,60.79061439533281,30.20938560466719
1,21.0,44.15223744749919,-23.15223744749919
5,87.0,55.24448874605494,31.75551125394506
4,69.0,52.471425921416,16.528574078584
7,72.0,60.79061439533281,11.20938560466719
9,70.0,66.33674004461069,3.6632599553893073
5,66.0,55.24448874605494,10.755511253945059
4,55.0,52.471425921416,2.5285740785840005
9,60.0,66.33674004461069,-6.336740044610693
5,67.0,55.24448874605494,11.755511253945059
9,65.0,66.33674004461069,-1.3367400446106927
8,87.0,63.56367721997175,23.43632278002825
4,48.0,52.471425921416,-4.4714259214159995
7,87.0,60.79061439533281,26.20938560466719
5,84.0,55.24448874605494,28.75551125394506
4,32.0,52.471425921416,-20.471425921416
5,27.0,55.24448874605494,-28.24448874605494
5,37.0,55.24448874605494,-18.24448874605494
9,43.0,66.33674004461069,-23.336740044610693
9,77.0,66.33674004461069,10.663259955389307
6,65.0,58.017551570693875,6.982448429306125
4,43.0,52.471425921416,-9.471425921416
2,64.0,46.925300272138124,17.074699727861876
3,43.0,49.69836309677706,-6.698363096777058
2,57.0,46.925300272138124,10.074699727861876
5,73.0,55.24448874605494,17.75551125394506
6,32.0,58.017551570693875,-26.017551570693875
5,85.0,55.24448874605494,29.75551125394506
2,54.0,46.925300272138124,7.074699727861876
5,81.0,55.24448874605494,25.75551125394506
9,79.0,66.33674004461069,12.663259955389307
4,58.0,52.471425921416,5.5285740785840005
2,53.0,46.925300272138124,6.074699727861876
3,25.0,49.69836309677706,-24.698363096777058
3,41.0,49.69836309677706,-8.698363096777058
9,44.0,66.33674004461069,-22.336740044610693
4,70.0,52.471425921416,17.528574078584
1,29.0,44.15223744749919,-15.15223744749919
1,34.0,44.15223744749919,-10.15223744749919
7,56.0,60.79061439533281,-4.79061439533281
7,49.0,60.79061439533281,-11.79061439533281
2,78.0,46.925300272138124,31.074699727861876
9,88.0,66.33674004461069,21.663259955389307
9,45.0,66.33674004461069,-21.336740044610693
5,77.0,55.24448874605494,21.75551125394506
3,76.0,49.69836309677706,26.301636903222942
3,70.0,49.69836309677706,20.301636903222942
3,80.0,49.69836309677706,30.301636903222942
6,45.0,58.017551570693875,-13.017551570693875
4,71.0,52.471425921416,18.528574078584
8,42.0,63.56367721997175,-21.56367721997175
5,65.0,55.24448874605494,9.755511253945059
1,56.0,44.15223744749919,11.84776255250081
9,93.0,66.33674004461069,26.663259955389307
1,62.0,44.15223744749919,17.84776255250081
6,52.0,58.017551570693875,-6.017551570693875
1,24.0,44.15223744749919,-20.15223744749919
3,61.0,49.69836309677706,11.301636903222942
5,78.0,55.24448874605494,22.75551125394506
7,28.0,60.79061439533281,-32.79061439533281
8,86.0,63.56367721997175,22.43632278002825
9,69.0,66.33674004461069,2.6632599553893073
6,71.0,58.017551570693875,12.982448429306125
9,91.0,66.33674004461069,24.663259955389307
8,79.0,63.56367721997175,15.436322780028249
9,41.0,66.33674004461069,-25.336740044610693
4,36.0,52.471425921416,-16.471425921416
9,57.0,66.33674004461069,-9.336740044610693
7,54.0,60.79061439533281,-6.79061439533281
5,75.0,55.24448874605494,19.75551125394506
5,40.0,55.24448874605494,-15.244488746054941
1,61.0,44.15223744749919,16.84776255250081
2,67.0,46.925300272138124,20.074699727861876
3,72.0,49.69836309677706,22.301636903222942
8,42.0,63.56367721997175,-21.56367721997175
6,60.0,58.017551570693875,1.9824484293061246
5,41.0,55.24448874605494,-14.244488746054941
1,32.0,44.15223744749919,-12.15223744749919
9,53.0,66.33674004461069,-13.336740044610693
3,42.0,49.69836309677706,-7.698363096777058
3,49.0,49.69836309677706,-0.698363096777058
2,56.0,46.925300272138124,9.074699727861876
4,24.0,52.471425921416,-28.471425921416
2,39.0,46.925300272138124,-7.925300272138124
9,61.0,66.33674004461069,-5.336740044610693
7,78.0,60.79061439533281,17.20938560466719
8,53.0,63.56367721997175,-10.563677219971751
3,48.0,49.69836309677706,-1.698363096777058
6,54.0,58.017551570693875,-4.017551570693875
6,70.0,58.017551570693875,11.982448429306125
1,59.0,44.15223744749919,14.84776255250081
6,89.0,58.017551570693875,30.982448429306125
3,58.0,49.69836309677706,8.301636903222942
3,52.0,49.69836309677706,2.301636903222942
3,32.0,49.69836309677706,-17.698363096777058
8,32.0,63.56367721997175,-31.56367721997175
5,69.0,55.24448874605494,13.755511253945059
4,40.0,52.471425921416,-12.471425921416
9,73.0,66.33674004461069,6.663259955389307
9,39.0,66.33674004461069,-27.336740044610693
1,40.0,44.15223744749919,-4.152237447499189
2,35.0,46.925300272138124,-11.925300272138124
8,52.0,63.56367721997175,-11.563677219971751
5,77.0,55.24448874605494,21.75551125394506
7,67.0,60.79061439533281,6.20938560466719
1,58.0,44.15223744749919,13.84776255250081
5,66.0,55.24448874605494,10.755511253945059
3,66.0,49.69836309677706,16.301636903222942
2,62.0,46.925300272138124,15.074699727861876
2,66.0,46.925300272138124,19.074699727861876
9,49.0,66.33674004461069,-17.336740044610693
4,32.0,52.471425921416,-20.471425921416
4,32.0,52.471425921416,-20.471425921416
7,38.0,60.79061439533281,-22.79061439533281
2,16.0,46.925300272138124,-30.925300272138124
3,35.0,49.69836309677706,-14.698363096777058
3,49.0,49.69836309677706,-0.698363096777058
6,29.0,58.017551570693875,-29.017551570693875
3,34.0,49.69836309677706,-15.698363096777058
5,33.0,55.24448874605494,-22.24448874605494
4,73.0,52.471425921416,20.528574078584
3,23.0,49.69836309677706,-26.698363096777058
8,35.0,63.56367721997175,-28.56367721997175
3,30.0,49.69836309677706,-19.698363096777058
6,73.0,58.017551570693875,14.982448429306125
7,43.0,60.79061439533281,-17.79061439533281
7,38.0,60.79061439533281,-22.79061439533281
2,21.0,46.925300272138124,-25.925300272138124
3,26.0,49.69836309677706,-23.698363096777058
4,43.0,52.471425921416,-9.471425921416
7,32.0,60.79061439533281,-28.79061439533281
2,64.0,46.925300272138124,17.074699727861876
3,20.0,49.69836309677706,-29.698363096777058
7,41.0,60.79061439533281,-19.79061439533281
7,70.0,60.79061439533281,9.20938560466719
3,36.0,49.69836309677706,-13.698363096777058
1,26.0,44.15223744749919,-18.15223744749919
3,37.0,49.69836309677706,-12.698363096777058
5,89.0,55.24448874605494,33.75551125394506
7,77.0,60.79061439533281,16.20938560466719
4,47.0,52.471425921416,-5.4714259214159995
1,33.0,44.15223744749919,-11.15223744749919
6,61.0,58.017551570693875,2.9824484293061246
2,39.0,46.925300272138124,-7.925300272138124
3,74.0,49.69836309677706,24.301636903222942
4,54.0,52.471425921416,1.5285740785840005
6,47.0,58.017551570693875,-11.017551570693875
6,49.0,58.017551570693875,-9.017551570693875
7,53.0,60.79061439533281,-7.79061439533281
5,66.0,55.24448874605494,10.755511253945059
7,84.0,60.79061439533281,23.20938560466719
2,27.0,46.925300272138124,-19.925300272138124
1,23.0,44.15223744749919,-21.15223744749919
8,72.0,63.56367721997175,8.436322780028249
1,16.0,44.15223744749919,-28.15223744749919
2,47.0,46.925300272138124,0.0746997278618764
6,73.0,58.017551570693875,14.982448429306125
1,45.0,44.15223744749919,0.8477625525008108
3,68.0,49.69836309677706,18.301636903222942
7,69.0,60.79061439533281,8.20938560466719
8,69.0,63.56367721997175,5.436322780028249
4,69.0,52.471425921416,16.528574078584
3,65.0,49.69836309677706,15.301636903222942
1,48.0,44.15223744749919,3.847762552500811
9,57.0,66.33674004461069,-9.336740044610693
6,62.0,58.017551570693875,3.9824484293061246
6,70.0,58.017551570693875,11.982448429306125
9,73.0,66.33674004461069,6.663259955389307
1,39.0,44.15223744749919,-5.152237447499189
6,53.0,58.017551570693875,-5.017551570693875
5,40.0,55.24448874605494,-15.244488746054941
6,47.0,58.017551570693875,-11.017551570693875
8,68.0,63.56367721997175,4.436322780028249
5,73.0,55.24448874605494,17.75551125394506
2,23.0,46.925300272138124,-23.925300272138124
2,39.0,46.925300272138124,-7.925300272138124
5,40.0,55.24448874605494,-15.244488746054941
3,42.0,49.69836309677706,-7.698363096777058
3,35.0,49.69836309677706,-14.698363096777058
8,47.0,63.56367721997175,-16.56367721997175
7,46.0,60.79061439533281,-14.79061439533281
1,26.0,44.15223744749919,-18.15223744749919
5,36.0,55.24448874605494,-19.24448874605494
9,75.0,66.33674004461069,8.663259955389307
4,48.0,52.471425921416,-4.4714259214159995
1,57.0,44.15223744749919,12.84776255250081
8,62.0,63.56367721997175,-1.5636772199717512
5,50.0,55.24448874605494,-5.244488746054941
2,30.0,46.925300272138124,-16.925300272138124
1,44.0,44.15223744749919,-0.15223744749918922
3,36.0,49.69836309677706,-13.698363096777058
9,69.0,66.33674004461069,2.6632599553893073
1,66.0,44.15223744749919,21.84776255250081
4,46.0,52.471425921416,-6.4714259214159995
8,68.0,63.56367721997175,4.436322780028249
8,68.0,63.56367721997175,4.436322780028249
8,37.0,63.56367721997175,-26.56367721997175
8,36.0,63.56367721997175,-27.56367721997175
4,40.0,52.471425921416,-12.471425921416
8,40.0,63.56367721997175,-23.56367721997175
9,60.0,66.33674004461069,-6.336740044610693
7,70.0,60.79061439533281,9.20938560466719
2,43.0,46.925300272138124,-3.9253002721381236
9,81.0,66.33674004461069,14.663259955389307
8,42.0,63.56367721997175,-21.56367721997175
5,60.0,55.24448874605494,4.755511253945059
3,36.0,49.69836309677706,-13.698363096777058
7,46.0,60.79061439533281,-14.79061439533281
2,60.0,46.925300272138124,13.074699727861876
3,67.0,49.69836309677706,17.301636903222942
9,49.0,66.33674004461069,-17.336740044610693
4,47.0,52.471425921416,-5.4714259214159995
4,79.0,52.471425921416,26.528574078584
3,61.0,49.69836309677706,11.301636903222942
5,82.0,55.24448874605494,26.75551125394506
3,48.0,49.69836309677706,-1.698363096777058
9,54.0,66.33674004461069,-12.336740044610693
3,75.0,49.69836309677706,25.301636903222942
2,68.0,46.925300272138124,21.074699727861876
5,50.0,55.24448874605494,-5.244488746054941
6,87.0,58.017551570693875,28.982448429306125
1,25.0,44.15223744749919,-19.15223744749919
6,45.0,58.017551570693875,-13.017551570693875
3,25.0,49.69836309677706,-24.698363096777058
4,28.0,52.471425921416,-24.471425921416
6,36.0,58.017551570693875,-22.017551570693875
8,53.0,63.56367721997175,-10.563677219971751
9,47.0,66.33674004461069,-19.336740044610693
6,84.0,58.017551570693875,25.982448429306125
7,66.0,60.79061439533281,5.20938560466719
5,66.0,55.24448874605494,10.755511253945059
9,55.0,66.33674004461069,-11.336740044610693
4,71.0,52.471425921416,18.528574078584
6,86.0,58.017551570693875,27.982448429306125
5,80.0,55.24448874605494,24.75551125394506
1,36.0,44.15223744749919,-8.15223744749919
5,57.0,55.24448874605494,1.755511253945059
5,77.0,55.24448874605494,21.75551125394506
9,52.0,66.33674004461069,-14.336740044610693
1,29.0,44.15223744749919,-15.15223744749919
5,43.0,55.24448874605494,-12.244488746054941
7,30.0,60.79061439533281,-30.79061439533281
6,74.0,58.017551570693875,15.982448429306125
6,27.0,58.017551570693875,-31.017551570693875
7,72.0,60.79061439533281,11.20938560466719
6,82.0,58.017551570693875,23.982448429306125
5,31.0,55.24448874605494,-24.24448874605494
5,62.0,55.24448874605494,6.755511253945059
9,79.0,66.33674004461069,12.663259955389307
8,92.0,63.56367721997175,28.43632278002825
4,27.0,52.471425921416,-25.471425921416
4,79.0,52.471425921416,26.528574078584
5,82.0,55.24448874605494,26.75551125394506
3,28.0,49.69836309677706,-21.698363096777058
8,73.0,63.56367721997175,9.436322780028249
7,59.0,60.79061439533281,-1.7906143953328097
5,81.0,55.24448874605494,25.75551125394506
3,59.0,49.69836309677706,9.301636903222942
5,77.0,55.24448874605494,21.75551125394506
3,26.0,49.69836309677706,-23.698363096777058
5,70.0,55.24448874605494,14.755511253945059
1,38.0,44.15223744749919,-6.152237447499189
6,42.0,58.017551570693875,-16.017551570693875
4,40.0,52.471425921416,-12.471425921416
4,35.0,52.471425921416,-17.471425921416
8,56.0,63.56367721997175,-7.563677219971751
2,48.0,46.925300272138124,1.0746997278618764
4,76.0,52.471425921416,23.528574078584
2,71.0,46.925300272138124,24.074699727861876
1,20.0,44.15223744749919,-24.15223744749919
3,75.0,49.69836309677706,25.301636903222942
8,89.0,63.56367721997175,25.43632278002825
6,79.0,58.017551570693875,20.982448429306125
7,40.0,60.79061439533281,-20.79061439533281
2,57.0,46.925300272138124,10.074699727861876
6,66.0,58.017551570693875,7.982448429306125
8,69.0,63.56367721997175,5.436322780028249
8,85.0,63.56367721997175,21.43632278002825
4,53.0,52.471425921416,0.5285740785840005
6,37.0,58.017551570693875,-21.017551570693875
5,58.0,55.24448874605494,2.755511253945059
9,71.0,66.33674004461069,4.663259955389307
8,42.0,63.56367721997175,-21.56367721997175
2,58.0,46.925300272138124,11.074699727861876
7,68.0,60.79061439533281,7.20938560466719
7,56.0,60.79061439533281,-4.79061439533281
1,52.0,44.15223744749919,7.847762552500811
1,54.0,44.15223744749919,9.84776255250081
4,66.0,52.471425921416,13.528574078584
5,48.0,55.24448874605494,-7.244488746054941
4,69.0,52.471425921416,16.528574078584
7,62.0,60.79061439533281,1.2093856046671903
3,80.0,49.69836309677706,30.301636903222942
7,71.0,60.79061439533281,10.20938560466719
8,82.0,63.56367721997175,18.43632278002825
6,56.0,58.017551570693875,-2.0175515706938754
6,53.0,58.017551570693875,-5.017551570693875
8,72.0,63.56367721997175,8.436322780028249
8,76.0,63.56367721997175,12.436322780028249
7,63.0,60.79061439533281,2.2093856046671903
6,70.0,58.017551570693875,11.982448429306125
6,59.0,58.017551570693875,0.9824484293061246
6,42.0,58.017551570693875,-16.017551570693875
8,67.0,63.56367721997175,3.4363227800282488
1,52.0,44.15223744749919,7.847762552500811
5,40.0,55.24448874605494,-15.244488746054941
3,50.0,49.69836309677706,0.301636903222942
8,79.0,63.56367721997175,15.436322780028249
6,75.0,58.017551570693875,16.982448429306125
2,63.0,46.925300272138124,16.074699727861876
7,56.0,60.79061439533281,-4.79061439533281
7,40.0,60.79061439533281,-20.79061439533281
5,57.0,55.24448874605494,1.755511253945059
8,50.0,63.56367721997175,-13.563677219971751
5,39.0,55.24448874605494,-16.24448874605494
1,36.0,44.15223744749919,-8.15223744749919
9,59.0,66.33674004461069,-7.336740044610693
4,49.0,52.471425921416,-3.4714259214159995
2,26.0,46.925300272138124,-20.925300272138124
4,28.0,52.471425921416,-24.471425921416
9,88.0,66.33674004461069,21.663259955389307
2,17.0,46.925300272138124,-29.925300272138124
4,81.0,52.471425921416,28.528574078584
2,63.0,46.925300272138124,16.074699727861876
5,74.0,55.24448874605494,18.75551125394506
3,32.0,49.69836309677706,-17.698363096777058
2,72.0,46.925300272138124,25.074699727861876
9,91.0,66.33674004461069,24.663259955389307
5,44.0,55.24448874605494,-11.244488746054941
5,66.0,55.24448874605494,10.755511253945059
1,45.0,44.15223744749919,0.8477625525008108
6,68.0,58.017551570693875,9.982448429306125
7,71.0,60.79061439533281,10.20938560466719
1,59.0,44.15223744749919,14.84776255250081
9,56.0,66.33674004461069,-10.336740044610693
8,78.0,63.56367721997175,14.436322780028249
8,81.0,63.56367721997175,17.43632278002825
7,74.0,60.79061439533281,13.20938560466719
5,65.0,55.24448874605494,9.755511253945059
3,65.0,49.69836309677706,15.301636903222942
9,40.0,66.33674004461069,-26.336740044610693
7,49.0,60.79061439533281,-11.79061439533281
8,54.0,63.56367721997175,-9.563677219971751
6,48.0,58.017551570693875,-10.017551570693875
5,40.0,55.24448874605494,-15.244488746054941
8,90.0,63.56367721997175,26.43632278002825
3,36.0,49.69836309677706,-13.698363096777058
7,89.0,60.79061439533281,28.20938560466719
2,78.0,46.925300272138124,31.074699727861876
3,69.0,49.69836309677706,19.301636903222942
2,75.0,46.925300272138124,28.074699727861876
5,58.0,55.24448874605494,2.755511253945059
7,44.0,60.79061439533281,-16.79061439533281
1,74.0,44.15223744749919,29.84776255250081
9,75.0,66.33674004461069,8.663259955389307
1,69.0,44.15223744749919,24.84776255250081
1,34.0,44.15223744749919,-10.15223744749919
8,38.0,63.56367721997175,-25.56367721997175
6,58.0,58.017551570693875,-0.017551570693875362
6,92.0,58.017551570693875,33.982448429306125
9,84.0,66.33674004461069,17.663259955389307
4,62.0,52.471425921416,9.528574078584
8,59.0,63.56367721997175,-4.563677219971751
4,62.0,52.471425921416,9.528574078584
2,75.0,46.925300272138124,28.074699727861876
8,59.0,63.56367721997175,-4.563677219971751
7,52.0,60.79061439533281,-8.79061439533281
4,69.0,52.471425921416,16.528574078584
9,67.0,66.33674004461069,0.6632599553893073
9,65.0,66.33674004461069,-1.3367400446106927
8,70.0,63.56367721997175,6.436322780028249
1,12.0,44.15223744749919,-32.15223744749919
7,86.0,60.79061439533281,25.20938560466719
5,73.0,55.24448874605494,17.75551125394506
7,41.0,60.79061439533281,-19.79061439533281
9,55.0,66.33674004461069,-11.336740044610693
2,62.0,46.925300272138124,15.074699727861876
4,61.0,52.471425921416,8.528574078584
4,33.0,52.471425921416,-19.471425921416
2,77.0,46.925300272138124,30.074699727861876
3,63.0,49.69836309677706,13.301636903222942
8,91.0,63.56367721997175,27.43632278002825
9,82.0,66.33674004461069,15.663259955389307
6,72.0,58.017551570693875,13.982448429306125
2,20.0,46.925300272138124,-26.925300272138124
2,20.0,46.925300272138124,-26.925300272138124
7,46.0,60.79061439533281,-14.79061439533281
8,44.0,63.56367721997175,-19.56367721997175
8,79.0,63.56367721997175,15.436322780028249
6,34.0,58.017551570693875,-24.017551570693875
8,92.0,63.56367721997175,28.43632278002825
1,25.0,44.15223744749919,-19.15223744749919
9,69.0,66.33674004461069,2.6632599553893073
1,20.0,44.15223744749919,-24.15223744749919
3,27.0,49.69836309677706,-22.698363096777058
9,40.0,66.33674004461069,-26.336740044610693
5,83.0,55.24448874605494,27.75551125394506
9,50.0,66.33674004461069,-16.336740044610693
9,55.0,66.33674004461069,-11.336740044610693
6,39.0,58.017551570693875,-19.017551570693875
1,23.0,44.15223744749919,-21.15223744749919
7,58.0,60.79061439533281,-2.7906143953328097
6,74.0,58.017551570693875,15.982448429306125
9,95.0,66.33674004461069,28.663259955389307
7,64.0,60.79061439533281,3.2093856046671903
